{
  "type": "FeatureCollection",
  "features": [
    {
      "type": "Feature",
      "properties": {
        "name": "Děčín"
      },
      "geometry": {
        "type": "MultiPolygon",
        "coordinates": [
          [
            [
              [
                14.22372101735286,
                50.859512297565985
              ],
              [
                14.232626638160713,
                50.86966340202263
              ],
              [
                14.236125775427704,
                50.87647931010506
              ],
              [
                14.236738342315697,
                50.88271286502375
              ],
              [
                14.233586755757464,
                50.88802485622845
              ],
              [
                14.236798329856807,
                50.888355271774486
              ],
              [
                14.244382947221684,
                50.88682333805787
              ],
              [
                14.248902329746787,
                50.88814672937416
              ],
              [
                14.251798083355588,
                50.888240924996964
              ],
              [
                14.257540635065604,
                50.89016500406482
              ],
              [
                14.267654013021795,
                50.89573934309884
              ],
              [
                14.271990903858176,
                50.8956274356338
              ],
              [
                14.283277878282512,
                50.89264479087606
              ],
              [
                14.286614845738148,
                50.88876534551279
              ],
              [
                14.288744938467975,
                50.88792128174308
              ],
              [
                14.289504570700242,
                50.88643162847194
              ],
              [
                14.292678871861298,
                50.88552761461829
              ],
              [
                14.300622884704337,
                50.88514416198138
              ],
              [
                14.302785064547464,
                50.88436079147214
              ],
              [
                14.305139077945913,
                50.884383218493426
              ],
              [
                14.3084459474931,
                50.88605089381217
              ],
              [
                14.319619255848815,
                50.88929905245753
              ],
              [
                14.327157279468588,
                50.88991875736702
              ],
              [
                14.33478464362032,
                50.89112325088784
              ],
              [
                14.337212327601405,
                50.89070007673263
              ],
              [
                14.344231527288192,
                50.89323913024873
              ],
              [
                14.34936857634698,
                50.89312658549799
              ],
              [
                14.35067705083234,
                50.895754305251984
              ],
              [
                14.348691424509953,
                50.89826695784975
              ],
              [
                14.349677417261306,
                50.89943632360696
              ],
              [
                14.349415126355339,
                50.90120099383094
              ],
              [
                14.35225269650462,
                50.9009108441359
              ],
              [
                14.352390308386592,
                50.89960950549717
              ],
              [
                14.353001153039758,
                50.89980501821191
              ],
              [
                14.354607407085922,
                50.898643533048755
              ],
              [
                14.354786517541054,
                50.89907601729626
              ],
              [
                14.357013133201631,
                50.89857818574797
              ],
              [
                14.35879441765142,
                50.89997596540284
              ],
              [
                14.362972730883769,
                50.89782201292397
              ],
              [
                14.363883875907321,
                50.89818566559193
              ],
              [
                14.363822343692032,
                50.89779915109816
              ],
              [
                14.3675293785864,
                50.89777092679574
              ],
              [
                14.370213342046235,
                50.89691730188398
              ],
              [
                14.374068961493016,
                50.896639982147036
              ],
              [
                14.374970887183501,
                50.89692125018828
              ],
              [
                14.375375569455235,
                50.89841776665768
              ],
              [
                14.377371535504478,
                50.89776167146585
              ],
              [
                14.379004330028172,
                50.8987405015017
              ],
              [
                14.380925575283271,
                50.898070200631324
              ],
              [
                14.383533933087682,
                50.89968187070577
              ],
              [
                14.385965311661451,
                50.89920720313179
              ],
              [
                14.388226246322446,
                50.899625119839904
              ],
              [
                14.388686895873802,
                50.90067381534241
              ],
              [
                14.39035469968508,
                50.90295364976299
              ],
              [
                14.398383732716479,
                50.90179674905632
              ],
              [
                14.400369875867277,
                50.900184487511154
              ],
              [
                14.402781287692534,
                50.90037331543157
              ],
              [
                14.40508049827223,
                50.89980272835205
              ],
              [
                14.402313916028485,
                50.898070106057034
              ],
              [
                14.402336990063809,
                50.89646621944944
              ],
              [
                14.40416890896229,
                50.89575576302225
              ],
              [
                14.406952159009878,
                50.89313881476314
              ],
              [
                14.407364968075584,
                50.89005220071824
              ],
              [
                14.412495262159188,
                50.888858225473186
              ],
              [
                14.412644640085176,
                50.888045340412184
              ],
              [
                14.414695329830902,
                50.88717687468222
              ],
              [
                14.417855872461054,
                50.8880330686665
              ],
              [
                14.424178411605311,
                50.887824518938714
              ],
              [
                14.427095174436833,
                50.886428977225165
              ],
              [
                14.427152757949198,
                50.8835291016234
              ],
              [
                14.428764186128424,
                50.88262558929194
              ],
              [
                14.431357247479413,
                50.882255896211724
              ],
              [
                14.435319548996727,
                50.88279252336373
              ],
              [
                14.437299715307878,
                50.88194426960098
              ],
              [
                14.441742569859528,
                50.88181625259321
              ],
              [
                14.443146487199098,
                50.88092476760364
              ],
              [
                14.441748354062847,
                50.87998114233263
              ],
              [
                14.445968317675025,
                50.878621539084186
              ],
              [
                14.44581195158928,
                50.8769177172478
              ],
              [
                14.443499592889232,
                50.87640682754341
              ],
              [
                14.443968059813061,
                50.87546097119389
              ],
              [
                14.446412533459805,
                50.875112478282155
              ],
              [
                14.447732575807692,
                50.87390473881831
              ],
              [
                14.445585849889705,
                50.872105702127605
              ],
              [
                14.446218435443964,
                50.87083638692644
              ],
              [
                14.447857232432687,
                50.87037610629218
              ],
              [
                14.446371916276027,
                50.868662519644936
              ],
              [
                14.443780990545827,
                50.86817186952116
              ],
              [
                14.440831446222555,
                50.86855325371242
              ],
              [
                14.437377765635363,
                50.86686167662119
              ],
              [
                14.438321580353161,
                50.863850214988794
              ],
              [
                14.440476509346135,
                50.862606777680156
              ],
              [
                14.440951459489499,
                50.86124802520465
              ],
              [
                14.439788437936793,
                50.86049296048315
              ],
              [
                14.44002809005774,
                50.85961488584575
              ],
              [
                14.437274576442126,
                50.85946967281374
              ],
              [
                14.436674269151398,
                50.858728727340036
              ],
              [
                14.437799382099605,
                50.85816752223261
              ],
              [
                14.43260917835823,
                50.85629418530794
              ],
              [
                14.432197177065442,
                50.855404081161076
              ],
              [
                14.437715341258896,
                50.8562753942953
              ],
              [
                14.43907758275307,
                50.85788047377661
              ],
              [
                14.436987834974087,
                50.85883356221563
              ],
              [
                14.439595232579336,
                50.859389814993406
              ],
              [
                14.441973908447144,
                50.85869996162232
              ],
              [
                14.443647477817192,
                50.85737356831082
              ],
              [
                14.445238104954495,
                50.854433798501425
              ],
              [
                14.449174284665341,
                50.853739016302214
              ],
              [
                14.451205518896684,
                50.851750954344546
              ],
              [
                14.453177307967696,
                50.85242132534959
              ],
              [
                14.45817149777996,
                50.85178144124586
              ],
              [
                14.463498539399263,
                50.85253280330846
              ],
              [
                14.471700754751549,
                50.84871344291092
              ],
              [
                14.47547561013613,
                50.848883581782076
              ],
              [
                14.476096859792492,
                50.848037457091415
              ],
              [
                14.474811132445367,
                50.84654775285238
              ],
              [
                14.475630805940881,
                50.847057966150615
              ],
              [
                14.481523936393907,
                50.84207425798801
              ],
              [
                14.4817675422399,
                50.84265749295055
              ],
              [
                14.477948829500441,
                50.84587865641123
              ],
              [
                14.478386072791263,
                50.848094797916644
              ],
              [
                14.48062176249032,
                50.849450211401056
              ],
              [
                14.486230264817928,
                50.84904192617638
              ],
              [
                14.486562251385207,
                50.849636416498306
              ],
              [
                14.488587550840881,
                50.849473844068136
              ],
              [
                14.493058938859654,
                50.848466710949765
              ],
              [
                14.497306768970772,
                50.84643242939091
              ],
              [
                14.498243104059672,
                50.84523078303788
              ],
              [
                14.498085357359003,
                50.84322484485513
              ],
              [
                14.502064042718063,
                50.84302185116998
              ],
              [
                14.50355303034801,
                50.841978243082096
              ],
              [
                14.50588953884005,
                50.841775700216836
              ],
              [
                14.50821167250799,
                50.84358237512661
              ],
              [
                14.506893174805619,
                50.84446412102908
              ],
              [
                14.50730280504224,
                50.84613204541527
              ],
              [
                14.51261223636904,
                50.845003444915484
              ],
              [
                14.512868227727072,
                50.843072932494884
              ],
              [
                14.514256425574855,
                50.84299159592379
              ],
              [
                14.51533065521059,
                50.84387700715441
              ],
              [
                14.515030991379618,
                50.8452685827562
              ],
              [
                14.517248087675503,
                50.8462191797405
              ],
              [
                14.520182027803866,
                50.8490847759637
              ],
              [
                14.522934065644353,
                50.850589664946675
              ],
              [
                14.529125791646154,
                50.846954416502754
              ],
              [
                14.531477626899818,
                50.8463872622064
              ],
              [
                14.531416037357243,
                50.84578902154753
              ],
              [
                14.533884226113626,
                50.84637925046428
              ],
              [
                14.535979599605152,
                50.84554263276451
              ],
              [
                14.53874239691073,
                50.84595745356073
              ],
              [
                14.54382317173354,
                50.84543586730355
              ],
              [
                14.548976933650186,
                50.84712418855377
              ],
              [
                14.556139776273078,
                50.84552286467581
              ],
              [
                14.55674394188702,
                50.84463542946624
              ],
              [
                14.559201681945266,
                50.84447872375358
              ],
              [
                14.55974447921517,
                50.84363662588065
              ],
              [
                14.558999634733386,
                50.84251111257858
              ],
              [
                14.566935028434173,
                50.83682167631612
              ],
              [
                14.570703514549773,
                50.82976015394397
              ],
              [
                14.56933481640277,
                50.82891271099056
              ],
              [
                14.567177731075748,
                50.828634545327645
              ],
              [
                14.566670732080027,
                50.82755779187816
              ],
              [
                14.564269452689905,
                50.827314023553775
              ],
              [
                14.563428800193137,
                50.826492887377206
              ],
              [
                14.564142021564585,
                50.825221383907405
              ],
              [
                14.563296510923914,
                50.823445878902696
              ],
              [
                14.5648638940404,
                50.82158789611197
              ],
              [
                14.56425004072996,
                50.81952313747342
              ],
              [
                14.563387678424748,
                50.817313103621586
              ],
              [
                14.559606142245643,
                50.81424938516618
              ],
              [
                14.563620320531166,
                50.80765706216918
              ],
              [
                14.560926679343984,
                50.800242026698534
              ],
              [
                14.558823229964618,
                50.800119326314686
              ],
              [
                14.556287912648163,
                50.798996675609814
              ],
              [
                14.553948812129624,
                50.79927934523798
              ],
              [
                14.550739555529073,
                50.79769116780667
              ],
              [
                14.54374169261337,
                50.79649604714551
              ],
              [
                14.543452219833295,
                50.79762178645489
              ],
              [
                14.542294969639114,
                50.79786983713674
              ],
              [
                14.54253763387711,
                50.79585111653244
              ],
              [
                14.541095940158035,
                50.794662523818715
              ],
              [
                14.540152391805023,
                50.796072016307214
              ],
              [
                14.535859854536403,
                50.79734386116775
              ],
              [
                14.530050521045055,
                50.79729706132343
              ],
              [
                14.525875851369735,
                50.79576620079125
              ],
              [
                14.5234516581272,
                50.799139887881346
              ],
              [
                14.52220268359149,
                50.799532795836996
              ],
              [
                14.517751874500625,
                50.79888621651629
              ],
              [
                14.515741646160329,
                50.800212731891385
              ],
              [
                14.512815330000231,
                50.80023015641078
              ],
              [
                14.509896275152107,
                50.80149059958284
              ],
              [
                14.506431429293118,
                50.806478578029285
              ],
              [
                14.504139431501368,
                50.807349655134466
              ],
              [
                14.502756996494048,
                50.8070165759982
              ],
              [
                14.500701484561858,
                50.80865189585809
              ],
              [
                14.498801508847817,
                50.80879423750325
              ],
              [
                14.498036032996454,
                50.80969208080121
              ],
              [
                14.49703464239915,
                50.809683033651645
              ],
              [
                14.496855794876362,
                50.810942985978755
              ],
              [
                14.494452869668864,
                50.81200182433853
              ],
              [
                14.491195684981266,
                50.81227067882114
              ],
              [
                14.487755103534626,
                50.810572478184575
              ],
              [
                14.48839892916477,
                50.80985531340264
              ],
              [
                14.485310148296946,
                50.81074645114623
              ],
              [
                14.48063997836728,
                50.80894532863026
              ],
              [
                14.477842808784827,
                50.809385852250244
              ],
              [
                14.482329171818042,
                50.810163268034245
              ],
              [
                14.484519950970915,
                50.81147869024226
              ],
              [
                14.483018121155398,
                50.81301274738598
              ],
              [
                14.484073019440574,
                50.81649161879362
              ],
              [
                14.4811417052521,
                50.81485130868674
              ],
              [
                14.476407625739546,
                50.81669599283677
              ],
              [
                14.471444272323335,
                50.81494052704533
              ],
              [
                14.467468942470374,
                50.81479199708977
              ],
              [
                14.464828279175402,
                50.813580005326976
              ],
              [
                14.463771943055018,
                50.81209960448656
              ],
              [
                14.459833519041783,
                50.809544058697
              ],
              [
                14.457682459691883,
                50.811377255347985
              ],
              [
                14.455142720441009,
                50.811429332702126
              ],
              [
                14.45520903838287,
                50.81304678212644
              ],
              [
                14.451657829043393,
                50.81422948607702
              ],
              [
                14.449455653114759,
                50.81423638241857
              ],
              [
                14.448007876372829,
                50.81259348092216
              ],
              [
                14.443130444683645,
                50.811607146609155
              ],
              [
                14.448561192672978,
                50.81060096350075
              ],
              [
                14.447169596447486,
                50.80898759946574
              ],
              [
                14.447985920672293,
                50.808187694761514
              ],
              [
                14.450181266682858,
                50.8084280521559
              ],
              [
                14.449296080210136,
                50.80718219035564
              ],
              [
                14.446910304093917,
                50.80620863312331
              ],
              [
                14.449700251782497,
                50.80590721018513
              ],
              [
                14.453014739500649,
                50.80745018571711
              ],
              [
                14.456488071371565,
                50.806331040505356
              ],
              [
                14.455862916967769,
                50.805337470188995
              ],
              [
                14.454023868752538,
                50.80587444643746
              ],
              [
                14.452367552853861,
                50.805387559154305
              ],
              [
                14.451505319204381,
                50.803669803936195
              ],
              [
                14.450601532989149,
                50.80102302649581
              ],
              [
                14.453556598213053,
                50.798637404785794
              ],
              [
                14.453359210426242,
                50.79766582326529
              ],
              [
                14.451255297443211,
                50.7975867684318
              ],
              [
                14.451258020049565,
                50.79641644340823
              ],
              [
                14.448711367756983,
                50.79638559479587
              ],
              [
                14.453389621664797,
                50.79455420833676
              ],
              [
                14.45559940909425,
                50.795714361963825
              ],
              [
                14.456282260413392,
                50.793543463870996
              ],
              [
                14.457135934229006,
                50.793444603914615
              ],
              [
                14.459095718622368,
                50.79312008239863
              ],
              [
                14.458527209292791,
                50.792365612525714
              ],
              [
                14.455596571668856,
                50.79030430745895
              ],
              [
                14.449877230727289,
                50.788135289247556
              ],
              [
                14.448442444221856,
                50.78491019771223
              ],
              [
                14.452505818777416,
                50.78368709595496
              ],
              [
                14.455704014052577,
                50.78187921032128
              ],
              [
                14.458401505778037,
                50.778938495418735
              ],
              [
                14.457373972706616,
                50.77772782383435
              ],
              [
                14.452439158920551,
                50.77543960339706
              ],
              [
                14.451501050523863,
                50.77445095026329
              ],
              [
                14.451942998420312,
                50.77334312875839
              ],
              [
                14.448590454956756,
                50.771362220663434
              ],
              [
                14.445518649579919,
                50.772587919375965
              ],
              [
                14.438729120142344,
                50.77364114700608
              ],
              [
                14.432832544898606,
                50.77321338335802
              ],
              [
                14.434019552101171,
                50.771720080444396
              ],
              [
                14.428807119339604,
                50.76807328868584
              ],
              [
                14.426676964504951,
                50.76509969569987
              ],
              [
                14.427724750454935,
                50.76092539034534
              ],
              [
                14.425790999607488,
                50.75688588192633
              ],
              [
                14.42439297164984,
                50.75641404223927
              ],
              [
                14.424996939835296,
                50.755174767344656
              ],
              [
                14.422515479190903,
                50.7535091517973
              ],
              [
                14.422121626427469,
                50.7516992592413
              ],
              [
                14.422410721451916,
                50.750287423035495
              ],
              [
                14.418592548224595,
                50.74879467989286
              ],
              [
                14.419184288732101,
                50.74588553053152
              ],
              [
                14.417043683521817,
                50.74178974287715
              ],
              [
                14.431385692452874,
                50.73680308492998
              ],
              [
                14.427928850691822,
                50.73408532092682
              ],
              [
                14.417928604684858,
                50.73212884279006
              ],
              [
                14.416715584731595,
                50.7319158191497
              ],
              [
                14.416733701701048,
                50.73321356733086
              ],
              [
                14.416317764815432,
                50.73259448799405
              ],
              [
                14.414963983242622,
                50.73245953096346
              ],
              [
                14.416425774511731,
                50.73490179489159
              ],
              [
                14.41528211606041,
                50.734854527970654
              ],
              [
                14.41452594132032,
                50.7366332707899
              ],
              [
                14.414786952322633,
                50.74036744477707
              ],
              [
                14.412699637116384,
                50.73840744889775
              ],
              [
                14.40943842550703,
                50.73673772412063
              ],
              [
                14.410241277029101,
                50.73417814433897
              ],
              [
                14.404145143258637,
                50.72670057803228
              ],
              [
                14.402612563930548,
                50.72603547771341
              ],
              [
                14.398499154592118,
                50.72584534334409
              ],
              [
                14.389560049941895,
                50.72327149268241
              ],
              [
                14.376432374719867,
                50.72125300453924
              ],
              [
                14.376343293447706,
                50.71932882417539
              ],
              [
                14.372626781502435,
                50.714812240599954
              ],
              [
                14.374050855478925,
                50.7123356657054
              ],
              [
                14.374070035259287,
                50.70996521775016
              ],
              [
                14.372927881180221,
                50.709343703918535
              ],
              [
                14.372743563322631,
                50.708192594611766
              ],
              [
                14.370290053961943,
                50.70664561669877
              ],
              [
                14.368706436584269,
                50.706447305074065
              ],
              [
                14.367855666793929,
                50.705181474534314
              ],
              [
                14.368324475712631,
                50.704706086083576
              ],
              [
                14.367157719240376,
                50.700456333957554
              ],
              [
                14.367670684330413,
                50.698500396390855
              ],
              [
                14.377316928350549,
                50.69413711419329
              ],
              [
                14.379175941006071,
                50.69125557486527
              ],
              [
                14.373063430247068,
                50.68654536089511
              ],
              [
                14.364056319503725,
                50.68351662126117
              ],
              [
                14.35930658770037,
                50.681336765303016
              ],
              [
                14.356183571177864,
                50.6790914239696
              ],
              [
                14.354501019035409,
                50.67932773729046
              ],
              [
                14.352748221909554,
                50.67837258023523
              ],
              [
                14.345556809757566,
                50.67149239937793
              ],
              [
                14.343393833527289,
                50.66833318647873
              ],
              [
                14.342865212493031,
                50.65880706267938
              ],
              [
                14.345616317501719,
                50.65817167845689
              ],
              [
                14.347402938597412,
                50.656811801741334
              ],
              [
                14.351477549942977,
                50.65650616020331
              ],
              [
                14.350860045262694,
                50.653747599091055
              ],
              [
                14.347327808154263,
                50.65394615118345
              ],
              [
                14.34909037991233,
                50.650331740189884
              ],
              [
                14.345971981282705,
                50.65030285245572
              ],
              [
                14.341755937760977,
                50.649387071668
              ],
              [
                14.341938817624472,
                50.64999049062831
              ],
              [
                14.339687054198672,
                50.6504615813244
              ],
              [
                14.339534671160001,
                50.649172713129566
              ],
              [
                14.334627024341344,
                50.64907394871432
              ],
              [
                14.32630891052225,
                50.64590832720902
              ],
              [
                14.325059738803569,
                50.64375189574067
              ],
              [
                14.319754281056914,
                50.64529851345706
              ],
              [
                14.319972129214882,
                50.64688822027905
              ],
              [
                14.315875695315405,
                50.64686186058333
              ],
              [
                14.316104521486627,
                50.647760942396886
              ],
              [
                14.312836038797768,
                50.650685129180765
              ],
              [
                14.304220491377661,
                50.653871219741475
              ],
              [
                14.297514216900195,
                50.65361887419326
              ],
              [
                14.291012764463392,
                50.65459974611074
              ],
              [
                14.288044367194928,
                50.65375773697712
              ],
              [
                14.284967497358593,
                50.65371014225111
              ],
              [
                14.284624276212837,
                50.65313265820928
              ],
              [
                14.281752347096853,
                50.653958909330676
              ],
              [
                14.279272593735467,
                50.653864900352815
              ],
              [
                14.278341342612489,
                50.65179627097203
              ],
              [
                14.274593557158681,
                50.65154228376084
              ],
              [
                14.270516842000179,
                50.65235630069488
              ],
              [
                14.266444106673019,
                50.65459011495618
              ],
              [
                14.260357902436308,
                50.65493179667716
              ],
              [
                14.257060755653125,
                50.655861406785206
              ],
              [
                14.255589410405328,
                50.655059719370634
              ],
              [
                14.252167912092151,
                50.656100238186916
              ],
              [
                14.245986757626392,
                50.65670372229858
              ],
              [
                14.24031744022998,
                50.66215903613781
              ],
              [
                14.233636808824219,
                50.66609384499632
              ],
              [
                14.227505187315266,
                50.66907129537131
              ],
              [
                14.228193688620292,
                50.67072225133574
              ],
              [
                14.226553100852614,
                50.671071162768534
              ],
              [
                14.224862238543356,
                50.672427657041226
              ],
              [
                14.226168849586632,
                50.67341248406836
              ],
              [
                14.223066202791586,
                50.67432741840665
              ],
              [
                14.221592748277764,
                50.674046009843295
              ],
              [
                14.215964337339907,
                50.67618685797397
              ],
              [
                14.211491220955825,
                50.67676848090758
              ],
              [
                14.206166486483566,
                50.67633423856074
              ],
              [
                14.202903959461743,
                50.678849788578724
              ],
              [
                14.200131744082134,
                50.679712266538665
              ],
              [
                14.195719180481063,
                50.682660462684176
              ],
              [
                14.194030690623679,
                50.68644192699932
              ],
              [
                14.192154942121611,
                50.688102113018005
              ],
              [
                14.19925559541165,
                50.69298586742161
              ],
              [
                14.196975804384012,
                50.6943294415785
              ],
              [
                14.195522773585688,
                50.69446454245715
              ],
              [
                14.189843701324378,
                50.689823756199104
              ],
              [
                14.186385024581146,
                50.690844589364985
              ],
              [
                14.18485784968508,
                50.68911891966947
              ],
              [
                14.183209580052512,
                50.68944211294877
              ],
              [
                14.182463062514234,
                50.690183770839134
              ],
              [
                14.182623493054114,
                50.692216633887355
              ],
              [
                14.179345790746538,
                50.6950439471596
              ],
              [
                14.178788210395025,
                50.69643200514804
              ],
              [
                14.177033211164378,
                50.6966607943429
              ],
              [
                14.17728287576385,
                50.698111377103345
              ],
              [
                14.178546105376048,
                50.69842305385318
              ],
              [
                14.179443215004103,
                50.700344172628775
              ],
              [
                14.175918611255502,
                50.699606086648394
              ],
              [
                14.17238800051713,
                50.70037476463231
              ],
              [
                14.174050084694503,
                50.70055641872088
              ],
              [
                14.175526412284201,
                50.70175946820394
              ],
              [
                14.172720952972396,
                50.70244526701386
              ],
              [
                14.173967276157011,
                50.70455012902462
              ],
              [
                14.172299812998459,
                50.70669894231172
              ],
              [
                14.172800004131066,
                50.71023117187596
              ],
              [
                14.17088147807903,
                50.70891889045984
              ],
              [
                14.16793283565427,
                50.709656713108494
              ],
              [
                14.16739995744685,
                50.710374418909694
              ],
              [
                14.165577879659411,
                50.710238199742705
              ],
              [
                14.165317870125488,
                50.71086149854407
              ],
              [
                14.159443623477621,
                50.709088677957766
              ],
              [
                14.15929794428474,
                50.71021873873727
              ],
              [
                14.157530454632337,
                50.71069683983143
              ],
              [
                14.156881459431977,
                50.713256195937504
              ],
              [
                14.15342039107,
                50.714074054054095
              ],
              [
                14.152128577737114,
                50.71611927952419
              ],
              [
                14.151190462467111,
                50.7162163692855
              ],
              [
                14.149649003620343,
                50.71882487809603
              ],
              [
                14.144726460557493,
                50.71997538372386
              ],
              [
                14.144019668200018,
                50.7196002773648
              ],
              [
                14.143526319186169,
                50.720356599506744
              ],
              [
                14.141618936308538,
                50.720672876625414
              ],
              [
                14.139684658570712,
                50.72277966140413
              ],
              [
                14.134804988580496,
                50.724140030088336
              ],
              [
                14.131989655867686,
                50.72387444972955
              ],
              [
                14.130741780119937,
                50.72244802448768
              ],
              [
                14.12434418621709,
                50.720829281966786
              ],
              [
                14.119216570478939,
                50.718535109916225
              ],
              [
                14.113326859479102,
                50.72753104082805
              ],
              [
                14.110160441460907,
                50.73056776397599
              ],
              [
                14.107755198712772,
                50.73292579436192
              ],
              [
                14.108039523991643,
                50.73381468556403
              ],
              [
                14.100108290711901,
                50.73791392410326
              ],
              [
                14.098159222907126,
                50.740464828191186
              ],
              [
                14.095046384984894,
                50.741308071109216
              ],
              [
                14.091187049629058,
                50.74668938535679
              ],
              [
                14.09049063262202,
                50.74897350120096
              ],
              [
                14.088917109333329,
                50.749819732899645
              ],
              [
                14.076869105938798,
                50.748679896550286
              ],
              [
                14.067754389391766,
                50.74892077893934
              ],
              [
                14.066890988042543,
                50.74805959590675
              ],
              [
                14.065308436829095,
                50.74809476210161
              ],
              [
                14.068972046691083,
                50.75192748632235
              ],
              [
                14.071772810159572,
                50.756691402416045
              ],
              [
                14.070276680161326,
                50.76775135920105
              ],
              [
                14.074549423333625,
                50.7681965829554
              ],
              [
                14.076312987891166,
                50.77106159212761
              ],
              [
                14.077263012131748,
                50.776341567220975
              ],
              [
                14.082342756301228,
                50.78005646161029
              ],
              [
                14.080254973807648,
                50.779786236957754
              ],
              [
                14.07974906494284,
                50.778742723430724
              ],
              [
                14.076438935821022,
                50.778454354609764
              ],
              [
                14.06328743510254,
                50.778954214330064
              ],
              [
                14.056493071610815,
                50.778581630341115
              ],
              [
                14.0484265551751,
                50.77990834462106
              ],
              [
                14.04439096506467,
                50.78236018881069
              ],
              [
                14.043588301876461,
                50.78125236907603
              ],
              [
                14.041995320724164,
                50.783474286429154
              ],
              [
                14.043470030192637,
                50.78385699158019
              ],
              [
                14.043674928401925,
                50.784554673141926
              ],
              [
                14.039979474124458,
                50.787900679740595
              ],
              [
                14.041946213550599,
                50.79180273046395
              ],
              [
                14.045434412795407,
                50.79389307980076
              ],
              [
                14.043378338763594,
                50.7956549015829
              ],
              [
                14.046510514016548,
                50.800770950032934
              ],
              [
                14.05256139673925,
                50.801292112674915
              ],
              [
                14.048671251843963,
                50.80502537938165
              ],
              [
                14.048055822486027,
                50.809567390396424
              ],
              [
                14.049278371357248,
                50.81082883726201
              ],
              [
                14.058312251897332,
                50.812343456371266
              ],
              [
                14.0604952444229,
                50.81065884039799
              ],
              [
                14.063929844674226,
                50.81033986943802
              ],
              [
                14.070597425820804,
                50.811733195243484
              ],
              [
                14.072588456181093,
                50.81124154702497
              ],
              [
                14.078681623687377,
                50.81290610224477
              ],
              [
                14.077996542769952,
                50.81617761148548
              ],
              [
                14.079184327006509,
                50.819287732300005
              ],
              [
                14.083120456571445,
                50.821746553041145
              ],
              [
                14.084738749460872,
                50.822092947117966
              ],
              [
                14.084329942277392,
                50.82281784031264
              ],
              [
                14.085485973399335,
                50.82317961519254
              ],
              [
                14.086363656573218,
                50.824751892363174
              ],
              [
                14.089742789889005,
                50.8265063481828
              ],
              [
                14.095957626272359,
                50.827161798644084
              ],
              [
                14.099110539419137,
                50.826709786257624
              ],
              [
                14.102559911522494,
                50.82885755126523
              ],
              [
                14.107369710599016,
                50.83067996900602
              ],
              [
                14.11105797923337,
                50.82982138824975
              ],
              [
                14.114726841034184,
                50.830951856389525
              ],
              [
                14.116795859372875,
                50.83272960258395
              ],
              [
                14.12115310552755,
                50.833197188934385
              ],
              [
                14.127157871630637,
                50.834747732853366
              ],
              [
                14.133111139466248,
                50.83441208327436
              ],
              [
                14.144447461298968,
                50.84099947454271
              ],
              [
                14.148523665125492,
                50.84271861216711
              ],
              [
                14.15406985248214,
                50.84341440333314
              ],
              [
                14.161764166167913,
                50.848052732726096
              ],
              [
                14.171197906315156,
                50.84780762906714
              ],
              [
                14.17862379218935,
                50.84861970794557
              ],
              [
                14.18448554997291,
                50.85002476173881
              ],
              [
                14.191247895909672,
                50.850052808765106
              ],
              [
                14.195818505126205,
                50.85224511615801
              ],
              [
                14.200957894396124,
                50.851643978285324
              ],
              [
                14.205728108144454,
                50.85325267144311
              ],
              [
                14.207486981217002,
                50.855184730406826
              ],
              [
                14.21728578088165,
                50.860675463754795
              ],
              [
                14.21911900617639,
                50.86094720243922
              ],
              [
                14.22372101735286,
                50.859512297565985
              ]
            ]
          ]
        ]
      }
    },
    {
      "type": "Feature",
      "properties": {
        "name": "Rumburk"
      },
      "geometry": {
        "type": "MultiPolygon",
        "coordinates": [
          [
            [
              [
                14.28217627062122,
                51.01601665877264
              ],
              [
                14.279892824088707,
                51.017104541903535
              ],
              [
                14.280090832384754,
                51.01831031550348
              ],
              [
                14.277887884198277,
                51.01935225268334
              ],
              [
                14.286280805882996,
                51.0271014860642
              ],
              [
                14.286243177638934,
                51.031405372060156
              ],
              [
                14.285513255028606,
                51.03264354456613
              ],
              [
                14.284265422123097,
                51.03291558253349
              ],
              [
                14.281469362729732,
                51.03527735057114
              ],
              [
                14.28066743412397,
                51.03521056598023
              ],
              [
                14.28001153839398,
                51.0368217893462
              ],
              [
                14.276837570790278,
                51.03800601311794
              ],
              [
                14.273773255918679,
                51.03824977876585
              ],
              [
                14.274074578208259,
                51.0402249084554
              ],
              [
                14.286718680751665,
                51.038977641719605
              ],
              [
                14.289257929037893,
                51.03991349712591
              ],
              [
                14.290013026846879,
                51.04207839529926
              ],
              [
                14.292300167394288,
                51.044160186812164
              ],
              [
                14.291636643291902,
                51.04468664288743
              ],
              [
                14.292433110468714,
                51.04697529229891
              ],
              [
                14.295394483094363,
                51.04830975903545
              ],
              [
                14.296891622185003,
                51.05156000779743
              ],
              [
                14.301947373563017,
                51.05543200056039
              ],
              [
                14.308029313323129,
                51.055292316492434
              ],
              [
                14.315811702381147,
                51.05612997145214
              ],
              [
                14.317283198510651,
                51.05577442344697
              ],
              [
                14.318918679532592,
                51.05386936834982
              ],
              [
                14.326895204903245,
                51.04977083436336
              ],
              [
                14.327174803148882,
                51.047440164431045
              ],
              [
                14.330059229465837,
                51.045705815632
              ],
              [
                14.335244617635457,
                51.040064781999476
              ],
              [
                14.340364192954752,
                51.0389195998984
              ],
              [
                14.345356858961283,
                51.039452045949346
              ],
              [
                14.347055620189325,
                51.04188107420623
              ],
              [
                14.348574580668144,
                51.04195519839583
              ],
              [
                14.351355154754916,
                51.043292054838936
              ],
              [
                14.356803317051828,
                51.043632335956815
              ],
              [
                14.362196386725957,
                51.045756766986656
              ],
              [
                14.370250519340694,
                51.042288728010625
              ],
              [
                14.374257835015113,
                51.03905133266636
              ],
              [
                14.376490055817294,
                51.03969182530792
              ],
              [
                14.38290686193977,
                51.038962200194234
              ],
              [
                14.383740103958395,
                51.035198558835496
              ],
              [
                14.383439170833055,
                51.02881026396325
              ],
              [
                14.390173871949468,
                51.0245064815052
              ],
              [
                14.391972591754532,
                51.02420247521922
              ],
              [
                14.396237664064444,
                51.0227295752817
              ],
              [
                14.400962759998393,
                51.02250320241572
              ],
              [
                14.405424530338609,
                51.02136766719112
              ],
              [
                14.408792492470699,
                51.01920933852139
              ],
              [
                14.421056837746992,
                51.01976041119557
              ],
              [
                14.427344551113494,
                51.02282177552961
              ],
              [
                14.432245747423512,
                51.023831002275166
              ],
              [
                14.431807751332252,
                51.02510135970041
              ],
              [
                14.435385132193334,
                51.0274495469605
              ],
              [
                14.439605681492456,
                51.028947813219595
              ],
              [
                14.44969990277443,
                51.03502872405936
              ],
              [
                14.454054052966505,
                51.036370532393285
              ],
              [
                14.459949361259076,
                51.035499274548734
              ],
              [
                14.461335118656962,
                51.03602458868988
              ],
              [
                14.465908472724276,
                51.03577471725909
              ],
              [
                14.4706529860246,
                51.03136426239681
              ],
              [
                14.475600909678331,
                51.02995930510861
              ],
              [
                14.474636649097679,
                51.02596533034989
              ],
              [
                14.486120330444479,
                51.024020432517105
              ],
              [
                14.492940096696199,
                51.0238385531826
              ],
              [
                14.49385425224935,
                51.02785215327993
              ],
              [
                14.493126730112998,
                51.029932532841684
              ],
              [
                14.494545321115847,
                51.03619659024412
              ],
              [
                14.49098894589423,
                51.043981863990496
              ],
              [
                14.49602934531436,
                51.04476333229907
              ],
              [
                14.498650566603143,
                51.046711101581884
              ],
              [
                14.50038852487148,
                51.046976619586076
              ],
              [
                14.50456386292672,
                51.04450408188042
              ],
              [
                14.5052241315985,
                51.044783916003794
              ],
              [
                14.507540415355425,
                51.043567608195886
              ],
              [
                14.508624367385304,
                51.043736791272565
              ],
              [
                14.508825552493331,
                51.04313187246882
              ],
              [
                14.501954389494653,
                51.03279327453729
              ],
              [
                14.498821134019025,
                51.02251610338756
              ],
              [
                14.50615676828641,
                51.02082846282107
              ],
              [
                14.509805417395134,
                51.021112017732385
              ],
              [
                14.515837159198153,
                51.01985427656888
              ],
              [
                14.525442122730558,
                51.01903233259125
              ],
              [
                14.532411015308089,
                51.01700665230382
              ],
              [
                14.538651144658123,
                51.01300695468489
              ],
              [
                14.540013811735118,
                51.01084224709893
              ],
              [
                14.53491352712082,
                51.00917262108737
              ],
              [
                14.535333505729273,
                51.007896511625454
              ],
              [
                14.532821696518365,
                51.006186081074546
              ],
              [
                14.534979110915815,
                51.0041686250855
              ],
              [
                14.549839128582047,
                51.005783818172034
              ],
              [
                14.555863913264064,
                51.00764659323303
              ],
              [
                14.561176000503577,
                51.007374940819325
              ],
              [
                14.560688498679685,
                51.00820274267214
              ],
              [
                14.561604509946147,
                51.00898590847216
              ],
              [
                14.56477740891861,
                51.01059297193702
              ],
              [
                14.565904789984517,
                51.00987974717557
              ],
              [
                14.56771884042302,
                51.007989185051436
              ],
              [
                14.56662087797358,
                51.00656899777595
              ],
              [
                14.568560582624508,
                51.00498288448949
              ],
              [
                14.570411518617522,
                51.00470184745902
              ],
              [
                14.571499360551897,
                51.0035804816484
              ],
              [
                14.578966565025864,
                51.00078740383174
              ],
              [
                14.581724456138353,
                50.99399143640948
              ],
              [
                14.593545308530256,
                50.988160835477224
              ],
              [
                14.596408412579727,
                50.98732165772621
              ],
              [
                14.599298921140825,
                50.98760192042043
              ],
              [
                14.59864131726535,
                50.98115557980439
              ],
              [
                14.600875426228367,
                50.979839657480966
              ],
              [
                14.597348317950123,
                50.97467975387839
              ],
              [
                14.597064949355126,
                50.96954415765633
              ],
              [
                14.592396965135492,
                50.96716706555303
              ],
              [
                14.59380792425839,
                50.96669087200786
              ],
              [
                14.59638329117103,
                50.96315315254362
              ],
              [
                14.585556222425199,
                50.952095518826155
              ],
              [
                14.585533685325526,
                50.949524467762686
              ],
              [
                14.581956648231891,
                50.942812876807906
              ],
              [
                14.57730606463505,
                50.93999342106018
              ],
              [
                14.572226788344434,
                50.93794378597429
              ],
              [
                14.567851122044214,
                50.93376290666701
              ],
              [
                14.565984106359918,
                50.929927723850724
              ],
              [
                14.560737440288092,
                50.925507631887676
              ],
              [
                14.557047262778063,
                50.92649102037327
              ],
              [
                14.55557349015556,
                50.92775976075662
              ],
              [
                14.5537698343826,
                50.92748984899397
              ],
              [
                14.552081846723471,
                50.93037661661754
              ],
              [
                14.550328083228043,
                50.93060894818077
              ],
              [
                14.537961084362237,
                50.9229696969939
              ],
              [
                14.53742391620543,
                50.920381357322526
              ],
              [
                14.534122990237226,
                50.91903227761965
              ],
              [
                14.53174808282802,
                50.914459312498174
              ],
              [
                14.532272101751909,
                50.91320242543717
              ],
              [
                14.531298136583658,
                50.913850196248475
              ],
              [
                14.530040494227784,
                50.91312026033623
              ],
              [
                14.532546093526477,
                50.91158158514728
              ],
              [
                14.531554629059737,
                50.91073312546071
              ],
              [
                14.533789516212195,
                50.907220496817786
              ],
              [
                14.533400911788817,
                50.90451032877407
              ],
              [
                14.531289018226762,
                50.9036789699568
              ],
              [
                14.531021752972581,
                50.902615372362185
              ],
              [
                14.523684035722393,
                50.899919882528465
              ],
              [
                14.521909184179275,
                50.897101855863795
              ],
              [
                14.517010940251406,
                50.89546783275368
              ],
              [
                14.512082662892157,
                50.897173830970644
              ],
              [
                14.511089689804141,
                50.896473058750146
              ],
              [
                14.510650252041609,
                50.89709815550211
              ],
              [
                14.508948111410191,
                50.89737995732422
              ],
              [
                14.507201833004665,
                50.89708466624939
              ],
              [
                14.508774010921856,
                50.89609694609502
              ],
              [
                14.504964065326346,
                50.89232747100702
              ],
              [
                14.506053270868273,
                50.885144780027694
              ],
              [
                14.503550049617157,
                50.883040136003515
              ],
              [
                14.502507263667267,
                50.883593536473974
              ],
              [
                14.499792123909137,
                50.88144055933396
              ],
              [
                14.500881540601085,
                50.88092223641185
              ],
              [
                14.497923641683778,
                50.878423264835014
              ],
              [
                14.495952454788242,
                50.87918619573245
              ],
              [
                14.494413195394745,
                50.87900805037906
              ],
              [
                14.489684433881044,
                50.879103320851726
              ],
              [
                14.485657229615645,
                50.879893233927845
              ],
              [
                14.480084978223033,
                50.88189293120441
              ],
              [
                14.472799104279124,
                50.88220225961404
              ],
              [
                14.469324077007464,
                50.88154617540736
              ],
              [
                14.467068718546686,
                50.88018443460082
              ],
              [
                14.464028069714937,
                50.8800029320104
              ],
              [
                14.458969051749941,
                50.877584734471455
              ],
              [
                14.457446730110268,
                50.874677489309725
              ],
              [
                14.455218328541058,
                50.87440338669881
              ],
              [
                14.452389052897733,
                50.87308342152424
              ],
              [
                14.450822386000185,
                50.873544856522756
              ],
              [
                14.44752566100472,
                50.87337296300989
              ],
              [
                14.447732575807692,
                50.87390473881831
              ],
              [
                14.446412533459805,
                50.875112478282155
              ],
              [
                14.443968059813061,
                50.87546097119389
              ],
              [
                14.443499592889232,
                50.87640682754341
              ],
              [
                14.44581195158928,
                50.8769177172478
              ],
              [
                14.445968317675025,
                50.878621539084186
              ],
              [
                14.441748354062847,
                50.87998114233263
              ],
              [
                14.443146487199098,
                50.88092476760364
              ],
              [
                14.441742569859528,
                50.88181625259321
              ],
              [
                14.437299715307878,
                50.88194426960098
              ],
              [
                14.435319548996727,
                50.88279252336373
              ],
              [
                14.431357247479413,
                50.882255896211724
              ],
              [
                14.428764186128424,
                50.88262558929194
              ],
              [
                14.427152757949198,
                50.8835291016234
              ],
              [
                14.427095174436833,
                50.886428977225165
              ],
              [
                14.424178411605311,
                50.887824518938714
              ],
              [
                14.417855872461054,
                50.8880330686665
              ],
              [
                14.414695329830902,
                50.88717687468222
              ],
              [
                14.412644640085176,
                50.888045340412184
              ],
              [
                14.412495262159188,
                50.888858225473186
              ],
              [
                14.407364968075584,
                50.89005220071824
              ],
              [
                14.406952159009878,
                50.89313881476314
              ],
              [
                14.40416890896229,
                50.89575576302225
              ],
              [
                14.402336990063809,
                50.89646621944944
              ],
              [
                14.402313916028485,
                50.898070106057034
              ],
              [
                14.40508049827223,
                50.89980272835205
              ],
              [
                14.402781287692534,
                50.90037331543157
              ],
              [
                14.400369875867277,
                50.900184487511154
              ],
              [
                14.398383732716479,
                50.90179674905632
              ],
              [
                14.39035469968508,
                50.90295364976299
              ],
              [
                14.388686895873802,
                50.90067381534241
              ],
              [
                14.38765450436094,
                50.90231534182866
              ],
              [
                14.386176128551456,
                50.90304056280423
              ],
              [
                14.38777067226558,
                50.903627434668955
              ],
              [
                14.38896131144916,
                50.908876607348375
              ],
              [
                14.387350858912345,
                50.9105867630114
              ],
              [
                14.387984974287681,
                50.9118202683745
              ],
              [
                14.386123909283898,
                50.913082070427826
              ],
              [
                14.387057671963547,
                50.9144493431947
              ],
              [
                14.38589452480639,
                50.91699377656843
              ],
              [
                14.386646390776821,
                50.91736145170115
              ],
              [
                14.388037048973096,
                50.91682635179336
              ],
              [
                14.389965880657284,
                50.91698152658155
              ],
              [
                14.388881403531029,
                50.919283756382434
              ],
              [
                14.391936088521826,
                50.918231152357286
              ],
              [
                14.394520673921958,
                50.918539788797105
              ],
              [
                14.394903393304087,
                50.91955631232969
              ],
              [
                14.391784105148265,
                50.92040500393781
              ],
              [
                14.391750225067462,
                50.92112660760055
              ],
              [
                14.394343386435116,
                50.9209703063685
              ],
              [
                14.398475382157946,
                50.923282569664
              ],
              [
                14.402356616791112,
                50.92429449556928
              ],
              [
                14.400581599919025,
                50.9270996738605
              ],
              [
                14.401494636704754,
                50.92842022170176
              ],
              [
                14.400258048937449,
                50.92889006332798
              ],
              [
                14.399492287470474,
                50.930582772777626
              ],
              [
                14.400956618660338,
                50.93367363176581
              ],
              [
                14.398516216126055,
                50.93474139033504
              ],
              [
                14.397205341212539,
                50.936804552655055
              ],
              [
                14.39190835359077,
                50.93877261699678
              ],
              [
                14.387537054482875,
                50.94230370376821
              ],
              [
                14.38663221840087,
                50.941121594086475
              ],
              [
                14.37921229604089,
                50.940054042163354
              ],
              [
                14.378386676641757,
                50.939386365951535
              ],
              [
                14.37607986644531,
                50.93937794054053
              ],
              [
                14.373998055564131,
                50.93852588368842
              ],
              [
                14.369643292820172,
                50.93979020713038
              ],
              [
                14.36956284013834,
                50.94270074738554
              ],
              [
                14.360938629160197,
                50.941824030431974
              ],
              [
                14.361332644678686,
                50.94313361326138
              ],
              [
                14.35750995566465,
                50.94466194308804
              ],
              [
                14.34895007738603,
                50.9456265170191
              ],
              [
                14.346780971134597,
                50.947120114081194
              ],
              [
                14.347631513530464,
                50.94844586242008
              ],
              [
                14.346084386374981,
                50.94894086678973
              ],
              [
                14.339737267896869,
                50.95021432243794
              ],
              [
                14.335486412201455,
                50.949923429606194
              ],
              [
                14.33456478845588,
                50.94932567641816
              ],
              [
                14.331578383416199,
                50.95004112707392
              ],
              [
                14.326727352897942,
                50.949944143407336
              ],
              [
                14.31831503309605,
                50.952345200036966
              ],
              [
                14.316464354385493,
                50.952342666323844
              ],
              [
                14.311662985898012,
                50.954436855420106
              ],
              [
                14.310774757807271,
                50.95536947316764
              ],
              [
                14.311228728812155,
                50.95596311441393
              ],
              [
                14.317807542471147,
                50.95862903601225
              ],
              [
                14.317218050320369,
                50.96104574278912
              ],
              [
                14.306587337700353,
                50.9633446005328
              ],
              [
                14.302793859881964,
                50.965684368215136
              ],
              [
                14.305609221774494,
                50.96777356090965
              ],
              [
                14.309231313404723,
                50.96877867599481
              ],
              [
                14.313017830312601,
                50.97246683512256
              ],
              [
                14.315709026630692,
                50.97357222441855
              ],
              [
                14.317333925323684,
                50.973650900128426
              ],
              [
                14.320991944294068,
                50.97255188190841
              ],
              [
                14.323234850777258,
                50.973047494990475
              ],
              [
                14.326545391472884,
                50.97271327128194
              ],
              [
                14.328404450400889,
                50.97352324777114
              ],
              [
                14.329195238757338,
                50.97515805282376
              ],
              [
                14.326249614918536,
                50.9778143150623
              ],
              [
                14.326242347928437,
                50.979499161515534
              ],
              [
                14.326720485197917,
                50.98107254492837
              ],
              [
                14.32993132586197,
                50.982619002866215
              ],
              [
                14.323701790199774,
                50.98581651176378
              ],
              [
                14.318860458359692,
                50.98579499074563
              ],
              [
                14.316469030664933,
                50.98498394075693
              ],
              [
                14.312550230084353,
                50.98526051052419
              ],
              [
                14.309280429571494,
                50.983796309882976
              ],
              [
                14.307497530253148,
                50.98268635046664
              ],
              [
                14.30122097386854,
                50.98094851193126
              ],
              [
                14.298903797000452,
                50.97949123875116
              ],
              [
                14.29487315872219,
                50.9787684094106
              ],
              [
                14.288005646383422,
                50.9786949204329
              ],
              [
                14.285918639153822,
                50.9773458079806
              ],
              [
                14.282259024408795,
                50.978433815865266
              ],
              [
                14.280828161834446,
                50.980455171631476
              ],
              [
                14.277766819277398,
                50.98253671125032
              ],
              [
                14.27213319153583,
                50.98428197228387
              ],
              [
                14.263456609699322,
                50.98568286751696
              ],
              [
                14.263285669939059,
                50.98688797284076
              ],
              [
                14.258900462893724,
                50.98796557759162
              ],
              [
                14.258804359562264,
                50.99248914241391
              ],
              [
                14.262368625565728,
                50.994689436168834
              ],
              [
                14.26292600358658,
                50.99635164662545
              ],
              [
                14.26669915491681,
                50.99960019675139
              ],
              [
                14.268505241833276,
                50.999571637572956
              ],
              [
                14.26894854823552,
                51.00047126341191
              ],
              [
                14.265281090906221,
                51.002136653566836
              ],
              [
                14.262509660552096,
                51.00435034243432
              ],
              [
                14.260760245677343,
                51.00925235131172
              ],
              [
                14.265570955477678,
                51.00858193168585
              ],
              [
                14.278844474301309,
                51.01380690426816
              ],
              [
                14.28217627062122,
                51.01601665877264
              ]
            ]
          ]
        ]
      }
    },
    {
      "type": "Feature",
      "properties": {
        "name": "Varnsdorf"
      },
      "geometry": {
        "type": "MultiPolygon",
        "coordinates": [
          [
            [
              [
                14.537961084362237,
                50.9229696969939
              ],
              [
                14.550328083228043,
                50.93060894818077
              ],
              [
                14.552081846723471,
                50.93037661661754
              ],
              [
                14.5537698343826,
                50.92748984899397
              ],
              [
                14.55557349015556,
                50.92775976075662
              ],
              [
                14.557047262778063,
                50.92649102037327
              ],
              [
                14.560737440288092,
                50.925507631887676
              ],
              [
                14.562275043499413,
                50.924222636360625
              ],
              [
                14.564877670692844,
                50.91880400665844
              ],
              [
                14.578112033071804,
                50.916359792678755
              ],
              [
                14.58225940275159,
                50.91503336817051
              ],
              [
                14.581342177163435,
                50.91408273624285
              ],
              [
                14.582182159868191,
                50.91396131519201
              ],
              [
                14.584690647441596,
                50.91578478638978
              ],
              [
                14.589032503673765,
                50.91734307786711
              ],
              [
                14.591717035016641,
                50.91770155360407
              ],
              [
                14.593610875588672,
                50.91677150890311
              ],
              [
                14.601776513115627,
                50.92123134198918
              ],
              [
                14.60580103677183,
                50.92140164929602
              ],
              [
                14.612477214607228,
                50.92274991453058
              ],
              [
                14.617308633424853,
                50.92599943166386
              ],
              [
                14.628394273350803,
                50.925917381942405
              ],
              [
                14.639975882806144,
                50.930742885233016
              ],
              [
                14.645009710433243,
                50.93201374513617
              ],
              [
                14.650426586290804,
                50.931949774247286
              ],
              [
                14.650805388143946,
                50.929112195086184
              ],
              [
                14.652506844643083,
                50.92633989175907
              ],
              [
                14.651842827690125,
                50.91259066833847
              ],
              [
                14.653058589590636,
                50.9058481234824
              ],
              [
                14.647402226148273,
                50.9044265727697
              ],
              [
                14.63748414366489,
                50.89890859265482
              ],
              [
                14.635414431705483,
                50.8947840271572
              ],
              [
                14.633917499987819,
                50.887699769203714
              ],
              [
                14.632900900630602,
                50.883729795805365
              ],
              [
                14.629511710125731,
                50.88058144004181
              ],
              [
                14.62489216931876,
                50.87161114191318
              ],
              [
                14.624379180535083,
                50.86884780052878
              ],
              [
                14.61920466087627,
                50.864977983900346
              ],
              [
                14.62031150274687,
                50.86074910318196
              ],
              [
                14.619141637191547,
                50.85818450384789
              ],
              [
                14.610034977415818,
                50.847212190873954
              ],
              [
                14.608554174790237,
                50.84372873304477
              ],
              [
                14.604163197408333,
                50.84160679275584
              ],
              [
                14.59992516528219,
                50.84136375909542
              ],
              [
                14.596261467055873,
                50.84041812259329
              ],
              [
                14.59331647445142,
                50.839334878084024
              ],
              [
                14.592241011695076,
                50.83822224085808
              ],
              [
                14.575428628003792,
                50.83958424041034
              ],
              [
                14.570052386904687,
                50.83943270080628
              ],
              [
                14.567535642372114,
                50.83856710997355
              ],
              [
                14.566935028434173,
                50.83682167631612
              ],
              [
                14.558999634733386,
                50.84251111257858
              ],
              [
                14.55974447921517,
                50.84363662588065
              ],
              [
                14.559201681945266,
                50.84447872375358
              ],
              [
                14.55674394188702,
                50.84463542946624
              ],
              [
                14.556139776273078,
                50.84552286467581
              ],
              [
                14.548976933650186,
                50.84712418855377
              ],
              [
                14.54382317173354,
                50.84543586730355
              ],
              [
                14.53874239691073,
                50.84595745356073
              ],
              [
                14.535979599605152,
                50.84554263276451
              ],
              [
                14.533884226113626,
                50.84637925046428
              ],
              [
                14.531416037357243,
                50.84578902154753
              ],
              [
                14.531477626899818,
                50.8463872622064
              ],
              [
                14.529125791646154,
                50.846954416502754
              ],
              [
                14.522934065644353,
                50.850589664946675
              ],
              [
                14.520182027803866,
                50.8490847759637
              ],
              [
                14.517248087675503,
                50.8462191797405
              ],
              [
                14.515030991379618,
                50.8452685827562
              ],
              [
                14.51533065521059,
                50.84387700715441
              ],
              [
                14.514256425574855,
                50.84299159592379
              ],
              [
                14.512868227727072,
                50.843072932494884
              ],
              [
                14.51261223636904,
                50.845003444915484
              ],
              [
                14.50730280504224,
                50.84613204541527
              ],
              [
                14.506893174805619,
                50.84446412102908
              ],
              [
                14.50821167250799,
                50.84358237512661
              ],
              [
                14.50588953884005,
                50.841775700216836
              ],
              [
                14.50355303034801,
                50.841978243082096
              ],
              [
                14.502064042718063,
                50.84302185116998
              ],
              [
                14.498085357359003,
                50.84322484485513
              ],
              [
                14.498243104059672,
                50.84523078303788
              ],
              [
                14.497306768970772,
                50.84643242939091
              ],
              [
                14.493058938859654,
                50.848466710949765
              ],
              [
                14.488587550840881,
                50.849473844068136
              ],
              [
                14.486562251385207,
                50.849636416498306
              ],
              [
                14.486230264817928,
                50.84904192617638
              ],
              [
                14.48062176249032,
                50.849450211401056
              ],
              [
                14.478386072791263,
                50.848094797916644
              ],
              [
                14.477948829500441,
                50.84587865641123
              ],
              [
                14.4817675422399,
                50.84265749295055
              ],
              [
                14.481523936393907,
                50.84207425798801
              ],
              [
                14.475630805940881,
                50.847057966150615
              ],
              [
                14.474811132445367,
                50.84654775285238
              ],
              [
                14.476096859792492,
                50.848037457091415
              ],
              [
                14.47547561013613,
                50.848883581782076
              ],
              [
                14.471700754751549,
                50.84871344291092
              ],
              [
                14.463498539399263,
                50.85253280330846
              ],
              [
                14.45817149777996,
                50.85178144124586
              ],
              [
                14.453177307967696,
                50.85242132534959
              ],
              [
                14.451205518896684,
                50.851750954344546
              ],
              [
                14.449174284665341,
                50.853739016302214
              ],
              [
                14.445238104954495,
                50.854433798501425
              ],
              [
                14.443647477817192,
                50.85737356831082
              ],
              [
                14.441973908447144,
                50.85869996162232
              ],
              [
                14.439595232579336,
                50.859389814993406
              ],
              [
                14.436987834974087,
                50.85883356221563
              ],
              [
                14.43907758275307,
                50.85788047377661
              ],
              [
                14.437715341258896,
                50.8562753942953
              ],
              [
                14.432197177065442,
                50.855404081161076
              ],
              [
                14.43260917835823,
                50.85629418530794
              ],
              [
                14.437799382099605,
                50.85816752223261
              ],
              [
                14.436674269151398,
                50.858728727340036
              ],
              [
                14.437274576442126,
                50.85946967281374
              ],
              [
                14.44002809005774,
                50.85961488584575
              ],
              [
                14.439788437936793,
                50.86049296048315
              ],
              [
                14.440951459489499,
                50.86124802520465
              ],
              [
                14.440476509346135,
                50.862606777680156
              ],
              [
                14.438321580353161,
                50.863850214988794
              ],
              [
                14.437377765635363,
                50.86686167662119
              ],
              [
                14.440831446222555,
                50.86855325371242
              ],
              [
                14.443780990545827,
                50.86817186952116
              ],
              [
                14.446371916276027,
                50.868662519644936
              ],
              [
                14.447857232432687,
                50.87037610629218
              ],
              [
                14.446218435443964,
                50.87083638692644
              ],
              [
                14.445585849889705,
                50.872105702127605
              ],
              [
                14.447732575807692,
                50.87390473881831
              ],
              [
                14.44752566100472,
                50.87337296300989
              ],
              [
                14.450822386000185,
                50.873544856522756
              ],
              [
                14.452389052897733,
                50.87308342152424
              ],
              [
                14.455218328541058,
                50.87440338669881
              ],
              [
                14.457446730110268,
                50.874677489309725
              ],
              [
                14.458969051749941,
                50.877584734471455
              ],
              [
                14.464028069714937,
                50.8800029320104
              ],
              [
                14.467068718546686,
                50.88018443460082
              ],
              [
                14.469324077007464,
                50.88154617540736
              ],
              [
                14.472799104279124,
                50.88220225961404
              ],
              [
                14.480084978223033,
                50.88189293120441
              ],
              [
                14.485657229615645,
                50.879893233927845
              ],
              [
                14.489684433881044,
                50.879103320851726
              ],
              [
                14.494413195394745,
                50.87900805037906
              ],
              [
                14.495952454788242,
                50.87918619573245
              ],
              [
                14.497923641683778,
                50.878423264835014
              ],
              [
                14.500881540601085,
                50.88092223641185
              ],
              [
                14.499792123909137,
                50.88144055933396
              ],
              [
                14.502507263667267,
                50.883593536473974
              ],
              [
                14.503550049617157,
                50.883040136003515
              ],
              [
                14.506053270868273,
                50.885144780027694
              ],
              [
                14.504964065326346,
                50.89232747100702
              ],
              [
                14.508774010921856,
                50.89609694609502
              ],
              [
                14.507201833004665,
                50.89708466624939
              ],
              [
                14.508948111410191,
                50.89737995732422
              ],
              [
                14.510650252041609,
                50.89709815550211
              ],
              [
                14.511089689804141,
                50.896473058750146
              ],
              [
                14.512082662892157,
                50.897173830970644
              ],
              [
                14.517010940251406,
                50.89546783275368
              ],
              [
                14.521909184179275,
                50.897101855863795
              ],
              [
                14.523684035722393,
                50.899919882528465
              ],
              [
                14.531021752972581,
                50.902615372362185
              ],
              [
                14.531289018226762,
                50.9036789699568
              ],
              [
                14.533400911788817,
                50.90451032877407
              ],
              [
                14.533789516212195,
                50.907220496817786
              ],
              [
                14.531554629059737,
                50.91073312546071
              ],
              [
                14.532546093526477,
                50.91158158514728
              ],
              [
                14.530040494227784,
                50.91312026033623
              ],
              [
                14.531298136583658,
                50.913850196248475
              ],
              [
                14.532272101751909,
                50.91320242543717
              ],
              [
                14.53174808282802,
                50.914459312498174
              ],
              [
                14.534122990237226,
                50.91903227761965
              ],
              [
                14.53742391620543,
                50.920381357322526
              ],
              [
                14.537961084362237,
                50.9229696969939
              ]
            ]
          ]
        ]
      }
    },
    {
      "type": "Feature",
      "properties": {
        "name": "Litoměřice"
      },
      "geometry": {
        "type": "MultiPolygon",
        "coordinates": [
          [
            [
              [
                14.233636808824219,
                50.66609384499632
              ],
              [
                14.24031744022998,
                50.66215903613781
              ],
              [
                14.245986757626392,
                50.65670372229858
              ],
              [
                14.252167912092151,
                50.656100238186916
              ],
              [
                14.255589410405328,
                50.655059719370634
              ],
              [
                14.257060755653125,
                50.655861406785206
              ],
              [
                14.260357902436308,
                50.65493179667716
              ],
              [
                14.266444106673019,
                50.65459011495618
              ],
              [
                14.270516842000179,
                50.65235630069488
              ],
              [
                14.274593557158681,
                50.65154228376084
              ],
              [
                14.278341342612489,
                50.65179627097203
              ],
              [
                14.279272593735467,
                50.653864900352815
              ],
              [
                14.281752347096853,
                50.653958909330676
              ],
              [
                14.284624276212837,
                50.65313265820928
              ],
              [
                14.284967497358593,
                50.65371014225111
              ],
              [
                14.288044367194928,
                50.65375773697712
              ],
              [
                14.291012764463392,
                50.65459974611074
              ],
              [
                14.297514216900195,
                50.65361887419326
              ],
              [
                14.304220491377661,
                50.653871219741475
              ],
              [
                14.312836038797768,
                50.650685129180765
              ],
              [
                14.316104521486627,
                50.647760942396886
              ],
              [
                14.315875695315405,
                50.64686186058333
              ],
              [
                14.319972129214882,
                50.64688822027905
              ],
              [
                14.319754281056914,
                50.64529851345706
              ],
              [
                14.325059738803569,
                50.64375189574067
              ],
              [
                14.32630891052225,
                50.64590832720902
              ],
              [
                14.334627024341344,
                50.64907394871432
              ],
              [
                14.339534671160001,
                50.649172713129566
              ],
              [
                14.339687054198672,
                50.6504615813244
              ],
              [
                14.341938817624472,
                50.64999049062831
              ],
              [
                14.341755937760977,
                50.649387071668
              ],
              [
                14.345971981282705,
                50.65030285245572
              ],
              [
                14.34909037991233,
                50.650331740189884
              ],
              [
                14.347327808154263,
                50.65394615118345
              ],
              [
                14.350860045262694,
                50.653747599091055
              ],
              [
                14.351477549942977,
                50.65650616020331
              ],
              [
                14.357825260041778,
                50.6567090165107
              ],
              [
                14.360126060175967,
                50.65804817769221
              ],
              [
                14.36282681702723,
                50.65711902388193
              ],
              [
                14.360806636799138,
                50.65535773055511
              ],
              [
                14.362036459944663,
                50.655094466232775
              ],
              [
                14.361766687067613,
                50.65459517934309
              ],
              [
                14.359481715758049,
                50.653117032311215
              ],
              [
                14.36078486707749,
                50.64928785069501
              ],
              [
                14.359485792564545,
                50.64842870548578
              ],
              [
                14.360130473492806,
                50.64753604948869
              ],
              [
                14.36152717286872,
                50.64778201688524
              ],
              [
                14.365219134884287,
                50.64151704296417
              ],
              [
                14.366183612594053,
                50.63624555791937
              ],
              [
                14.364251575088822,
                50.63337489339013
              ],
              [
                14.363135048084285,
                50.63374185119405
              ],
              [
                14.362844562029334,
                50.631857983917804
              ],
              [
                14.360841436108055,
                50.63101670701794
              ],
              [
                14.359247688164148,
                50.6287011636921
              ],
              [
                14.366025757152922,
                50.626534532818
              ],
              [
                14.37002002815252,
                50.62360824644279
              ],
              [
                14.368535386611576,
                50.62096065707564
              ],
              [
                14.367310819078739,
                50.6203792627738
              ],
              [
                14.377324961304323,
                50.61606273756886
              ],
              [
                14.38222334040209,
                50.610193050077136
              ],
              [
                14.381858632417812,
                50.608704236462586
              ],
              [
                14.383203255167272,
                50.60470532800548
              ],
              [
                14.380223703921125,
                50.601406468171234
              ],
              [
                14.386426607506733,
                50.59981760344531
              ],
              [
                14.38737668412203,
                50.59769807379183
              ],
              [
                14.391968543094952,
                50.59469435519095
              ],
              [
                14.391879508167273,
                50.593695620888276
              ],
              [
                14.39063014302476,
                50.59299009656644
              ],
              [
                14.391688155501322,
                50.59174435559815
              ],
              [
                14.394936306294685,
                50.590695757095624
              ],
              [
                14.399322544976659,
                50.59039775152382
              ],
              [
                14.405743352300853,
                50.587775754582125
              ],
              [
                14.404036603415838,
                50.58507605079751
              ],
              [
                14.405436364827914,
                50.584363421533716
              ],
              [
                14.405538229229132,
                50.583564144384695
              ],
              [
                14.408332861756879,
                50.58323702583253
              ],
              [
                14.408171342851531,
                50.5827398025779
              ],
              [
                14.404387408608141,
                50.58331779398242
              ],
              [
                14.403046251589974,
                50.58228426242175
              ],
              [
                14.408478503932427,
                50.5817918279702
              ],
              [
                14.408746646959363,
                50.579923322538676
              ],
              [
                14.412104924125162,
                50.576630365036365
              ],
              [
                14.412052020295244,
                50.573876590617466
              ],
              [
                14.41450053580609,
                50.57452388066984
              ],
              [
                14.415830531243985,
                50.573898339388435
              ],
              [
                14.412717535976276,
                50.57275286106825
              ],
              [
                14.413228336518674,
                50.57129004895905
              ],
              [
                14.416352228380925,
                50.56873568631994
              ],
              [
                14.415562359841019,
                50.566134020553044
              ],
              [
                14.41899607520592,
                50.565478188727035
              ],
              [
                14.418322044817822,
                50.56284640850674
              ],
              [
                14.420907420272206,
                50.55972289287052
              ],
              [
                14.418135091487349,
                50.55842411772026
              ],
              [
                14.418008866617463,
                50.55742652962881
              ],
              [
                14.418903883238363,
                50.55645068673885
              ],
              [
                14.422700283823989,
                50.5556824097857
              ],
              [
                14.421639347083383,
                50.55387239445628
              ],
              [
                14.423000766273935,
                50.55393989707886
              ],
              [
                14.423891416610546,
                50.55534666705745
              ],
              [
                14.425535941830903,
                50.55513757326779
              ],
              [
                14.427654871203401,
                50.55094903598172
              ],
              [
                14.430647716653452,
                50.548778728750925
              ],
              [
                14.432231363729455,
                50.548964149043606
              ],
              [
                14.430160562271483,
                50.54799475632896
              ],
              [
                14.431597298479055,
                50.54668099140328
              ],
              [
                14.432877905680382,
                50.54614357693345
              ],
              [
                14.435155303807159,
                50.546374648193826
              ],
              [
                14.436738779574554,
                50.54539328777326
              ],
              [
                14.435627462018003,
                50.54383482111045
              ],
              [
                14.437183464283036,
                50.5436417198067
              ],
              [
                14.436130472408118,
                50.5421424445198
              ],
              [
                14.434095868661293,
                50.54178090748468
              ],
              [
                14.433725604709016,
                50.54095881470225
              ],
              [
                14.437044384889674,
                50.54139812043059
              ],
              [
                14.439507520932102,
                50.54166625665826
              ],
              [
                14.439489942628285,
                50.540355633001944
              ],
              [
                14.44064618657214,
                50.539486761222996
              ],
              [
                14.43922656346152,
                50.5388086111134
              ],
              [
                14.436756606469743,
                50.53545360555724
              ],
              [
                14.438763474103718,
                50.53414025854359
              ],
              [
                14.440958438955665,
                50.53427548427708
              ],
              [
                14.441575838346358,
                50.532940305984965
              ],
              [
                14.443402479642002,
                50.53449507528969
              ],
              [
                14.4439381519839,
                50.53418749684413
              ],
              [
                14.443085080164668,
                50.532698058358676
              ],
              [
                14.440051611522284,
                50.53048400921223
              ],
              [
                14.441148610451378,
                50.529873126259304
              ],
              [
                14.446471239526746,
                50.52950801739381
              ],
              [
                14.448010888070456,
                50.52871847098196
              ],
              [
                14.452596773801726,
                50.52825381095995
              ],
              [
                14.455075490345198,
                50.52894671410311
              ],
              [
                14.456913631529641,
                50.52828351640287
              ],
              [
                14.456436241285454,
                50.527694800377105
              ],
              [
                14.458939415362273,
                50.52725321452442
              ],
              [
                14.460192086541465,
                50.52621722862259
              ],
              [
                14.460945754560482,
                50.52686645013969
              ],
              [
                14.460122947503832,
                50.5276444539934
              ],
              [
                14.462595505977554,
                50.52767814390555
              ],
              [
                14.466498137533709,
                50.52656637141812
              ],
              [
                14.469559944428775,
                50.527415125639806
              ],
              [
                14.470625667830067,
                50.52712576305101
              ],
              [
                14.470059208141615,
                50.526869527158595
              ],
              [
                14.473316136251146,
                50.52558812754241
              ],
              [
                14.470840906530604,
                50.52473912267033
              ],
              [
                14.475926264292266,
                50.523480309554024
              ],
              [
                14.474914912815985,
                50.521185115886496
              ],
              [
                14.476695618908568,
                50.516321593578226
              ],
              [
                14.480651238864228,
                50.51611674951021
              ],
              [
                14.480893674547444,
                50.51482871613658
              ],
              [
                14.479998682872473,
                50.51394381194045
              ],
              [
                14.481460115159885,
                50.51247789885078
              ],
              [
                14.48392731898079,
                50.51189145402412
              ],
              [
                14.482622231192876,
                50.510996581482026
              ],
              [
                14.484040885135897,
                50.50892106071687
              ],
              [
                14.485320314879994,
                50.50879787226116
              ],
              [
                14.487182884188785,
                50.506730815200335
              ],
              [
                14.48664978680907,
                50.50540902315642
              ],
              [
                14.482359651501511,
                50.50691885266198
              ],
              [
                14.476538189819523,
                50.50779387229418
              ],
              [
                14.473445035173135,
                50.50959986898778
              ],
              [
                14.469493571264444,
                50.50977157661136
              ],
              [
                14.47417768951238,
                50.49972896338057
              ],
              [
                14.47105950790802,
                50.49855039482913
              ],
              [
                14.468925844911572,
                50.499342148394526
              ],
              [
                14.46358033449077,
                50.49945179355577
              ],
              [
                14.45938208037572,
                50.49773793823638
              ],
              [
                14.456229304078251,
                50.497740740843334
              ],
              [
                14.455064499606943,
                50.49692317102413
              ],
              [
                14.456452403002382,
                50.494247487920305
              ],
              [
                14.459548891208124,
                50.49350920794217
              ],
              [
                14.46197855841769,
                50.49049227832035
              ],
              [
                14.463276298187987,
                50.48714952509719
              ],
              [
                14.466595504333434,
                50.48372410931718
              ],
              [
                14.466592507782975,
                50.48224947205792
              ],
              [
                14.470681277836828,
                50.47986136194741
              ],
              [
                14.470230986460415,
                50.477907285723354
              ],
              [
                14.472791966580363,
                50.47435001624506
              ],
              [
                14.47112000338192,
                50.47298238415245
              ],
              [
                14.471432870115557,
                50.47073129288741
              ],
              [
                14.470785838895154,
                50.46994510270185
              ],
              [
                14.466662621362286,
                50.470205496177314
              ],
              [
                14.47072764861124,
                50.469268620380944
              ],
              [
                14.4717315314428,
                50.4680803330838
              ],
              [
                14.474012637407185,
                50.4633543786595
              ],
              [
                14.473625931338722,
                50.46067430165094
              ],
              [
                14.471678750513096,
                50.459051735022385
              ],
              [
                14.473345663689505,
                50.45678340720821
              ],
              [
                14.473582029288341,
                50.45512879132384
              ],
              [
                14.472041839065678,
                50.452836164770865
              ],
              [
                14.47342793814136,
                50.4497022209925
              ],
              [
                14.468597107707161,
                50.45012463203847
              ],
              [
                14.46690715710464,
                50.44946143071427
              ],
              [
                14.461476222306674,
                50.449573173084914
              ],
              [
                14.458698553140072,
                50.451943246925474
              ],
              [
                14.447819595416435,
                50.45457984652559
              ],
              [
                14.44912736495211,
                50.44681123019599
              ],
              [
                14.43971141368644,
                50.44737801192496
              ],
              [
                14.43347362275143,
                50.44922412101324
              ],
              [
                14.423673399745967,
                50.45371093769549
              ],
              [
                14.426521238162303,
                50.44034671845634
              ],
              [
                14.423576221729705,
                50.43942147216382
              ],
              [
                14.420720443562963,
                50.43721522713314
              ],
              [
                14.41784482585044,
                50.43819778873442
              ],
              [
                14.417209638164595,
                50.43758400980874
              ],
              [
                14.42257735087433,
                50.436021220502425
              ],
              [
                14.420291652406506,
                50.43295860886643
              ],
              [
                14.416517570506548,
                50.43472574112419
              ],
              [
                14.410264841778302,
                50.43135012621095
              ],
              [
                14.411496746253844,
                50.430411490683525
              ],
              [
                14.410951408741083,
                50.43006511782191
              ],
              [
                14.412863639995788,
                50.42980072139866
              ],
              [
                14.416490232895166,
                50.42951462755851
              ],
              [
                14.419722266019594,
                50.430397560724536
              ],
              [
                14.422634461825059,
                50.42844327265492
              ],
              [
                14.418443814005274,
                50.425403727168415
              ],
              [
                14.42382633092991,
                50.42269684442567
              ],
              [
                14.42168800123445,
                50.423136267963365
              ],
              [
                14.420964726707252,
                50.42245666909172
              ],
              [
                14.41832910528259,
                50.423354718974124
              ],
              [
                14.416610747556826,
                50.42114979954413
              ],
              [
                14.405432500608601,
                50.42330678387685
              ],
              [
                14.391268985542544,
                50.4274539471254
              ],
              [
                14.38402325762558,
                50.4313256126191
              ],
              [
                14.378213659245741,
                50.43653494765531
              ],
              [
                14.369806569569622,
                50.43370303182925
              ],
              [
                14.368922761364264,
                50.433053172025105
              ],
              [
                14.369519300023796,
                50.43211858119882
              ],
              [
                14.368733929655933,
                50.4329474547756
              ],
              [
                14.36678532854037,
                50.43221212606881
              ],
              [
                14.364853394065339,
                50.437048584022854
              ],
              [
                14.352115957082297,
                50.43701452590092
              ],
              [
                14.351629031652099,
                50.43902531696837
              ],
              [
                14.352510141343572,
                50.43913485876546
              ],
              [
                14.352359670560482,
                50.4417914234105
              ],
              [
                14.347240988003588,
                50.442873010370846
              ],
              [
                14.346830941343878,
                50.44210488914209
              ],
              [
                14.34129674424532,
                50.44287815568923
              ],
              [
                14.341708795216915,
                50.44492081436009
              ],
              [
                14.340737946101637,
                50.44622462519277
              ],
              [
                14.33915568885547,
                50.44569356491171
              ],
              [
                14.338316033431532,
                50.44662078130736
              ],
              [
                14.341148105484487,
                50.447700745481505
              ],
              [
                14.340822587235275,
                50.448308723109
              ],
              [
                14.337826715332048,
                50.446852635965804
              ],
              [
                14.33373068995451,
                50.45041724249366
              ],
              [
                14.333717916436495,
                50.45117709002247
              ],
              [
                14.33228221761503,
                50.45165127609406
              ],
              [
                14.336354033392162,
                50.4539230298405
              ],
              [
                14.334465865807788,
                50.45514364807184
              ],
              [
                14.334496914150323,
                50.45584256958189
              ],
              [
                14.337792651125396,
                50.457449329188464
              ],
              [
                14.336336714254049,
                50.459051537229456
              ],
              [
                14.3379387179926,
                50.45962255679732
              ],
              [
                14.335401490084772,
                50.46245916015967
              ],
              [
                14.334375064008976,
                50.46215603036384
              ],
              [
                14.331362196583237,
                50.46722439442187
              ],
              [
                14.329977124177335,
                50.46695616906572
              ],
              [
                14.331679453664657,
                50.47196695437256
              ],
              [
                14.330703909710893,
                50.47317602461625
              ],
              [
                14.334608620554173,
                50.47419419223338
              ],
              [
                14.333741926517217,
                50.47524037950481
              ],
              [
                14.326780591854732,
                50.473620394277276
              ],
              [
                14.326532308685476,
                50.47486975200316
              ],
              [
                14.313892614803825,
                50.46963163618094
              ],
              [
                14.314116128834968,
                50.47243225622701
              ],
              [
                14.309216670701195,
                50.472195151615594
              ],
              [
                14.308694616839384,
                50.47408164326719
              ],
              [
                14.30639063997764,
                50.474059689096165
              ],
              [
                14.30534052528064,
                50.475559077179135
              ],
              [
                14.309212346834236,
                50.47683634401093
              ],
              [
                14.313871436908139,
                50.47595868045922
              ],
              [
                14.321096084126413,
                50.480567967211385
              ],
              [
                14.32022224768674,
                50.48126808755138
              ],
              [
                14.321082699730244,
                50.48196849535351
              ],
              [
                14.323633931125496,
                50.482338801677464
              ],
              [
                14.321886267051731,
                50.483726549186414
              ],
              [
                14.321373306066626,
                50.485418260049514
              ],
              [
                14.319930751330316,
                50.485134062982105
              ],
              [
                14.318872352025242,
                50.48804061563659
              ],
              [
                14.316090381297935,
                50.487536305920074
              ],
              [
                14.315866271939878,
                50.48834404839238
              ],
              [
                14.314576563087975,
                50.48775121203989
              ],
              [
                14.314259333186959,
                50.49410841194975
              ],
              [
                14.311730637508967,
                50.49381928436405
              ],
              [
                14.311677737604686,
                50.49450633599471
              ],
              [
                14.308668580580086,
                50.495304404574924
              ],
              [
                14.308275816030704,
                50.49428479706933
              ],
              [
                14.302833391705585,
                50.49391583947994
              ],
              [
                14.30026063558011,
                50.48970998096241
              ],
              [
                14.299241029476176,
                50.48923217907503
              ],
              [
                14.292221176948324,
                50.48982103954439
              ],
              [
                14.287341167003852,
                50.49086924443937
              ],
              [
                14.286942500939562,
                50.49134111517819
              ],
              [
                14.288823383877986,
                50.492970729034035
              ],
              [
                14.280107341078313,
                50.49918437626853
              ],
              [
                14.270358212622654,
                50.50008073157436
              ],
              [
                14.264756827791723,
                50.49995250552136
              ],
              [
                14.26103692718597,
                50.500610221799455
              ],
              [
                14.258239039719172,
                50.50013436012104
              ],
              [
                14.258869790395204,
                50.49903264998955
              ],
              [
                14.255028247876435,
                50.499721722995275
              ],
              [
                14.254449049767027,
                50.499189839532356
              ],
              [
                14.251675091296658,
                50.499903143714455
              ],
              [
                14.250835056289,
                50.50097117692071
              ],
              [
                14.243343497643579,
                50.50074450303253
              ],
              [
                14.2450212142657,
                50.498030487900955
              ],
              [
                14.241744958491909,
                50.50007875318017
              ],
              [
                14.242869021825792,
                50.49720437363085
              ],
              [
                14.242000835813242,
                50.49494265517299
              ],
              [
                14.241222729291765,
                50.49527939036888
              ],
              [
                14.238744931783113,
                50.49368540984171
              ],
              [
                14.238842770501652,
                50.495933263158214
              ],
              [
                14.238420824039386,
                50.49422746077599
              ],
              [
                14.236068357913412,
                50.494151036195646
              ],
              [
                14.235855596685997,
                50.495048367379674
              ],
              [
                14.23360237635975,
                50.49479012531505
              ],
              [
                14.234403008576178,
                50.49361780742971
              ],
              [
                14.230707021210081,
                50.492822359573545
              ],
              [
                14.227301239922005,
                50.498934542646765
              ],
              [
                14.222326729846493,
                50.49732146123629
              ],
              [
                14.227059945527133,
                50.490976260367006
              ],
              [
                14.222026077784314,
                50.49031690748381
              ],
              [
                14.220009417941052,
                50.493321910532416
              ],
              [
                14.217714094935378,
                50.4918099276367
              ],
              [
                14.216904998774073,
                50.48856490829727
              ],
              [
                14.215532088456648,
                50.488813712084216
              ],
              [
                14.214843363818883,
                50.48984489502242
              ],
              [
                14.213259346626375,
                50.489661239109275
              ],
              [
                14.212599124183198,
                50.490559424669094
              ],
              [
                14.213425860604863,
                50.49107443388279
              ],
              [
                14.211168942618794,
                50.491890758484416
              ],
              [
                14.208240726728945,
                50.49185559066457
              ],
              [
                14.205727984416468,
                50.48977866950684
              ],
              [
                14.209249990135918,
                50.489368349980055
              ],
              [
                14.208096117255915,
                50.48745455978407
              ],
              [
                14.20905558975502,
                50.48717441718144
              ],
              [
                14.208628570049711,
                50.485945207693504
              ],
              [
                14.204839513682238,
                50.48643458455614
              ],
              [
                14.204388081619877,
                50.48310497668712
              ],
              [
                14.207874752090083,
                50.48290337831638
              ],
              [
                14.207389186321956,
                50.47890481338537
              ],
              [
                14.208697017453844,
                50.47869986189721
              ],
              [
                14.208442174042784,
                50.4775749563521
              ],
              [
                14.205783763404035,
                50.47786842528248
              ],
              [
                14.204644244871806,
                50.47432938709294
              ],
              [
                14.194724015653097,
                50.47575459023821
              ],
              [
                14.189410411345971,
                50.47738022576159
              ],
              [
                14.186568627091962,
                50.47768684955046
              ],
              [
                14.185620941856119,
                50.47486699705158
              ],
              [
                14.18685516819685,
                50.47357390770844
              ],
              [
                14.189311089314893,
                50.47370946885563
              ],
              [
                14.189435024020076,
                50.471012513141716
              ],
              [
                14.188809443526873,
                50.4707374201329
              ],
              [
                14.190545036354804,
                50.468207121160916
              ],
              [
                14.187709711147457,
                50.46811101119722
              ],
              [
                14.182858882858177,
                50.4669039648022
              ],
              [
                14.182111390234585,
                50.466488762145765
              ],
              [
                14.183998639269177,
                50.463827179782825
              ],
              [
                14.181428345158052,
                50.46374872406914
              ],
              [
                14.181188264350405,
                50.46505959753638
              ],
              [
                14.177173619927926,
                50.4648861325165
              ],
              [
                14.178829259941029,
                50.46598318585038
              ],
              [
                14.178142647352377,
                50.46622540770274
              ],
              [
                14.1767693669312,
                50.466436187613546
              ],
              [
                14.176211304542653,
                50.46526896725496
              ],
              [
                14.172577739919884,
                50.46564206214308
              ],
              [
                14.17081297659316,
                50.46631963219318
              ],
              [
                14.16966838716687,
                50.46770599215636
              ],
              [
                14.165324406722462,
                50.469021848163564
              ],
              [
                14.163551422088373,
                50.467473753822624
              ],
              [
                14.16252699320104,
                50.47083886676061
              ],
              [
                14.161589370373893,
                50.47072027707389
              ],
              [
                14.161868905418242,
                50.469845404362204
              ],
              [
                14.158569329821576,
                50.46880127011221
              ],
              [
                14.158817210444221,
                50.46798610608345
              ],
              [
                14.152924498420946,
                50.46623805433545
              ],
              [
                14.153551899334232,
                50.46526453015267
              ],
              [
                14.158480517915804,
                50.45957440995716
              ],
              [
                14.154910429704286,
                50.455439970231545
              ],
              [
                14.154896542665153,
                50.45382281014946
              ],
              [
                14.157644036106642,
                50.452616946850576
              ],
              [
                14.159318806134953,
                50.45269826273393
              ],
              [
                14.159230985982136,
                50.451731905510755
              ],
              [
                14.157894495445017,
                50.45100909636831
              ],
              [
                14.158553451067267,
                50.449052821214316
              ],
              [
                14.16376208812016,
                50.44781109042992
              ],
              [
                14.164581835512525,
                50.448663150914285
              ],
              [
                14.16603238610699,
                50.44757490088728
              ],
              [
                14.16574203436326,
                50.44644023012129
              ],
              [
                14.163667667702192,
                50.44562594691116
              ],
              [
                14.159324591751577,
                50.44580545977088
              ],
              [
                14.157966655296558,
                50.444885852868055
              ],
              [
                14.157732646006838,
                50.443100489947504
              ],
              [
                14.162799118882711,
                50.43989674841857
              ],
              [
                14.166439289467455,
                50.43671797493534
              ],
              [
                14.166683642568604,
                50.43564064353834
              ],
              [
                14.165951976059015,
                50.43543135429663
              ],
              [
                14.162608873970582,
                50.43744682235453
              ],
              [
                14.161983787330588,
                50.437223508364085
              ],
              [
                14.159784777923507,
                50.43549581534433
              ],
              [
                14.16138368231064,
                50.43344096839857
              ],
              [
                14.160444040261154,
                50.43267937175194
              ],
              [
                14.158069947950786,
                50.43243180035873
              ],
              [
                14.158154765318509,
                50.43188086796362
              ],
              [
                14.152820394874293,
                50.43312085199978
              ],
              [
                14.149690556020927,
                50.43279502288731
              ],
              [
                14.142654794560068,
                50.429648487172344
              ],
              [
                14.139525605177285,
                50.42905501105708
              ],
              [
                14.13305557582589,
                50.42411236308049
              ],
              [
                14.131576436404595,
                50.4236829698103
              ],
              [
                14.131459377817649,
                50.42571814298461
              ],
              [
                14.130504703724418,
                50.42379607556057
              ],
              [
                14.129254540037117,
                50.424071005374095
              ],
              [
                14.129445241117082,
                50.424980018789725
              ],
              [
                14.122847533493625,
                50.42566806217367
              ],
              [
                14.122942947106292,
                50.42943040020672
              ],
              [
                14.120154494851626,
                50.42917013575599
              ],
              [
                14.12022618987287,
                50.431751081974305
              ],
              [
                14.113956497618874,
                50.431942379301645
              ],
              [
                14.114511216500118,
                50.43641087879157
              ],
              [
                14.114098226749514,
                50.43533032170513
              ],
              [
                14.110020046897944,
                50.43550994853267
              ],
              [
                14.110638874800221,
                50.437250983089776
              ],
              [
                14.107728998779503,
                50.437772099925
              ],
              [
                14.106841505750163,
                50.43439544100723
              ],
              [
                14.105800838517366,
                50.434354341238624
              ],
              [
                14.106632160880599,
                50.43912460267654
              ],
              [
                14.098941974153691,
                50.440688225763736
              ],
              [
                14.095002993103572,
                50.444855458868155
              ],
              [
                14.098251632525843,
                50.45274370151208
              ],
              [
                14.0943573992802,
                50.453951194578124
              ],
              [
                14.095032264157497,
                50.455552759495674
              ],
              [
                14.098351491396738,
                50.455274090704016
              ],
              [
                14.099659806422602,
                50.46037132341255
              ],
              [
                14.101134665306024,
                50.4604570397801
              ],
              [
                14.101489926066161,
                50.46407542775149
              ],
              [
                14.104300728519881,
                50.46374974346128
              ],
              [
                14.105000955109912,
                50.46983627411954
              ],
              [
                14.103350542717365,
                50.47015161930853
              ],
              [
                14.103582403420832,
                50.47071745298403
              ],
              [
                14.105263186642992,
                50.47041021093526
              ],
              [
                14.105557600069096,
                50.47117475461555
              ],
              [
                14.103066570035558,
                50.47155008690073
              ],
              [
                14.10463421264114,
                50.47318127803739
              ],
              [
                14.108513387844026,
                50.47240936972937
              ],
              [
                14.1087507637229,
                50.471280641645926
              ],
              [
                14.112066725828925,
                50.47076919214629
              ],
              [
                14.111819407989707,
                50.47019308684761
              ],
              [
                14.119552261624523,
                50.46787670312805
              ],
              [
                14.11912219235712,
                50.46719555784841
              ],
              [
                14.125822418044214,
                50.46613210245636
              ],
              [
                14.12733436792554,
                50.467227987050535
              ],
              [
                14.126183257088382,
                50.46784245636562
              ],
              [
                14.121043258589873,
                50.46924609389556
              ],
              [
                14.116103629399714,
                50.47182657962245
              ],
              [
                14.112479462473557,
                50.47294706038476
              ],
              [
                14.117277987696443,
                50.47662568192611
              ],
              [
                14.112757904521265,
                50.47934493746332
              ],
              [
                14.11421986116731,
                50.480609523639146
              ],
              [
                14.11216476473339,
                50.48154964066132
              ],
              [
                14.114278626866557,
                50.48425949276254
              ],
              [
                14.11330355467386,
                50.4846529044179
              ],
              [
                14.11352631850602,
                50.48564410538001
              ],
              [
                14.114698662763614,
                50.485984696785124
              ],
              [
                14.114429832139667,
                50.48798029074999
              ],
              [
                14.11833709119959,
                50.4898157089773
              ],
              [
                14.11862057703698,
                50.48895029835696
              ],
              [
                14.120117956979078,
                50.48951715984558
              ],
              [
                14.11988656451475,
                50.49046791294501
              ],
              [
                14.119168053746913,
                50.49020328516967
              ],
              [
                14.11739023762536,
                50.491747451593085
              ],
              [
                14.1184351074077,
                50.49220512921825
              ],
              [
                14.116964697200109,
                50.4938887746148
              ],
              [
                14.114786206410812,
                50.49307414175058
              ],
              [
                14.113106101214855,
                50.49498123265152
              ],
              [
                14.11089309492402,
                50.494374340335725
              ],
              [
                14.110451433983826,
                50.497224381747316
              ],
              [
                14.113541668756524,
                50.49820580874465
              ],
              [
                14.115283020608128,
                50.49988394799876
              ],
              [
                14.113383399163757,
                50.500858825814056
              ],
              [
                14.111060164844563,
                50.49969190919281
              ],
              [
                14.109790769355712,
                50.50145525322421
              ],
              [
                14.110481898710711,
                50.50239611299243
              ],
              [
                14.106477753862436,
                50.50885229868246
              ],
              [
                14.110048593936131,
                50.5096024645297
              ],
              [
                14.102361073187051,
                50.52049633697047
              ],
              [
                14.103740282324193,
                50.521151883986015
              ],
              [
                14.102025079560828,
                50.522075798862296
              ],
              [
                14.102619444062588,
                50.523688687077524
              ],
              [
                14.101906510180264,
                50.52450633827588
              ],
              [
                14.096523613666884,
                50.52010406134897
              ],
              [
                14.093583863196947,
                50.518649110874534
              ],
              [
                14.081064850598139,
                50.51664860064994
              ],
              [
                14.07711774786887,
                50.51662149621134
              ],
              [
                14.053307541834219,
                50.519012381702716
              ],
              [
                14.050751496533339,
                50.52019509528698
              ],
              [
                14.04933963310051,
                50.52187859963252
              ],
              [
                14.049950492581821,
                50.524567379286594
              ],
              [
                14.056344766451273,
                50.52950967194959
              ],
              [
                14.063249253868392,
                50.53403504468705
              ],
              [
                14.063719945324323,
                50.53710640765484
              ],
              [
                14.058863518971329,
                50.54332809465198
              ],
              [
                14.055911416203424,
                50.54500257374804
              ],
              [
                14.051900619816251,
                50.54544163801304
              ],
              [
                14.044609011188752,
                50.546240826315284
              ],
              [
                14.041697038114895,
                50.54738866748932
              ],
              [
                14.040470302090878,
                50.5486543585432
              ],
              [
                14.039468279124335,
                50.553220703794885
              ],
              [
                14.03633444679647,
                50.55951346092926
              ],
              [
                14.035140398025893,
                50.56526563791642
              ],
              [
                14.038319146678697,
                50.57104081490183
              ],
              [
                14.038529267313896,
                50.57666450854873
              ],
              [
                14.038440473280472,
                50.5779863123333
              ],
              [
                14.035286578537818,
                50.58182916284015
              ],
              [
                14.036270382833028,
                50.58227835460052
              ],
              [
                14.039739924264085,
                50.580979718699226
              ],
              [
                14.040488831389329,
                50.58268635071489
              ],
              [
                14.042941343347454,
                50.58474850891258
              ],
              [
                14.047919469856186,
                50.58488134392574
              ],
              [
                14.04960475688662,
                50.586600012798655
              ],
              [
                14.049051413865062,
                50.588216333121
              ],
              [
                14.05058103000787,
                50.58875617758615
              ],
              [
                14.05299791025497,
                50.58768710538942
              ],
              [
                14.055736136900315,
                50.58846155519475
              ],
              [
                14.057864944447264,
                50.58813495526927
              ],
              [
                14.059521009227,
                50.58673210242671
              ],
              [
                14.05927529385868,
                50.58576402219174
              ],
              [
                14.060753239805328,
                50.58563685847574
              ],
              [
                14.05948640687389,
                50.582069051013
              ],
              [
                14.066823596541553,
                50.58446152005352
              ],
              [
                14.069124541898105,
                50.5840201285087
              ],
              [
                14.06981629639963,
                50.581805732722586
              ],
              [
                14.07420810288372,
                50.58207991968778
              ],
              [
                14.076420662147415,
                50.58120278233383
              ],
              [
                14.07822123998388,
                50.584401834566734
              ],
              [
                14.080282647382202,
                50.58574440105193
              ],
              [
                14.082451775554663,
                50.58413404151544
              ],
              [
                14.086376869112527,
                50.58552452654976
              ],
              [
                14.09155221632368,
                50.58487108385565
              ],
              [
                14.0918008338969,
                50.58556634130489
              ],
              [
                14.089128647893924,
                50.587765788222725
              ],
              [
                14.089605858691202,
                50.5901276541594
              ],
              [
                14.094649013863906,
                50.59033515050949
              ],
              [
                14.097060535333291,
                50.592250739619836
              ],
              [
                14.100794157672379,
                50.59337907074007
              ],
              [
                14.104236709412735,
                50.59277753394599
              ],
              [
                14.105338418843635,
                50.59189675496338
              ],
              [
                14.106175954477317,
                50.58995216019045
              ],
              [
                14.107636585831136,
                50.589941791192764
              ],
              [
                14.109077057714678,
                50.58798235611202
              ],
              [
                14.112701761565228,
                50.58726812748185
              ],
              [
                14.113654982985878,
                50.58771110625012
              ],
              [
                14.116059421331553,
                50.58219763495402
              ],
              [
                14.120785406336367,
                50.57836203571733
              ],
              [
                14.119859691267411,
                50.58441745881931
              ],
              [
                14.122230672049797,
                50.58692299766571
              ],
              [
                14.12302940205362,
                50.590220104048484
              ],
              [
                14.1342854238323,
                50.5921703820798
              ],
              [
                14.138994404319613,
                50.59475100898496
              ],
              [
                14.143257983694497,
                50.59621522007852
              ],
              [
                14.143000922429074,
                50.59815924732806
              ],
              [
                14.144070298594409,
                50.599356171849664
              ],
              [
                14.144487916540328,
                50.6035455909317
              ],
              [
                14.143806417390172,
                50.605277016216085
              ],
              [
                14.145050735206205,
                50.60718186454724
              ],
              [
                14.14661139539776,
                50.60806819564491
              ],
              [
                14.147796430133425,
                50.607996536132674
              ],
              [
                14.152293095341301,
                50.60377290842781
              ],
              [
                14.155864118179924,
                50.605907799756686
              ],
              [
                14.16027358899902,
                50.60647217413096
              ],
              [
                14.162185572113403,
                50.606013253438036
              ],
              [
                14.164462369320495,
                50.60428248740797
              ],
              [
                14.16511732239176,
                50.602023677093975
              ],
              [
                14.16914766899561,
                50.60050230167089
              ],
              [
                14.170716681728608,
                50.601253765833775
              ],
              [
                14.169376860027679,
                50.60239341816712
              ],
              [
                14.171824054609223,
                50.602503255307404
              ],
              [
                14.171236496574318,
                50.60416246375228
              ],
              [
                14.171853889423257,
                50.60542163645004
              ],
              [
                14.176748729360998,
                50.60554656406723
              ],
              [
                14.176945937585543,
                50.60604760699857
              ],
              [
                14.176768423238848,
                50.610751600118654
              ],
              [
                14.175137070442618,
                50.61148378244939
              ],
              [
                14.178045758290938,
                50.61312702398912
              ],
              [
                14.179840202714376,
                50.616244839467896
              ],
              [
                14.180443070769801,
                50.61834277262951
              ],
              [
                14.179342830387773,
                50.619297211188844
              ],
              [
                14.179226147872251,
                50.62275947235514
              ],
              [
                14.180319193120791,
                50.62605931612274
              ],
              [
                14.186160775249213,
                50.62459991875452
              ],
              [
                14.188037983970652,
                50.625113824755516
              ],
              [
                14.1875216603109,
                50.626582811330664
              ],
              [
                14.188183446351056,
                50.62734529440733
              ],
              [
                14.190743859889407,
                50.6275644330532
              ],
              [
                14.19314784484131,
                50.62674536904973
              ],
              [
                14.195368513317046,
                50.62566864630553
              ],
              [
                14.196913744199257,
                50.62371594831361
              ],
              [
                14.196708503309084,
                50.62331066252194
              ],
              [
                14.195557109175454,
                50.62396959961138
              ],
              [
                14.194498681070819,
                50.623387738007814
              ],
              [
                14.195115588329047,
                50.62134717386307
              ],
              [
                14.194379658744781,
                50.62099089493742
              ],
              [
                14.196807688872498,
                50.61959192238695
              ],
              [
                14.196715307929301,
                50.62063657659111
              ],
              [
                14.197770360745643,
                50.621176722247284
              ],
              [
                14.201759825790369,
                50.61846625184961
              ],
              [
                14.202776131656334,
                50.61690378803348
              ],
              [
                14.208976761239974,
                50.62202848073911
              ],
              [
                14.20900098665599,
                50.62549190410299
              ],
              [
                14.210651061089724,
                50.625427906607804
              ],
              [
                14.212412612242366,
                50.62311991553281
              ],
              [
                14.216609834799362,
                50.626531680008995
              ],
              [
                14.223265260194024,
                50.626000887697316
              ],
              [
                14.222362791616488,
                50.62732199667001
              ],
              [
                14.224786731010639,
                50.62838651982927
              ],
              [
                14.2273262517865,
                50.62941145372649
              ],
              [
                14.2315807162615,
                50.63393167441241
              ],
              [
                14.230776392162783,
                50.636473564824406
              ],
              [
                14.229916524869466,
                50.63691189265672
              ],
              [
                14.228729149616324,
                50.63663491095984
              ],
              [
                14.227210552966383,
                50.639235839527736
              ],
              [
                14.225416855059828,
                50.639220397979926
              ],
              [
                14.229459789650514,
                50.64208211717443
              ],
              [
                14.230813467628634,
                50.64617740376101
              ],
              [
                14.233441450005236,
                50.64743020970666
              ],
              [
                14.229930239451596,
                50.650891753974655
              ],
              [
                14.23402322812477,
                50.65358381107641
              ],
              [
                14.234250400103738,
                50.65538609070115
              ],
              [
                14.23610133190397,
                50.6561410025124
              ],
              [
                14.233844059850345,
                50.656930139096296
              ],
              [
                14.22587389033468,
                50.65735406372142
              ],
              [
                14.229252295876577,
                50.659811161116224
              ],
              [
                14.229397355193937,
                50.66158553650603
              ],
              [
                14.22869206031037,
                50.66184349460951
              ],
              [
                14.23110604301138,
                50.663505034408
              ],
              [
                14.232241769764611,
                50.665507081069165
              ],
              [
                14.233636808824219,
                50.66609384499632
              ]
            ]
          ]
        ]
      }
    },
    {
      "type": "Feature",
      "properties": {
        "name": "Lovosice"
      },
      "geometry": {
        "type": "MultiPolygon",
        "coordinates": [
          [
            [
              [
                14.02562692248368,
                50.58669399837953
              ],
              [
                14.028602769772723,
                50.58741492768978
              ],
              [
                14.031342439465211,
                50.58691516726605
              ],
              [
                14.035286578537818,
                50.58182916284015
              ],
              [
                14.038440473280472,
                50.5779863123333
              ],
              [
                14.038529267313896,
                50.57666450854873
              ],
              [
                14.038319146678697,
                50.57104081490183
              ],
              [
                14.035140398025893,
                50.56526563791642
              ],
              [
                14.03633444679647,
                50.55951346092926
              ],
              [
                14.039468279124335,
                50.553220703794885
              ],
              [
                14.040470302090878,
                50.5486543585432
              ],
              [
                14.041697038114895,
                50.54738866748932
              ],
              [
                14.044609011188752,
                50.546240826315284
              ],
              [
                14.051900619816251,
                50.54544163801304
              ],
              [
                14.055911416203424,
                50.54500257374804
              ],
              [
                14.058863518971329,
                50.54332809465198
              ],
              [
                14.063719945324323,
                50.53710640765484
              ],
              [
                14.063249253868392,
                50.53403504468705
              ],
              [
                14.056344766451273,
                50.52950967194959
              ],
              [
                14.049950492581821,
                50.524567379286594
              ],
              [
                14.04933963310051,
                50.52187859963252
              ],
              [
                14.050751496533339,
                50.52019509528698
              ],
              [
                14.053307541834219,
                50.519012381702716
              ],
              [
                14.07711774786887,
                50.51662149621134
              ],
              [
                14.081064850598139,
                50.51664860064994
              ],
              [
                14.093583863196947,
                50.518649110874534
              ],
              [
                14.096523613666884,
                50.52010406134897
              ],
              [
                14.101906510180264,
                50.52450633827588
              ],
              [
                14.102619444062588,
                50.523688687077524
              ],
              [
                14.102025079560828,
                50.522075798862296
              ],
              [
                14.103740282324193,
                50.521151883986015
              ],
              [
                14.102361073187051,
                50.52049633697047
              ],
              [
                14.110048593936131,
                50.5096024645297
              ],
              [
                14.106477753862436,
                50.50885229868246
              ],
              [
                14.110481898710711,
                50.50239611299243
              ],
              [
                14.109790769355712,
                50.50145525322421
              ],
              [
                14.111060164844563,
                50.49969190919281
              ],
              [
                14.113383399163757,
                50.500858825814056
              ],
              [
                14.115283020608128,
                50.49988394799876
              ],
              [
                14.113541668756524,
                50.49820580874465
              ],
              [
                14.110451433983826,
                50.497224381747316
              ],
              [
                14.11089309492402,
                50.494374340335725
              ],
              [
                14.113106101214855,
                50.49498123265152
              ],
              [
                14.114786206410812,
                50.49307414175058
              ],
              [
                14.116964697200109,
                50.4938887746148
              ],
              [
                14.1184351074077,
                50.49220512921825
              ],
              [
                14.11739023762536,
                50.491747451593085
              ],
              [
                14.119168053746913,
                50.49020328516967
              ],
              [
                14.11988656451475,
                50.49046791294501
              ],
              [
                14.120117956979078,
                50.48951715984558
              ],
              [
                14.11862057703698,
                50.48895029835696
              ],
              [
                14.11833709119959,
                50.4898157089773
              ],
              [
                14.114429832139667,
                50.48798029074999
              ],
              [
                14.114698662763614,
                50.485984696785124
              ],
              [
                14.11352631850602,
                50.48564410538001
              ],
              [
                14.11330355467386,
                50.4846529044179
              ],
              [
                14.114278626866557,
                50.48425949276254
              ],
              [
                14.11216476473339,
                50.48154964066132
              ],
              [
                14.11421986116731,
                50.480609523639146
              ],
              [
                14.112757904521265,
                50.47934493746332
              ],
              [
                14.117277987696443,
                50.47662568192611
              ],
              [
                14.112479462473557,
                50.47294706038476
              ],
              [
                14.116103629399714,
                50.47182657962245
              ],
              [
                14.121043258589873,
                50.46924609389556
              ],
              [
                14.126183257088382,
                50.46784245636562
              ],
              [
                14.12733436792554,
                50.467227987050535
              ],
              [
                14.125822418044214,
                50.46613210245636
              ],
              [
                14.11912219235712,
                50.46719555784841
              ],
              [
                14.119552261624523,
                50.46787670312805
              ],
              [
                14.111819407989707,
                50.47019308684761
              ],
              [
                14.112066725828925,
                50.47076919214629
              ],
              [
                14.1087507637229,
                50.471280641645926
              ],
              [
                14.108513387844026,
                50.47240936972937
              ],
              [
                14.10463421264114,
                50.47318127803739
              ],
              [
                14.103066570035558,
                50.47155008690073
              ],
              [
                14.105557600069096,
                50.47117475461555
              ],
              [
                14.105263186642992,
                50.47041021093526
              ],
              [
                14.103582403420832,
                50.47071745298403
              ],
              [
                14.103350542717365,
                50.47015161930853
              ],
              [
                14.105000955109912,
                50.46983627411954
              ],
              [
                14.104300728519881,
                50.46374974346128
              ],
              [
                14.101489926066161,
                50.46407542775149
              ],
              [
                14.101134665306024,
                50.4604570397801
              ],
              [
                14.099659806422602,
                50.46037132341255
              ],
              [
                14.098351491396738,
                50.455274090704016
              ],
              [
                14.095032264157497,
                50.455552759495674
              ],
              [
                14.0943573992802,
                50.453951194578124
              ],
              [
                14.098251632525843,
                50.45274370151208
              ],
              [
                14.095002993103572,
                50.444855458868155
              ],
              [
                14.098941974153691,
                50.440688225763736
              ],
              [
                14.106632160880599,
                50.43912460267654
              ],
              [
                14.105800838517366,
                50.434354341238624
              ],
              [
                14.10267402408583,
                50.43469411540763
              ],
              [
                14.102663519394865,
                50.43155416842661
              ],
              [
                14.084522964303583,
                50.431875583089735
              ],
              [
                14.084434713753504,
                50.43122527157966
              ],
              [
                14.08366762249902,
                50.43123078948886
              ],
              [
                14.083635407956608,
                50.42912634320008
              ],
              [
                14.082738627485822,
                50.429227953791525
              ],
              [
                14.081697368876391,
                50.42709630456994
              ],
              [
                14.078194573933525,
                50.42792748494072
              ],
              [
                14.076272679002829,
                50.42349048340562
              ],
              [
                14.076113277970656,
                50.41928277866632
              ],
              [
                14.07814923780806,
                50.419216958062876
              ],
              [
                14.078850694303148,
                50.413568436732724
              ],
              [
                14.081041508669541,
                50.413729616766986
              ],
              [
                14.08159245159418,
                50.41172500892868
              ],
              [
                14.084449519331121,
                50.41198845587248
              ],
              [
                14.08387969353116,
                50.40810167167078
              ],
              [
                14.084951849020385,
                50.407358831348354
              ],
              [
                14.088142739458991,
                50.40782026828524
              ],
              [
                14.086996135228324,
                50.40734315251625
              ],
              [
                14.087593633941978,
                50.405930765369234
              ],
              [
                14.086943819584947,
                50.405275473421376
              ],
              [
                14.092434946476084,
                50.40293789729415
              ],
              [
                14.09195231889168,
                50.39992443188955
              ],
              [
                14.093248993858559,
                50.39940298398859
              ],
              [
                14.09283923004036,
                50.39894995884222
              ],
              [
                14.090408406483448,
                50.39940044384863
              ],
              [
                14.08874079994403,
                50.39844638051298
              ],
              [
                14.088789712200898,
                50.39588417875342
              ],
              [
                14.080062754052099,
                50.3941880162363
              ],
              [
                14.083408767055095,
                50.39286699429338
              ],
              [
                14.080706369565561,
                50.39251241020349
              ],
              [
                14.080344281835032,
                50.391572006802534
              ],
              [
                14.06034457223258,
                50.39023010403361
              ],
              [
                14.046818262630952,
                50.390741628514604
              ],
              [
                14.045647391989796,
                50.39012068443953
              ],
              [
                14.046509111755713,
                50.38833755167908
              ],
              [
                14.039145528784351,
                50.38634968316627
              ],
              [
                14.03987327109398,
                50.385248020281516
              ],
              [
                14.038767012207545,
                50.382946742448794
              ],
              [
                14.039578399727421,
                50.381750188460025
              ],
              [
                14.03321947781377,
                50.37996753983175
              ],
              [
                14.034146368958126,
                50.37623570801186
              ],
              [
                14.025710142123058,
                50.37545684626997
              ],
              [
                14.026449698024365,
                50.37053012173513
              ],
              [
                14.025446485136618,
                50.370432743243605
              ],
              [
                14.024440048980132,
                50.368535429111255
              ],
              [
                14.023223220004578,
                50.36911027787581
              ],
              [
                14.022924908666885,
                50.37086391542957
              ],
              [
                14.020301293257774,
                50.37094793223088
              ],
              [
                14.020153905763024,
                50.372140022383306
              ],
              [
                14.016435352870792,
                50.371933128005885
              ],
              [
                14.016728931719857,
                50.370446071298645
              ],
              [
                14.012084175772754,
                50.370473304590426
              ],
              [
                14.01212952848543,
                50.36962117049175
              ],
              [
                14.009075875404347,
                50.3688993536461
              ],
              [
                14.001906455897434,
                50.36807053216779
              ],
              [
                13.9991648599803,
                50.37106821346401
              ],
              [
                13.997909242974147,
                50.37670847168686
              ],
              [
                13.992485525097784,
                50.37608662507142
              ],
              [
                13.993289779472935,
                50.37413913517259
              ],
              [
                13.990171275778483,
                50.37544477926989
              ],
              [
                13.983719742620186,
                50.37637027957446
              ],
              [
                13.974641682320739,
                50.376197415793825
              ],
              [
                13.962569381101316,
                50.38509143670807
              ],
              [
                13.958656397531115,
                50.38423968631217
              ],
              [
                13.95816954249188,
                50.384708639210274
              ],
              [
                13.955239483734735,
                50.3834446266294
              ],
              [
                13.952190582925244,
                50.38492994244517
              ],
              [
                13.953430461538511,
                50.38583371031069
              ],
              [
                13.952006001477335,
                50.38705772343089
              ],
              [
                13.9532506596328,
                50.38768879046849
              ],
              [
                13.951898388463116,
                50.38893771014331
              ],
              [
                13.953078536889183,
                50.38956901198199
              ],
              [
                13.95458080047628,
                50.388382663474864
              ],
              [
                13.956322073995581,
                50.38958423371186
              ],
              [
                13.959445661658625,
                50.389329366069944
              ],
              [
                13.963387053878149,
                50.389922882466806
              ],
              [
                13.963279548018996,
                50.391198814091126
              ],
              [
                13.96736370645441,
                50.39283297055279
              ],
              [
                13.966372219774149,
                50.39494830334335
              ],
              [
                13.966940827872264,
                50.395071692797494
              ],
              [
                13.963579928736916,
                50.398732055987125
              ],
              [
                13.963800357698469,
                50.402012454255555
              ],
              [
                13.9647977290277,
                50.402080617550695
              ],
              [
                13.96456417762786,
                50.40340263680902
              ],
              [
                13.97087570224693,
                50.40450310602127
              ],
              [
                13.970708100512557,
                50.406773636202814
              ],
              [
                13.974973748657783,
                50.40696959010037
              ],
              [
                13.974938324216096,
                50.40753992587103
              ],
              [
                13.972374435560296,
                50.40771637780674
              ],
              [
                13.97296059495034,
                50.41189643283491
              ],
              [
                13.970587098023511,
                50.412542868521044
              ],
              [
                13.971448417065083,
                50.414488266074876
              ],
              [
                13.974748466979314,
                50.413698535814646
              ],
              [
                13.974923375418157,
                50.41750617627628
              ],
              [
                13.9731584261381,
                50.4241508951474
              ],
              [
                13.96850864610682,
                50.42973223613281
              ],
              [
                13.957665547324435,
                50.4315647701804
              ],
              [
                13.958589120259768,
                50.43583356640822
              ],
              [
                13.943551593362962,
                50.43353161867972
              ],
              [
                13.943337380480132,
                50.43176260798634
              ],
              [
                13.934910203155768,
                50.431508475148796
              ],
              [
                13.934023669112337,
                50.43226221746835
              ],
              [
                13.934568264838928,
                50.432671921935565
              ],
              [
                13.92957986145029,
                50.43272319061612
              ],
              [
                13.928063600689125,
                50.43487797186306
              ],
              [
                13.924673415367153,
                50.43432432330766
              ],
              [
                13.923031275234264,
                50.43636462792471
              ],
              [
                13.920533027011034,
                50.43570798987879
              ],
              [
                13.921399407176507,
                50.43468303879993
              ],
              [
                13.919790211358155,
                50.43412236804788
              ],
              [
                13.920598082277222,
                50.43329196156321
              ],
              [
                13.917562394567113,
                50.43204380434635
              ],
              [
                13.917919038193466,
                50.431725803020704
              ],
              [
                13.916290757276158,
                50.43075843790705
              ],
              [
                13.917195875432673,
                50.42984519063792
              ],
              [
                13.913568407287737,
                50.42741940945185
              ],
              [
                13.912047968392743,
                50.425520176992954
              ],
              [
                13.91130081802158,
                50.4256284120567
              ],
              [
                13.90958936129224,
                50.42231508685042
              ],
              [
                13.897949341959862,
                50.425713780337425
              ],
              [
                13.896011749770615,
                50.42731231756456
              ],
              [
                13.896818966781785,
                50.428504514237474
              ],
              [
                13.894289736845272,
                50.43021221023516
              ],
              [
                13.894860841074367,
                50.43108016487821
              ],
              [
                13.893639275012834,
                50.43132810947831
              ],
              [
                13.894800040684107,
                50.432861792424156
              ],
              [
                13.887773031613712,
                50.43645090450128
              ],
              [
                13.888064240957249,
                50.437602593850876
              ],
              [
                13.886494073518627,
                50.43778107177093
              ],
              [
                13.886756373736414,
                50.44132911278073
              ],
              [
                13.8835332108133,
                50.443150423719466
              ],
              [
                13.88418576220706,
                50.444221649441
              ],
              [
                13.880131601239102,
                50.44459730672021
              ],
              [
                13.878627776295827,
                50.44665572214935
              ],
              [
                13.879890120028904,
                50.44707692862342
              ],
              [
                13.877470352925082,
                50.44852018060547
              ],
              [
                13.876820248638774,
                50.44981386024716
              ],
              [
                13.878109553473069,
                50.449225825772416
              ],
              [
                13.878944596934746,
                50.44987237821747
              ],
              [
                13.876592469808035,
                50.451619046485376
              ],
              [
                13.879436858533978,
                50.45368822308755
              ],
              [
                13.88302218852286,
                50.452621500394926
              ],
              [
                13.884098688335431,
                50.4532548270865
              ],
              [
                13.884278538925011,
                50.454252136185104
              ],
              [
                13.882641967686338,
                50.45652807446948
              ],
              [
                13.883776139328688,
                50.4566206650938
              ],
              [
                13.883773261366859,
                50.459199477588214
              ],
              [
                13.88463266984714,
                50.45940816785919
              ],
              [
                13.88527364154776,
                50.45702465948218
              ],
              [
                13.886775510024975,
                50.45746719064371
              ],
              [
                13.886361302066089,
                50.45801500316764
              ],
              [
                13.887899294884068,
                50.458202588223585
              ],
              [
                13.887008393230815,
                50.45979925841778
              ],
              [
                13.88750961923943,
                50.4605234024488
              ],
              [
                13.885509483223638,
                50.4605119143944
              ],
              [
                13.885251041196307,
                50.461322503133054
              ],
              [
                13.884158231226186,
                50.46103972042977
              ],
              [
                13.883387826774594,
                50.46277116523785
              ],
              [
                13.883255620710088,
                50.463146567779056
              ],
              [
                13.886024828525915,
                50.46257750460651
              ],
              [
                13.88477110272869,
                50.46565562091089
              ],
              [
                13.883028910687441,
                50.465128989074906
              ],
              [
                13.883487586409824,
                50.46418585045395
              ],
              [
                13.882445791841969,
                50.46407111555312
              ],
              [
                13.882188621557757,
                50.46499047143861
              ],
              [
                13.87994924712721,
                50.465227398120874
              ],
              [
                13.879280220970351,
                50.46772895372436
              ],
              [
                13.876305692029266,
                50.468569592503734
              ],
              [
                13.876027089568664,
                50.47070066206095
              ],
              [
                13.878199923205676,
                50.47457755040785
              ],
              [
                13.874767715586245,
                50.480115805503026
              ],
              [
                13.872526787455383,
                50.48058780704485
              ],
              [
                13.872669969808127,
                50.481132148222834
              ],
              [
                13.869806668436379,
                50.48194012541664
              ],
              [
                13.86804326144119,
                50.48319267370025
              ],
              [
                13.87097952085428,
                50.484755850580626
              ],
              [
                13.876000227075194,
                50.48427985638347
              ],
              [
                13.878969231494603,
                50.48865238958564
              ],
              [
                13.87602673341905,
                50.4901418309033
              ],
              [
                13.875612034710244,
                50.491367662657275
              ],
              [
                13.873943303339013,
                50.49112848813332
              ],
              [
                13.877040068552867,
                50.49564740305939
              ],
              [
                13.875218063112879,
                50.49564381632897
              ],
              [
                13.8750462029812,
                50.49335451185747
              ],
              [
                13.874392143219447,
                50.49312574518637
              ],
              [
                13.871524377989736,
                50.49335054633538
              ],
              [
                13.869193075590367,
                50.49508566453624
              ],
              [
                13.870035199358544,
                50.49789082296934
              ],
              [
                13.878352176825954,
                50.49976593677448
              ],
              [
                13.879753593315707,
                50.50113919860308
              ],
              [
                13.87866021590472,
                50.50304901984516
              ],
              [
                13.879883419330671,
                50.50273480050353
              ],
              [
                13.881519287010173,
                50.50337106836345
              ],
              [
                13.887338610758047,
                50.49978792616532
              ],
              [
                13.88834790691594,
                50.49965162900939
              ],
              [
                13.88841298671399,
                50.50029254234753
              ],
              [
                13.88940348719138,
                50.500378879854956
              ],
              [
                13.895101638304912,
                50.498437469549714
              ],
              [
                13.895394123131052,
                50.499536408095196
              ],
              [
                13.88808735925647,
                50.509195016800255
              ],
              [
                13.8812634951774,
                50.51649197100205
              ],
              [
                13.884555786204592,
                50.518077834369976
              ],
              [
                13.886505694710074,
                50.5148062312215
              ],
              [
                13.888404975412655,
                50.51379927600999
              ],
              [
                13.891761168678517,
                50.51346789643374
              ],
              [
                13.893170736624109,
                50.512377593410996
              ],
              [
                13.897285243754272,
                50.51352665840112
              ],
              [
                13.896061997241176,
                50.515061064877244
              ],
              [
                13.89772815021342,
                50.515120275420436
              ],
              [
                13.900024194495264,
                50.51629487131563
              ],
              [
                13.89805911612549,
                50.51677595733552
              ],
              [
                13.898163803326632,
                50.517490359009976
              ],
              [
                13.896840844809773,
                50.51788279339185
              ],
              [
                13.898232244069296,
                50.5191998436091
              ],
              [
                13.901549837073455,
                50.52045165645821
              ],
              [
                13.90106341716274,
                50.52294394609838
              ],
              [
                13.903605758620794,
                50.52553062324078
              ],
              [
                13.90235134346069,
                50.52925327558053
              ],
              [
                13.898870147748255,
                50.52874124675718
              ],
              [
                13.899823193928874,
                50.52977607637439
              ],
              [
                13.903089491690116,
                50.530314762932804
              ],
              [
                13.89801174000754,
                50.53575658544731
              ],
              [
                13.898843003723847,
                50.53784609187418
              ],
              [
                13.89996379009947,
                50.538154301482734
              ],
              [
                13.89950417330314,
                50.54060837240987
              ],
              [
                13.900394144299948,
                50.54160129022748
              ],
              [
                13.900850860008775,
                50.545309772482774
              ],
              [
                13.901986545794687,
                50.54659229594528
              ],
              [
                13.907853477918557,
                50.54908056135255
              ],
              [
                13.909976045840237,
                50.549042913840665
              ],
              [
                13.90909391936754,
                50.55078849423607
              ],
              [
                13.91040555079387,
                50.55140264722063
              ],
              [
                13.91153760027709,
                50.551145647189415
              ],
              [
                13.905166205297386,
                50.553393856837516
              ],
              [
                13.900160261436056,
                50.55602518518863
              ],
              [
                13.901076772948988,
                50.55617180250534
              ],
              [
                13.901049088384841,
                50.5568380075989
              ],
              [
                13.899915583911982,
                50.55784748344982
              ],
              [
                13.900020104800268,
                50.559070366172776
              ],
              [
                13.903193928924155,
                50.55752467001155
              ],
              [
                13.908536684561367,
                50.55899994375313
              ],
              [
                13.909042950507391,
                50.55814092170598
              ],
              [
                13.909909282447304,
                50.55824623432141
              ],
              [
                13.909320660584813,
                50.55784529753143
              ],
              [
                13.910362904516564,
                50.557798123622696
              ],
              [
                13.910130244534484,
                50.55527131133245
              ],
              [
                13.911314104138727,
                50.55467453095921
              ],
              [
                13.915442297778958,
                50.55429140752188
              ],
              [
                13.917623993029867,
                50.55619648581277
              ],
              [
                13.927213276798053,
                50.55963520731137
              ],
              [
                13.934563879414608,
                50.558800322562185
              ],
              [
                13.935522734282346,
                50.5585600555261
              ],
              [
                13.939892609449858,
                50.56248016944228
              ],
              [
                13.952050192411336,
                50.56489246368598
              ],
              [
                13.954064318445985,
                50.56798152355034
              ],
              [
                13.955518372360077,
                50.568518025290196
              ],
              [
                13.95756797850221,
                50.56827401602906
              ],
              [
                13.959311453895147,
                50.56816722575151
              ],
              [
                13.961762341700567,
                50.56652211572124
              ],
              [
                13.960933846073523,
                50.56849600746262
              ],
              [
                13.961932714192004,
                50.57098992178133
              ],
              [
                13.96561121253868,
                50.57292115370394
              ],
              [
                13.973019186931424,
                50.57405472447074
              ],
              [
                13.975224624468325,
                50.574290495944965
              ],
              [
                13.97885380135941,
                50.57321397197808
              ],
              [
                13.981379533957737,
                50.57351552520277
              ],
              [
                13.984058056607264,
                50.572174546000774
              ],
              [
                13.984523040437043,
                50.57361310358346
              ],
              [
                13.98613433283817,
                50.57438661152985
              ],
              [
                13.988935480043128,
                50.578045085968
              ],
              [
                13.996203484856279,
                50.57781648567155
              ],
              [
                13.995502462248993,
                50.574793420878166
              ],
              [
                13.997697355884704,
                50.57373894902406
              ],
              [
                14.002634132520987,
                50.57359359455715
              ],
              [
                14.004871586438059,
                50.571830318094875
              ],
              [
                14.00586801464301,
                50.57400417915286
              ],
              [
                14.005206494916132,
                50.57545171167944
              ],
              [
                14.006378077364555,
                50.577836434516385
              ],
              [
                14.00409048906778,
                50.57755609404994
              ],
              [
                14.005504010200484,
                50.5805974531767
              ],
              [
                14.004503981148346,
                50.5810760335176
              ],
              [
                14.01192292978106,
                50.58364731985055
              ],
              [
                14.015413947944753,
                50.58332077103713
              ],
              [
                14.019305027368688,
                50.58387580034902
              ],
              [
                14.021225671445912,
                50.58608221372648
              ],
              [
                14.02562692248368,
                50.58669399837953
              ]
            ]
          ]
        ]
      }
    },
    {
      "type": "Feature",
      "properties": {
        "name": "Roudnice nad Labem"
      },
      "geometry": {
        "type": "MultiPolygon",
        "coordinates": [
          [
            [
              [
                14.243343497643579,
                50.50074450303253
              ],
              [
                14.250835056289,
                50.50097117692071
              ],
              [
                14.251675091296658,
                50.499903143714455
              ],
              [
                14.254449049767027,
                50.499189839532356
              ],
              [
                14.255028247876435,
                50.499721722995275
              ],
              [
                14.258869790395204,
                50.49903264998955
              ],
              [
                14.258239039719172,
                50.50013436012104
              ],
              [
                14.26103692718597,
                50.500610221799455
              ],
              [
                14.264756827791723,
                50.49995250552136
              ],
              [
                14.270358212622654,
                50.50008073157436
              ],
              [
                14.280107341078313,
                50.49918437626853
              ],
              [
                14.288823383877986,
                50.492970729034035
              ],
              [
                14.286942500939562,
                50.49134111517819
              ],
              [
                14.287341167003852,
                50.49086924443937
              ],
              [
                14.292221176948324,
                50.48982103954439
              ],
              [
                14.299241029476176,
                50.48923217907503
              ],
              [
                14.30026063558011,
                50.48970998096241
              ],
              [
                14.302833391705585,
                50.49391583947994
              ],
              [
                14.308275816030704,
                50.49428479706933
              ],
              [
                14.308668580580086,
                50.495304404574924
              ],
              [
                14.311677737604686,
                50.49450633599471
              ],
              [
                14.311730637508967,
                50.49381928436405
              ],
              [
                14.314259333186959,
                50.49410841194975
              ],
              [
                14.314576563087975,
                50.48775121203989
              ],
              [
                14.315866271939878,
                50.48834404839238
              ],
              [
                14.316090381297935,
                50.487536305920074
              ],
              [
                14.318872352025242,
                50.48804061563659
              ],
              [
                14.319930751330316,
                50.485134062982105
              ],
              [
                14.321373306066626,
                50.485418260049514
              ],
              [
                14.321886267051731,
                50.483726549186414
              ],
              [
                14.323633931125496,
                50.482338801677464
              ],
              [
                14.321082699730244,
                50.48196849535351
              ],
              [
                14.32022224768674,
                50.48126808755138
              ],
              [
                14.321096084126413,
                50.480567967211385
              ],
              [
                14.313871436908139,
                50.47595868045922
              ],
              [
                14.309212346834236,
                50.47683634401093
              ],
              [
                14.30534052528064,
                50.475559077179135
              ],
              [
                14.30639063997764,
                50.474059689096165
              ],
              [
                14.308694616839384,
                50.47408164326719
              ],
              [
                14.309216670701195,
                50.472195151615594
              ],
              [
                14.314116128834968,
                50.47243225622701
              ],
              [
                14.313892614803825,
                50.46963163618094
              ],
              [
                14.326532308685476,
                50.47486975200316
              ],
              [
                14.326780591854732,
                50.473620394277276
              ],
              [
                14.333741926517217,
                50.47524037950481
              ],
              [
                14.334608620554173,
                50.47419419223338
              ],
              [
                14.330703909710893,
                50.47317602461625
              ],
              [
                14.331679453664657,
                50.47196695437256
              ],
              [
                14.329977124177335,
                50.46695616906572
              ],
              [
                14.331362196583237,
                50.46722439442187
              ],
              [
                14.334375064008976,
                50.46215603036384
              ],
              [
                14.335401490084772,
                50.46245916015967
              ],
              [
                14.3379387179926,
                50.45962255679732
              ],
              [
                14.336336714254049,
                50.459051537229456
              ],
              [
                14.337792651125396,
                50.457449329188464
              ],
              [
                14.334496914150323,
                50.45584256958189
              ],
              [
                14.334465865807788,
                50.45514364807184
              ],
              [
                14.336354033392162,
                50.4539230298405
              ],
              [
                14.33228221761503,
                50.45165127609406
              ],
              [
                14.333717916436495,
                50.45117709002247
              ],
              [
                14.33373068995451,
                50.45041724249366
              ],
              [
                14.337826715332048,
                50.446852635965804
              ],
              [
                14.340822587235275,
                50.448308723109
              ],
              [
                14.341148105484487,
                50.447700745481505
              ],
              [
                14.338316033431532,
                50.44662078130736
              ],
              [
                14.33915568885547,
                50.44569356491171
              ],
              [
                14.340737946101637,
                50.44622462519277
              ],
              [
                14.341708795216915,
                50.44492081436009
              ],
              [
                14.34129674424532,
                50.44287815568923
              ],
              [
                14.346830941343878,
                50.44210488914209
              ],
              [
                14.347240988003588,
                50.442873010370846
              ],
              [
                14.352359670560482,
                50.4417914234105
              ],
              [
                14.352510141343572,
                50.43913485876546
              ],
              [
                14.351629031652099,
                50.43902531696837
              ],
              [
                14.352115957082297,
                50.43701452590092
              ],
              [
                14.364853394065339,
                50.437048584022854
              ],
              [
                14.36678532854037,
                50.43221212606881
              ],
              [
                14.365598758075455,
                50.431938277754504
              ],
              [
                14.365259120549037,
                50.43068680446014
              ],
              [
                14.362716930191809,
                50.43085292393961
              ],
              [
                14.360053801490537,
                50.43025842322136
              ],
              [
                14.359554848991474,
                50.428708201873874
              ],
              [
                14.362370580334803,
                50.4286176233434
              ],
              [
                14.361731795629213,
                50.427712529591055
              ],
              [
                14.365987108401656,
                50.42662306871759
              ],
              [
                14.368454993784512,
                50.42522279985511
              ],
              [
                14.367542011205158,
                50.42466254699975
              ],
              [
                14.371112521117716,
                50.421350060050706
              ],
              [
                14.37072432954213,
                50.42043484738626
              ],
              [
                14.366742446596039,
                50.4216366272155
              ],
              [
                14.366859243205544,
                50.42030795576844
              ],
              [
                14.367649199722763,
                50.420300896973224
              ],
              [
                14.367351964817779,
                50.41846004856964
              ],
              [
                14.372609502763975,
                50.41672693581775
              ],
              [
                14.371149126895123,
                50.41439943345869
              ],
              [
                14.377900704403158,
                50.410932218121324
              ],
              [
                14.375711690982135,
                50.41014061071605
              ],
              [
                14.375326295398997,
                50.409075268177766
              ],
              [
                14.369186347506167,
                50.41118941428248
              ],
              [
                14.363927477058317,
                50.4089015677563
              ],
              [
                14.36338969114855,
                50.406757232330925
              ],
              [
                14.364037482613869,
                50.405788278005055
              ],
              [
                14.369468944792946,
                50.40424714435695
              ],
              [
                14.370313158525907,
                50.40323399506839
              ],
              [
                14.369107024607496,
                50.40097226638566
              ],
              [
                14.369643340288961,
                50.399709723699296
              ],
              [
                14.368448595142368,
                50.39886839517539
              ],
              [
                14.374950242553288,
                50.39874225797654
              ],
              [
                14.379425983043824,
                50.397014665505615
              ],
              [
                14.37931522807979,
                50.396041201414796
              ],
              [
                14.379851959031296,
                50.39548596304116
              ],
              [
                14.378567420313352,
                50.395074909053086
              ],
              [
                14.37907629894281,
                50.393569957973206
              ],
              [
                14.376854017130313,
                50.393191311609
              ],
              [
                14.376889377855145,
                50.38935865113835
              ],
              [
                14.377754224424269,
                50.376408376482566
              ],
              [
                14.36745632413302,
                50.3777209854145
              ],
              [
                14.36758327827267,
                50.37473988767171
              ],
              [
                14.36910759163688,
                50.3713882947119
              ],
              [
                14.36744018330303,
                50.368367171784264
              ],
              [
                14.37110042826585,
                50.367881639068244
              ],
              [
                14.37031600781526,
                50.36550509658094
              ],
              [
                14.372324932089636,
                50.36546913033226
              ],
              [
                14.372103846074697,
                50.363341099274265
              ],
              [
                14.371971202658653,
                50.36272725594528
              ],
              [
                14.370193945960894,
                50.36272715556114
              ],
              [
                14.370062215420829,
                50.36185916452246
              ],
              [
                14.372253954586196,
                50.36167973665224
              ],
              [
                14.372058176076326,
                50.36048497149831
              ],
              [
                14.372680308867508,
                50.36043054018351
              ],
              [
                14.372234046951965,
                50.35916978239871
              ],
              [
                14.370980448643605,
                50.35927272600967
              ],
              [
                14.367336798462194,
                50.35245093009875
              ],
              [
                14.36281076352247,
                50.352462948855845
              ],
              [
                14.360460793049514,
                50.35059985433849
              ],
              [
                14.359827140391324,
                50.35088763313389
              ],
              [
                14.358219303934371,
                50.34981868461133
              ],
              [
                14.357012371184009,
                50.350946964680304
              ],
              [
                14.35925014670826,
                50.352725593042656
              ],
              [
                14.354371834055181,
                50.35335132914641
              ],
              [
                14.354079842634965,
                50.35201998272224
              ],
              [
                14.355103958422031,
                50.352306882233215
              ],
              [
                14.356360344805319,
                50.35058150110129
              ],
              [
                14.355005202190464,
                50.3496555175081
              ],
              [
                14.352853158042418,
                50.351058251916164
              ],
              [
                14.353674558804997,
                50.350075822684225
              ],
              [
                14.351771042974628,
                50.3493465282535
              ],
              [
                14.350151915954067,
                50.352885700693136
              ],
              [
                14.344101791202768,
                50.35293495797202
              ],
              [
                14.344245264585085,
                50.3550165248064
              ],
              [
                14.339452795002467,
                50.355435443819346
              ],
              [
                14.338776319359457,
                50.355675665892974
              ],
              [
                14.339508896752609,
                50.35663982034394
              ],
              [
                14.328966506328925,
                50.3580429723841
              ],
              [
                14.327209872787963,
                50.35619315843156
              ],
              [
                14.325192016699253,
                50.356651417925164
              ],
              [
                14.32486648178662,
                50.35786249254059
              ],
              [
                14.323542558397623,
                50.357578902711566
              ],
              [
                14.322047288924049,
                50.35448615820282
              ],
              [
                14.323194166875712,
                50.35371217798694
              ],
              [
                14.323014242918601,
                50.35275716757688
              ],
              [
                14.318691861881476,
                50.35332921192123
              ],
              [
                14.314349469708855,
                50.35492223007178
              ],
              [
                14.313090665462717,
                50.35418427064441
              ],
              [
                14.307090768528932,
                50.35565006758449
              ],
              [
                14.308810373590815,
                50.35026311643889
              ],
              [
                14.303758276065452,
                50.35079351378861
              ],
              [
                14.304521581412681,
                50.35247063429739
              ],
              [
                14.299376009103115,
                50.35357240819446
              ],
              [
                14.296872070453128,
                50.35177270893296
              ],
              [
                14.295464415887174,
                50.349536999969615
              ],
              [
                14.288437201123024,
                50.350070307251784
              ],
              [
                14.282484883524333,
                50.35117100719027
              ],
              [
                14.280307496247712,
                50.35378657844822
              ],
              [
                14.274700936379919,
                50.35516753417817
              ],
              [
                14.271842323765037,
                50.35185167213808
              ],
              [
                14.272831092479626,
                50.35087707790349
              ],
              [
                14.271046330098862,
                50.350270896890486
              ],
              [
                14.271316888820065,
                50.349832098309
              ],
              [
                14.268633213894578,
                50.35080282287268
              ],
              [
                14.26782762296417,
                50.35002818773004
              ],
              [
                14.26737996313374,
                50.34947989868146
              ],
              [
                14.268293135967538,
                50.34916572056726
              ],
              [
                14.264336803007506,
                50.34411996543462
              ],
              [
                14.264535274643006,
                50.343159735791424
              ],
              [
                14.26300938552573,
                50.341049612609524
              ],
              [
                14.26160006492689,
                50.3400073012308
              ],
              [
                14.260086392835262,
                50.34046704813504
              ],
              [
                14.258406914373545,
                50.337689922074134
              ],
              [
                14.257382197713511,
                50.33793810571058
              ],
              [
                14.255828308362636,
                50.33558694209187
              ],
              [
                14.253478171443739,
                50.3363742484085
              ],
              [
                14.252990742839216,
                50.33577946558477
              ],
              [
                14.25406292000379,
                50.33538868560905
              ],
              [
                14.251803265873937,
                50.33229701202745
              ],
              [
                14.252884275520518,
                50.332051111875636
              ],
              [
                14.250935523595139,
                50.32924061471846
              ],
              [
                14.250807972341915,
                50.32877827025277
              ],
              [
                14.247841625950471,
                50.3288550609928
              ],
              [
                14.24768322544033,
                50.33033707431907
              ],
              [
                14.248958428294346,
                50.33112429589671
              ],
              [
                14.240486970200505,
                50.332708243166245
              ],
              [
                14.240834408491011,
                50.33397633375838
              ],
              [
                14.230893780029742,
                50.33584020103412
              ],
              [
                14.221386147934027,
                50.339216577293804
              ],
              [
                14.2159714396976,
                50.34038170806992
              ],
              [
                14.215063110186964,
                50.337671109645626
              ],
              [
                14.210755981621253,
                50.33827529968434
              ],
              [
                14.210491793002872,
                50.337714526107206
              ],
              [
                14.211965907885102,
                50.33748270820157
              ],
              [
                14.211347681801897,
                50.3355753840411
              ],
              [
                14.201978137702092,
                50.33711756242961
              ],
              [
                14.200675949481152,
                50.33583298419412
              ],
              [
                14.19326292086159,
                50.339782607273065
              ],
              [
                14.198108764502638,
                50.3433603714104
              ],
              [
                14.188990808932486,
                50.34512143876722
              ],
              [
                14.182550877686829,
                50.345645124852965
              ],
              [
                14.18393009186221,
                50.34201008970181
              ],
              [
                14.183293529034046,
                50.33750968273676
              ],
              [
                14.181860122110425,
                50.33477364908433
              ],
              [
                14.169114780594983,
                50.33606532808855
              ],
              [
                14.168879127436808,
                50.33448434141213
              ],
              [
                14.16707509843203,
                50.33460221418202
              ],
              [
                14.1669823532587,
                50.33374152361333
              ],
              [
                14.146228147757006,
                50.33280852468458
              ],
              [
                14.146065561751566,
                50.33170628809588
              ],
              [
                14.144061901878224,
                50.33121534621282
              ],
              [
                14.141466137912477,
                50.33124146022981
              ],
              [
                14.139440581811204,
                50.33309414893667
              ],
              [
                14.127411742388887,
                50.333302342560536
              ],
              [
                14.11725817865831,
                50.333235691351874
              ],
              [
                14.116935783593739,
                50.335093757948755
              ],
              [
                14.112217347750411,
                50.33542916258108
              ],
              [
                14.10034677453548,
                50.33521783619719
              ],
              [
                14.097187143626115,
                50.33501058082441
              ],
              [
                14.096781638327975,
                50.33448507204428
              ],
              [
                14.078203809621083,
                50.335163118879386
              ],
              [
                14.0781395655652,
                50.335591899568676
              ],
              [
                14.075386570072705,
                50.33538057494059
              ],
              [
                14.074614296679364,
                50.33805842737684
              ],
              [
                14.070524825325315,
                50.338363582412235
              ],
              [
                14.070312916014597,
                50.33937219888315
              ],
              [
                14.06692694975129,
                50.33937645252308
              ],
              [
                14.066847148000916,
                50.34095153690921
              ],
              [
                14.054349070801,
                50.34086524900613
              ],
              [
                14.052878040326611,
                50.34166250127394
              ],
              [
                14.052157660311122,
                50.34400576933649
              ],
              [
                14.050644941198518,
                50.34400073121069
              ],
              [
                14.050320861023103,
                50.34606558321249
              ],
              [
                14.049137584104825,
                50.346071533734026
              ],
              [
                14.049279485415363,
                50.34404172256987
              ],
              [
                14.048603064789347,
                50.34413607838246
              ],
              [
                14.04855702085944,
                50.34606620687579
              ],
              [
                14.048019728406823,
                50.34422857702813
              ],
              [
                14.047638673955719,
                50.3449502968351
              ],
              [
                14.044047374488855,
                50.34530698552188
              ],
              [
                14.04387012471163,
                50.34738798223264
              ],
              [
                14.041747256493133,
                50.347083345719106
              ],
              [
                14.04183692960485,
                50.35172503736479
              ],
              [
                14.038197879621652,
                50.35165646700723
              ],
              [
                14.040279316167661,
                50.35196572098153
              ],
              [
                14.038920802419506,
                50.35240113157475
              ],
              [
                14.039032860116217,
                50.352947115149234
              ],
              [
                14.04191238203036,
                50.352810496586585
              ],
              [
                14.04036944402905,
                50.35309911544366
              ],
              [
                14.041346743481242,
                50.355617354749434
              ],
              [
                14.040186296065087,
                50.35555357477242
              ],
              [
                14.040476868087463,
                50.356954759589456
              ],
              [
                14.03997772123312,
                50.35604728506442
              ],
              [
                14.036841424604141,
                50.35629536713535
              ],
              [
                14.037289623563128,
                50.358161983283715
              ],
              [
                14.035766757461396,
                50.35841570239793
              ],
              [
                14.036976006723119,
                50.359543664451046
              ],
              [
                14.035959273759383,
                50.36247677878442
              ],
              [
                14.033699139395692,
                50.36201719536116
              ],
              [
                14.032417649362614,
                50.36452122489919
              ],
              [
                14.030071061347215,
                50.364413869885446
              ],
              [
                14.029963473253371,
                50.36562030551413
              ],
              [
                14.028448594257377,
                50.36565271789763
              ],
              [
                14.02830389958664,
                50.36691634033342
              ],
              [
                14.026981976857451,
                50.36696892441538
              ],
              [
                14.02716185349004,
                50.37005431454721
              ],
              [
                14.026449698024365,
                50.37053012173513
              ],
              [
                14.025710142123058,
                50.37545684626997
              ],
              [
                14.034146368958126,
                50.37623570801186
              ],
              [
                14.03321947781377,
                50.37996753983175
              ],
              [
                14.039578399727421,
                50.381750188460025
              ],
              [
                14.038767012207545,
                50.382946742448794
              ],
              [
                14.03987327109398,
                50.385248020281516
              ],
              [
                14.039145528784351,
                50.38634968316627
              ],
              [
                14.046509111755713,
                50.38833755167908
              ],
              [
                14.045647391989796,
                50.39012068443953
              ],
              [
                14.046818262630952,
                50.390741628514604
              ],
              [
                14.06034457223258,
                50.39023010403361
              ],
              [
                14.080344281835032,
                50.391572006802534
              ],
              [
                14.080706369565561,
                50.39251241020349
              ],
              [
                14.083408767055095,
                50.39286699429338
              ],
              [
                14.080062754052099,
                50.3941880162363
              ],
              [
                14.088789712200898,
                50.39588417875342
              ],
              [
                14.08874079994403,
                50.39844638051298
              ],
              [
                14.090408406483448,
                50.39940044384863
              ],
              [
                14.09283923004036,
                50.39894995884222
              ],
              [
                14.093248993858559,
                50.39940298398859
              ],
              [
                14.09195231889168,
                50.39992443188955
              ],
              [
                14.092434946476084,
                50.40293789729415
              ],
              [
                14.086943819584947,
                50.405275473421376
              ],
              [
                14.087593633941978,
                50.405930765369234
              ],
              [
                14.086996135228324,
                50.40734315251625
              ],
              [
                14.088142739458991,
                50.40782026828524
              ],
              [
                14.084951849020385,
                50.407358831348354
              ],
              [
                14.08387969353116,
                50.40810167167078
              ],
              [
                14.084449519331121,
                50.41198845587248
              ],
              [
                14.08159245159418,
                50.41172500892868
              ],
              [
                14.081041508669541,
                50.413729616766986
              ],
              [
                14.078850694303148,
                50.413568436732724
              ],
              [
                14.07814923780806,
                50.419216958062876
              ],
              [
                14.076113277970656,
                50.41928277866632
              ],
              [
                14.076272679002829,
                50.42349048340562
              ],
              [
                14.078194573933525,
                50.42792748494072
              ],
              [
                14.081697368876391,
                50.42709630456994
              ],
              [
                14.082738627485822,
                50.429227953791525
              ],
              [
                14.083635407956608,
                50.42912634320008
              ],
              [
                14.08366762249902,
                50.43123078948886
              ],
              [
                14.084434713753504,
                50.43122527157966
              ],
              [
                14.084522964303583,
                50.431875583089735
              ],
              [
                14.102663519394865,
                50.43155416842661
              ],
              [
                14.10267402408583,
                50.43469411540763
              ],
              [
                14.105800838517366,
                50.434354341238624
              ],
              [
                14.106841505750163,
                50.43439544100723
              ],
              [
                14.107728998779503,
                50.437772099925
              ],
              [
                14.110638874800221,
                50.437250983089776
              ],
              [
                14.110020046897944,
                50.43550994853267
              ],
              [
                14.114098226749514,
                50.43533032170513
              ],
              [
                14.114511216500118,
                50.43641087879157
              ],
              [
                14.113956497618874,
                50.431942379301645
              ],
              [
                14.12022618987287,
                50.431751081974305
              ],
              [
                14.120154494851626,
                50.42917013575599
              ],
              [
                14.122942947106292,
                50.42943040020672
              ],
              [
                14.122847533493625,
                50.42566806217367
              ],
              [
                14.129445241117082,
                50.424980018789725
              ],
              [
                14.129254540037117,
                50.424071005374095
              ],
              [
                14.130504703724418,
                50.42379607556057
              ],
              [
                14.131459377817649,
                50.42571814298461
              ],
              [
                14.131576436404595,
                50.4236829698103
              ],
              [
                14.13305557582589,
                50.42411236308049
              ],
              [
                14.139525605177285,
                50.42905501105708
              ],
              [
                14.142654794560068,
                50.429648487172344
              ],
              [
                14.149690556020927,
                50.43279502288731
              ],
              [
                14.152820394874293,
                50.43312085199978
              ],
              [
                14.158154765318509,
                50.43188086796362
              ],
              [
                14.158069947950786,
                50.43243180035873
              ],
              [
                14.160444040261154,
                50.43267937175194
              ],
              [
                14.16138368231064,
                50.43344096839857
              ],
              [
                14.159784777923507,
                50.43549581534433
              ],
              [
                14.161983787330588,
                50.437223508364085
              ],
              [
                14.162608873970582,
                50.43744682235453
              ],
              [
                14.165951976059015,
                50.43543135429663
              ],
              [
                14.166683642568604,
                50.43564064353834
              ],
              [
                14.166439289467455,
                50.43671797493534
              ],
              [
                14.162799118882711,
                50.43989674841857
              ],
              [
                14.157732646006838,
                50.443100489947504
              ],
              [
                14.157966655296558,
                50.444885852868055
              ],
              [
                14.159324591751577,
                50.44580545977088
              ],
              [
                14.163667667702192,
                50.44562594691116
              ],
              [
                14.16574203436326,
                50.44644023012129
              ],
              [
                14.16603238610699,
                50.44757490088728
              ],
              [
                14.164581835512525,
                50.448663150914285
              ],
              [
                14.16376208812016,
                50.44781109042992
              ],
              [
                14.158553451067267,
                50.449052821214316
              ],
              [
                14.157894495445017,
                50.45100909636831
              ],
              [
                14.159230985982136,
                50.451731905510755
              ],
              [
                14.159318806134953,
                50.45269826273393
              ],
              [
                14.157644036106642,
                50.452616946850576
              ],
              [
                14.154896542665153,
                50.45382281014946
              ],
              [
                14.154910429704286,
                50.455439970231545
              ],
              [
                14.158480517915804,
                50.45957440995716
              ],
              [
                14.153551899334232,
                50.46526453015267
              ],
              [
                14.152924498420946,
                50.46623805433545
              ],
              [
                14.158817210444221,
                50.46798610608345
              ],
              [
                14.158569329821576,
                50.46880127011221
              ],
              [
                14.161868905418242,
                50.469845404362204
              ],
              [
                14.161589370373893,
                50.47072027707389
              ],
              [
                14.16252699320104,
                50.47083886676061
              ],
              [
                14.163551422088373,
                50.467473753822624
              ],
              [
                14.165324406722462,
                50.469021848163564
              ],
              [
                14.16966838716687,
                50.46770599215636
              ],
              [
                14.17081297659316,
                50.46631963219318
              ],
              [
                14.172577739919884,
                50.46564206214308
              ],
              [
                14.176211304542653,
                50.46526896725496
              ],
              [
                14.1767693669312,
                50.466436187613546
              ],
              [
                14.178142647352377,
                50.46622540770274
              ],
              [
                14.178829259941029,
                50.46598318585038
              ],
              [
                14.177173619927926,
                50.4648861325165
              ],
              [
                14.181188264350405,
                50.46505959753638
              ],
              [
                14.181428345158052,
                50.46374872406914
              ],
              [
                14.183998639269177,
                50.463827179782825
              ],
              [
                14.182111390234585,
                50.466488762145765
              ],
              [
                14.182858882858177,
                50.4669039648022
              ],
              [
                14.187709711147457,
                50.46811101119722
              ],
              [
                14.190545036354804,
                50.468207121160916
              ],
              [
                14.188809443526873,
                50.4707374201329
              ],
              [
                14.189435024020076,
                50.471012513141716
              ],
              [
                14.189311089314893,
                50.47370946885563
              ],
              [
                14.18685516819685,
                50.47357390770844
              ],
              [
                14.185620941856119,
                50.47486699705158
              ],
              [
                14.186568627091962,
                50.47768684955046
              ],
              [
                14.189410411345971,
                50.47738022576159
              ],
              [
                14.194724015653097,
                50.47575459023821
              ],
              [
                14.204644244871806,
                50.47432938709294
              ],
              [
                14.205783763404035,
                50.47786842528248
              ],
              [
                14.208442174042784,
                50.4775749563521
              ],
              [
                14.208697017453844,
                50.47869986189721
              ],
              [
                14.207389186321956,
                50.47890481338537
              ],
              [
                14.207874752090083,
                50.48290337831638
              ],
              [
                14.204388081619877,
                50.48310497668712
              ],
              [
                14.204839513682238,
                50.48643458455614
              ],
              [
                14.208628570049711,
                50.485945207693504
              ],
              [
                14.20905558975502,
                50.48717441718144
              ],
              [
                14.208096117255915,
                50.48745455978407
              ],
              [
                14.209249990135918,
                50.489368349980055
              ],
              [
                14.205727984416468,
                50.48977866950684
              ],
              [
                14.208240726728945,
                50.49185559066457
              ],
              [
                14.211168942618794,
                50.491890758484416
              ],
              [
                14.213425860604863,
                50.49107443388279
              ],
              [
                14.212599124183198,
                50.490559424669094
              ],
              [
                14.213259346626375,
                50.489661239109275
              ],
              [
                14.214843363818883,
                50.48984489502242
              ],
              [
                14.215532088456648,
                50.488813712084216
              ],
              [
                14.216904998774073,
                50.48856490829727
              ],
              [
                14.217714094935378,
                50.4918099276367
              ],
              [
                14.220009417941052,
                50.493321910532416
              ],
              [
                14.222026077784314,
                50.49031690748381
              ],
              [
                14.227059945527133,
                50.490976260367006
              ],
              [
                14.222326729846493,
                50.49732146123629
              ],
              [
                14.227301239922005,
                50.498934542646765
              ],
              [
                14.230707021210081,
                50.492822359573545
              ],
              [
                14.234403008576178,
                50.49361780742971
              ],
              [
                14.23360237635975,
                50.49479012531505
              ],
              [
                14.235855596685997,
                50.495048367379674
              ],
              [
                14.236068357913412,
                50.494151036195646
              ],
              [
                14.238420824039386,
                50.49422746077599
              ],
              [
                14.238842770501652,
                50.495933263158214
              ],
              [
                14.238744931783113,
                50.49368540984171
              ],
              [
                14.241222729291765,
                50.49527939036888
              ],
              [
                14.242000835813242,
                50.49494265517299
              ],
              [
                14.242869021825792,
                50.49720437363085
              ],
              [
                14.241744958491909,
                50.50007875318017
              ],
              [
                14.2450212142657,
                50.498030487900955
              ],
              [
                14.243343497643579,
                50.50074450303253
              ]
            ]
          ]
        ]
      }
    },
    {
      "type": "Feature",
      "properties": {
        "name": "Podbořany"
      },
      "geometry": {
        "type": "MultiPolygon",
        "coordinates": [
          [
            [
              [
                13.398494425525179,
                50.29651558488497
              ],
              [
                13.414708891682123,
                50.29675381581821
              ],
              [
                13.421766514743512,
                50.29817372994
              ],
              [
                13.424821684766547,
                50.29798042068126
              ],
              [
                13.423158030414939,
                50.29977037238031
              ],
              [
                13.427552611290972,
                50.29978493751428
              ],
              [
                13.426887259823596,
                50.30058407332952
              ],
              [
                13.434298941012312,
                50.300842153146995
              ],
              [
                13.434770239541578,
                50.303032246738034
              ],
              [
                13.435594576004366,
                50.303069916083466
              ],
              [
                13.435085507452722,
                50.30188776488714
              ],
              [
                13.436852158242083,
                50.30001989881723
              ],
              [
                13.436631030106698,
                50.3017477982869
              ],
              [
                13.439527181205905,
                50.30218465722772
              ],
              [
                13.4398425925326,
                50.299577782786095
              ],
              [
                13.445561793725945,
                50.300119877471346
              ],
              [
                13.446889388000699,
                50.29766543431376
              ],
              [
                13.448795310311596,
                50.298053079473505
              ],
              [
                13.4509866143464,
                50.2952686528234
              ],
              [
                13.450631316867787,
                50.29454672656702
              ],
              [
                13.453185294038681,
                50.29137034638326
              ],
              [
                13.453228558287615,
                50.289232303142626
              ],
              [
                13.454253985264236,
                50.28848041572626
              ],
              [
                13.452921716467523,
                50.28747277527751
              ],
              [
                13.450585607821713,
                50.28702611794812
              ],
              [
                13.452331346372274,
                50.2866975800546
              ],
              [
                13.45466557561542,
                50.287421072547666
              ],
              [
                13.457434104310236,
                50.28929830461494
              ],
              [
                13.461216021605665,
                50.282364851804026
              ],
              [
                13.464887810147719,
                50.282957549657944
              ],
              [
                13.469698155581767,
                50.282875881008025
              ],
              [
                13.471216990149411,
                50.285109496449756
              ],
              [
                13.475590301173266,
                50.28432584473606
              ],
              [
                13.47678120345898,
                50.28601338141433
              ],
              [
                13.472904151893033,
                50.28698371399102
              ],
              [
                13.476128491711318,
                50.29092814751342
              ],
              [
                13.476983712106758,
                50.29343932183266
              ],
              [
                13.479847850356467,
                50.29263020912162
              ],
              [
                13.478226620091194,
                50.291333121266874
              ],
              [
                13.490561064824199,
                50.288176244986744
              ],
              [
                13.489810076062936,
                50.286202874674004
              ],
              [
                13.486043574166091,
                50.286694663333925
              ],
              [
                13.481321386630094,
                50.28141809559075
              ],
              [
                13.488070737506408,
                50.28002250969394
              ],
              [
                13.481817534476429,
                50.27600037770887
              ],
              [
                13.484224399370484,
                50.27519245337032
              ],
              [
                13.483794708148412,
                50.27272853476317
              ],
              [
                13.485601982550072,
                50.27244177878199
              ],
              [
                13.489049413323476,
                50.26825101486109
              ],
              [
                13.487250021548284,
                50.26729632129436
              ],
              [
                13.49002648581658,
                50.26522888614575
              ],
              [
                13.491279818710268,
                50.2656219589872
              ],
              [
                13.49206148051493,
                50.26514120635662
              ],
              [
                13.49261618741979,
                50.2646277655265
              ],
              [
                13.491832046208804,
                50.263645657406215
              ],
              [
                13.492955893884897,
                50.263249695930575
              ],
              [
                13.491877436085389,
                50.260174808021965
              ],
              [
                13.492395799122807,
                50.25897833786574
              ],
              [
                13.494363470085483,
                50.258296363691876
              ],
              [
                13.493148977556594,
                50.25692166409476
              ],
              [
                13.494211475923898,
                50.25574788988447
              ],
              [
                13.497746443559349,
                50.25689104321208
              ],
              [
                13.498379093715487,
                50.25625971949035
              ],
              [
                13.502273031968048,
                50.25576967666625
              ],
              [
                13.503126311133835,
                50.256577982430635
              ],
              [
                13.504961116680786,
                50.2562180928089
              ],
              [
                13.503803815819982,
                50.254933677462056
              ],
              [
                13.504486767041314,
                50.25469020803018
              ],
              [
                13.505399063390772,
                50.25574556167176
              ],
              [
                13.50820433107872,
                50.254109364616326
              ],
              [
                13.5088062535745,
                50.25438393810832
              ],
              [
                13.50941255922496,
                50.253582022568764
              ],
              [
                13.508694858365613,
                50.253262944570004
              ],
              [
                13.510013368473182,
                50.25253328409035
              ],
              [
                13.509192980483787,
                50.2519793092428
              ],
              [
                13.510771285436146,
                50.25080642266958
              ],
              [
                13.51010984357339,
                50.25069605215535
              ],
              [
                13.513739077587966,
                50.24746728099663
              ],
              [
                13.515259220504817,
                50.247551126388814
              ],
              [
                13.518866711910864,
                50.24390576788966
              ],
              [
                13.515378406579861,
                50.24253477259625
              ],
              [
                13.519181069544304,
                50.24065359913473
              ],
              [
                13.524960356416582,
                50.23394786526073
              ],
              [
                13.534475329789633,
                50.228982913396344
              ],
              [
                13.538589702386796,
                50.225069610668825
              ],
              [
                13.53981894691337,
                50.22561000787836
              ],
              [
                13.54611387756211,
                50.22326168413928
              ],
              [
                13.551666935397412,
                50.22298884228188
              ],
              [
                13.554946176197312,
                50.221684392205034
              ],
              [
                13.564138839082275,
                50.21989365065485
              ],
              [
                13.563125744506983,
                50.217750354747665
              ],
              [
                13.56352459279296,
                50.21530052829129
              ],
              [
                13.561312558537885,
                50.21046325705946
              ],
              [
                13.562975818657325,
                50.20687872798843
              ],
              [
                13.567183668591438,
                50.2060033243219
              ],
              [
                13.565235841992964,
                50.20509152989364
              ],
              [
                13.562428620316595,
                50.201165278730755
              ],
              [
                13.557858329183402,
                50.2003686411619
              ],
              [
                13.556675461285415,
                50.19945711160386
              ],
              [
                13.555828959978673,
                50.20019319178084
              ],
              [
                13.55560489323832,
                50.199732700300565
              ],
              [
                13.556277697628357,
                50.19734387447148
              ],
              [
                13.55845893414362,
                50.195223905391735
              ],
              [
                13.557845990382866,
                50.1937545812871
              ],
              [
                13.560153854144135,
                50.192822645699955
              ],
              [
                13.560642084542144,
                50.19173029180601
              ],
              [
                13.558375780623022,
                50.192890397924174
              ],
              [
                13.556535510328574,
                50.19242770348835
              ],
              [
                13.554080763764478,
                50.19332420672303
              ],
              [
                13.553145190334936,
                50.19310625618246
              ],
              [
                13.554921347976892,
                50.19113494080583
              ],
              [
                13.548969596764714,
                50.191308674499446
              ],
              [
                13.543868060782033,
                50.19144667069973
              ],
              [
                13.542397569999624,
                50.1905341425331
              ],
              [
                13.535786752041782,
                50.18944129524897
              ],
              [
                13.535440915971582,
                50.18761179866248
              ],
              [
                13.53624285775181,
                50.18574952886745
              ],
              [
                13.535206782768107,
                50.185630665153646
              ],
              [
                13.534609355931954,
                50.183952527363324
              ],
              [
                13.530227887872822,
                50.18351731477961
              ],
              [
                13.528368517909444,
                50.18289053925937
              ],
              [
                13.528520242448408,
                50.18241256083074
              ],
              [
                13.52670701339596,
                50.1827490664751
              ],
              [
                13.525587384600223,
                50.180752771496266
              ],
              [
                13.523531762643081,
                50.18093534578103
              ],
              [
                13.522541303148387,
                50.17858350128473
              ],
              [
                13.519026855207736,
                50.17952499391127
              ],
              [
                13.514555668663569,
                50.17716933615115
              ],
              [
                13.516325180697832,
                50.17570963922633
              ],
              [
                13.515536170946474,
                50.174619923048276
              ],
              [
                13.515971783131572,
                50.17387545280564
              ],
              [
                13.51823930740583,
                50.174683248225946
              ],
              [
                13.518448070481744,
                50.174102577651965
              ],
              [
                13.514923218908848,
                50.17224431954213
              ],
              [
                13.514175063587134,
                50.17257409805134
              ],
              [
                13.512167072925918,
                50.17163883778207
              ],
              [
                13.513860183874032,
                50.170528768047575
              ],
              [
                13.512751503698148,
                50.16891017349013
              ],
              [
                13.508930992957108,
                50.168844997603586
              ],
              [
                13.509134530939,
                50.168106543111826
              ],
              [
                13.50707782145791,
                50.16762924478111
              ],
              [
                13.507833607815153,
                50.16701413056578
              ],
              [
                13.504401424627316,
                50.16611531555815
              ],
              [
                13.502908752009674,
                50.165895892288944
              ],
              [
                13.502693629321532,
                50.166669594741656
              ],
              [
                13.494891015340238,
                50.16565289193877
              ],
              [
                13.495533185081587,
                50.164031935893036
              ],
              [
                13.490102306459336,
                50.16696253779062
              ],
              [
                13.488419990394457,
                50.166565771436304
              ],
              [
                13.489237641328751,
                50.16635869603264
              ],
              [
                13.48992111270422,
                50.16342937932224
              ],
              [
                13.488107007063302,
                50.163896719268344
              ],
              [
                13.490892697323993,
                50.159711777816774
              ],
              [
                13.488742406888958,
                50.1592208820787
              ],
              [
                13.487879824249186,
                50.158062773323074
              ],
              [
                13.489772387419729,
                50.15801036427761
              ],
              [
                13.490624475313144,
                50.156010920007965
              ],
              [
                13.491882078690796,
                50.15549765056623
              ],
              [
                13.492213810625318,
                50.154007663924595
              ],
              [
                13.491061214296167,
                50.15399427425446
              ],
              [
                13.491351344276815,
                50.15220977628313
              ],
              [
                13.49315613017947,
                50.1495896094618
              ],
              [
                13.494954037793057,
                50.149766765686465
              ],
              [
                13.49468667270433,
                50.14919833445306
              ],
              [
                13.493250531286348,
                50.149042015777006
              ],
              [
                13.493356968468285,
                50.14764256260028
              ],
              [
                13.494581146200826,
                50.14777150665106
              ],
              [
                13.493062502629307,
                50.1466619982247
              ],
              [
                13.492667464653518,
                50.14465176336546
              ],
              [
                13.48819452781429,
                50.14491557327586
              ],
              [
                13.479374635503001,
                50.14385934304453
              ],
              [
                13.481596727887123,
                50.142758544529826
              ],
              [
                13.486109812816885,
                50.14333600855416
              ],
              [
                13.487763761813467,
                50.14230794393086
              ],
              [
                13.489311605713475,
                50.13948944938903
              ],
              [
                13.488457051045817,
                50.135970926751966
              ],
              [
                13.489778843889969,
                50.13574415163305
              ],
              [
                13.490119219625582,
                50.13423927919177
              ],
              [
                13.491885883139513,
                50.13427295607125
              ],
              [
                13.491612753786672,
                50.1327140838467
              ],
              [
                13.490444753353584,
                50.13200968990788
              ],
              [
                13.492988042070323,
                50.12842317156792
              ],
              [
                13.49077646941586,
                50.127045042572675
              ],
              [
                13.48919290140717,
                50.127252233483134
              ],
              [
                13.48875926845975,
                50.126596687532235
              ],
              [
                13.486891959498946,
                50.12721030347896
              ],
              [
                13.484383748304056,
                50.12660765769372
              ],
              [
                13.479954948110596,
                50.12705274398839
              ],
              [
                13.47743414206557,
                50.12652227811512
              ],
              [
                13.476279847180365,
                50.12931262492707
              ],
              [
                13.473954425404763,
                50.13089590653741
              ],
              [
                13.473142169186772,
                50.13086112122397
              ],
              [
                13.472220182848174,
                50.12958830952277
              ],
              [
                13.471462560413553,
                50.13019409398875
              ],
              [
                13.472803768053794,
                50.131942291964606
              ],
              [
                13.47091620628489,
                50.13284259983977
              ],
              [
                13.469336006197057,
                50.13161288213015
              ],
              [
                13.46941606582022,
                50.130141089871785
              ],
              [
                13.467825712418817,
                50.128900899437745
              ],
              [
                13.467438211404552,
                50.1275359444245
              ],
              [
                13.467649291289732,
                50.12561447684023
              ],
              [
                13.468322392090117,
                50.125496717402356
              ],
              [
                13.467832415503583,
                50.12321648662211
              ],
              [
                13.470073689559038,
                50.121485896179244
              ],
              [
                13.468799685305227,
                50.12095135872806
              ],
              [
                13.469700975306736,
                50.11798043987303
              ],
              [
                13.468519608273388,
                50.11696213254883
              ],
              [
                13.470376201682335,
                50.116114928849036
              ],
              [
                13.47124025885921,
                50.114321986673275
              ],
              [
                13.464664986380523,
                50.11342447855416
              ],
              [
                13.463628817253717,
                50.11441337970188
              ],
              [
                13.461268264254851,
                50.11424853421701
              ],
              [
                13.461063770894414,
                50.11348492718044
              ],
              [
                13.460119037035735,
                50.113777613623284
              ],
              [
                13.460025508289906,
                50.1126836894413
              ],
              [
                13.464657256120196,
                50.110480700588674
              ],
              [
                13.463943174537016,
                50.10934774823552
              ],
              [
                13.464334139448225,
                50.10796217454455
              ],
              [
                13.463129924067093,
                50.10817717118411
              ],
              [
                13.46310530882747,
                50.10592852036855
              ],
              [
                13.455711791439496,
                50.104764570354526
              ],
              [
                13.449794131416839,
                50.10686723704122
              ],
              [
                13.445428574883435,
                50.10641542291965
              ],
              [
                13.442151042071389,
                50.108021932448125
              ],
              [
                13.440828805554668,
                50.109612038977936
              ],
              [
                13.438895870108839,
                50.11040518813358
              ],
              [
                13.438104336088044,
                50.10941962426242
              ],
              [
                13.432755229477692,
                50.11023169788481
              ],
              [
                13.42558358339516,
                50.109584427776674
              ],
              [
                13.42653958385088,
                50.10640904737404
              ],
              [
                13.425143595639192,
                50.10627092081698
              ],
              [
                13.425632725722028,
                50.10406068971175
              ],
              [
                13.420774688599158,
                50.10401894920003
              ],
              [
                13.421106572205856,
                50.10270649583893
              ],
              [
                13.42061006986368,
                50.10211912182144
              ],
              [
                13.418236453328806,
                50.10208845899374
              ],
              [
                13.417338817116391,
                50.09989520325665
              ],
              [
                13.41225083501477,
                50.10106732709296
              ],
              [
                13.410791135342542,
                50.09941443465483
              ],
              [
                13.404634557732683,
                50.09838857704717
              ],
              [
                13.406349760933002,
                50.097107172515905
              ],
              [
                13.409349645771586,
                50.09635512594397
              ],
              [
                13.409864242598259,
                50.094315066883546
              ],
              [
                13.406967695069161,
                50.09000186270665
              ],
              [
                13.40490775568343,
                50.090667284309475
              ],
              [
                13.40473740352251,
                50.08938227595027
              ],
              [
                13.40399006849038,
                50.08927860082653
              ],
              [
                13.405565909470457,
                50.08652518796206
              ],
              [
                13.404751719058364,
                50.08532146615793
              ],
              [
                13.404171088001572,
                50.085801763743966
              ],
              [
                13.400118375557541,
                50.08386992525603
              ],
              [
                13.399098551896852,
                50.08396461804896
              ],
              [
                13.399477180044682,
                50.082641096981625
              ],
              [
                13.398456906245716,
                50.084180581515085
              ],
              [
                13.398622357026898,
                50.08252561906065
              ],
              [
                13.397152897262234,
                50.08386777526912
              ],
              [
                13.395882244836086,
                50.08329111690781
              ],
              [
                13.395114340784211,
                50.0827797745614
              ],
              [
                13.395485132917353,
                50.08084701330274
              ],
              [
                13.391658674796059,
                50.080830081332195
              ],
              [
                13.391406380798,
                50.082706751348205
              ],
              [
                13.390311128340288,
                50.08263576690099
              ],
              [
                13.386976577970238,
                50.082476915276764
              ],
              [
                13.387031389074972,
                50.08156248568275
              ],
              [
                13.379908787352594,
                50.079636499419834
              ],
              [
                13.378601359709158,
                50.078559296134415
              ],
              [
                13.37735042977312,
                50.07900398185874
              ],
              [
                13.377156854886675,
                50.078040980468565
              ],
              [
                13.37460512755473,
                50.07791841437337
              ],
              [
                13.374057331417648,
                50.078794942203125
              ],
              [
                13.372672144859973,
                50.07895326044774
              ],
              [
                13.372341698159513,
                50.07737207992662
              ],
              [
                13.371421403607425,
                50.07772525882546
              ],
              [
                13.37187510557001,
                50.07890524633639
              ],
              [
                13.370487407866198,
                50.07992808504486
              ],
              [
                13.369148904604058,
                50.080062646971115
              ],
              [
                13.369057970978577,
                50.084171184440365
              ],
              [
                13.370031830154737,
                50.08442721158104
              ],
              [
                13.371121830187889,
                50.09102294317866
              ],
              [
                13.370529821989193,
                50.09161295092336
              ],
              [
                13.365425833238675,
                50.09096484848185
              ],
              [
                13.365932917114375,
                50.09221437919851
              ],
              [
                13.362784185223186,
                50.09259927504069
              ],
              [
                13.360961838879081,
                50.09496873192978
              ],
              [
                13.35869258939055,
                50.094186346860766
              ],
              [
                13.355498368521488,
                50.09473804604829
              ],
              [
                13.355575476870257,
                50.09530555566807
              ],
              [
                13.35894091710276,
                50.09692940280205
              ],
              [
                13.357968981488682,
                50.097484460736915
              ],
              [
                13.35829664618675,
                50.099241601948066
              ],
              [
                13.355095077623794,
                50.099245011306195
              ],
              [
                13.354535630082044,
                50.10049861152984
              ],
              [
                13.352233546084951,
                50.1003028785612
              ],
              [
                13.351914969853773,
                50.10083228653217
              ],
              [
                13.354471470699638,
                50.10225415965874
              ],
              [
                13.358541820739145,
                50.10286061688359
              ],
              [
                13.35728659131599,
                50.1046885874582
              ],
              [
                13.35499203791381,
                50.1047942470043
              ],
              [
                13.354059005203363,
                50.103445117401805
              ],
              [
                13.348480626575332,
                50.10086329807711
              ],
              [
                13.344023131886411,
                50.100731204332476
              ],
              [
                13.343927119865105,
                50.09936701803404
              ],
              [
                13.342047848949374,
                50.0992817163021
              ],
              [
                13.340223472953712,
                50.09595667343919
              ],
              [
                13.341758247928473,
                50.09418898764908
              ],
              [
                13.341160966059125,
                50.092454874292415
              ],
              [
                13.337053551854767,
                50.09198085319825
              ],
              [
                13.33690643659285,
                50.090493755108575
              ],
              [
                13.335294514023921,
                50.08941469520253
              ],
              [
                13.333871786715466,
                50.08702937161884
              ],
              [
                13.329141392491998,
                50.088826726538315
              ],
              [
                13.328609791948965,
                50.08799645814455
              ],
              [
                13.324197718479889,
                50.08785320320772
              ],
              [
                13.326316114497981,
                50.0950419670809
              ],
              [
                13.32403939568862,
                50.10201548297885
              ],
              [
                13.324866586761713,
                50.10380012817027
              ],
              [
                13.321784512320217,
                50.10382992792541
              ],
              [
                13.322134745349857,
                50.10146924262748
              ],
              [
                13.313949729866357,
                50.10086536769076
              ],
              [
                13.308120153964133,
                50.100768698601016
              ],
              [
                13.307915536896434,
                50.10118708191818
              ],
              [
                13.306936880350415,
                50.10049902187998
              ],
              [
                13.30580871890469,
                50.10143328019364
              ],
              [
                13.302587421782267,
                50.100791885994184
              ],
              [
                13.30297693682487,
                50.099869509831215
              ],
              [
                13.3019556406268,
                50.09977042533592
              ],
              [
                13.301497452786062,
                50.10036060112985
              ],
              [
                13.29717132441797,
                50.09983921257233
              ],
              [
                13.29689197248883,
                50.101055390171744
              ],
              [
                13.297818036800837,
                50.10242255677803
              ],
              [
                13.300038872384818,
                50.10323590277027
              ],
              [
                13.298668080503404,
                50.10304338419222
              ],
              [
                13.297882158660634,
                50.10410148536787
              ],
              [
                13.29849574851684,
                50.10591587647436
              ],
              [
                13.29579894024784,
                50.11231493742819
              ],
              [
                13.296708114851203,
                50.11294767570701
              ],
              [
                13.294194042269202,
                50.113647282813275
              ],
              [
                13.29408347016738,
                50.11441627819041
              ],
              [
                13.291981454111374,
                50.115604454922305
              ],
              [
                13.292540209960134,
                50.11665580222495
              ],
              [
                13.291243831870604,
                50.116827748346005
              ],
              [
                13.289443602062537,
                50.1156026186107
              ],
              [
                13.283715197345423,
                50.11494498561361
              ],
              [
                13.283568011562409,
                50.11532298234488
              ],
              [
                13.282217062669073,
                50.11469427672792
              ],
              [
                13.281678137478849,
                50.115302199735545
              ],
              [
                13.282689200661233,
                50.1156873154571
              ],
              [
                13.282400426587193,
                50.116144782027234
              ],
              [
                13.284864760698051,
                50.116999010016826
              ],
              [
                13.286851803004549,
                50.11698564032992
              ],
              [
                13.289961340947965,
                50.118542073844324
              ],
              [
                13.279596091932477,
                50.12101463434846
              ],
              [
                13.279413990401942,
                50.124022142863595
              ],
              [
                13.274078101694315,
                50.12853794145714
              ],
              [
                13.270313273464055,
                50.12768176542949
              ],
              [
                13.267670162943816,
                50.12909643750411
              ],
              [
                13.266563520327196,
                50.12905590147613
              ],
              [
                13.257104852214844,
                50.126447008872894
              ],
              [
                13.252074149558375,
                50.126940343956356
              ],
              [
                13.251500722628037,
                50.128701219863515
              ],
              [
                13.249707777698898,
                50.12705896667464
              ],
              [
                13.250392112841494,
                50.1257425021859
              ],
              [
                13.249482951224525,
                50.124393279432454
              ],
              [
                13.247341988843647,
                50.12474614962944
              ],
              [
                13.248483315724688,
                50.125670226097164
              ],
              [
                13.245619276180518,
                50.12665263657749
              ],
              [
                13.242454005261616,
                50.1264514755229
              ],
              [
                13.242349440534609,
                50.12721300201631
              ],
              [
                13.243425706765933,
                50.127653941514545
              ],
              [
                13.240236328491058,
                50.12855724238312
              ],
              [
                13.239989982087815,
                50.129301390356865
              ],
              [
                13.238783714252971,
                50.12932160387456
              ],
              [
                13.238855364961632,
                50.13071804552644
              ],
              [
                13.235954771074091,
                50.13214658366791
              ],
              [
                13.233832414085537,
                50.13177333369172
              ],
              [
                13.23375034336964,
                50.13102236265999
              ],
              [
                13.228292391570784,
                50.13442646579599
              ],
              [
                13.235477221537883,
                50.13541590771629
              ],
              [
                13.240430367923686,
                50.13475141874158
              ],
              [
                13.242021154428077,
                50.13697732030745
              ],
              [
                13.239202372669952,
                50.13708082144651
              ],
              [
                13.235890652674843,
                50.13938699792654
              ],
              [
                13.2377311726111,
                50.13961333095767
              ],
              [
                13.238767091934017,
                50.14209908701604
              ],
              [
                13.24424231760768,
                50.141860662099916
              ],
              [
                13.2472853623999,
                50.143753497664676
              ],
              [
                13.250358049297391,
                50.14397720106135
              ],
              [
                13.251002310235013,
                50.1443358053714
              ],
              [
                13.24980474099024,
                50.14451712924755
              ],
              [
                13.250994463022463,
                50.14685633092925
              ],
              [
                13.25305320804281,
                50.14517409430694
              ],
              [
                13.261635545853471,
                50.14277904700857
              ],
              [
                13.262843995728801,
                50.14423457298485
              ],
              [
                13.266024395085246,
                50.1436127830418
              ],
              [
                13.266869032366372,
                50.14412321125627
              ],
              [
                13.269335344220618,
                50.142918003101684
              ],
              [
                13.270736074674508,
                50.14286630091594
              ],
              [
                13.270236877340322,
                50.14228015535869
              ],
              [
                13.267602536768457,
                50.14246922445205
              ],
              [
                13.275401546778223,
                50.138399045226734
              ],
              [
                13.27920850497998,
                50.13735894379819
              ],
              [
                13.282526400706354,
                50.13817710666747
              ],
              [
                13.284033287017825,
                50.136913028323086
              ],
              [
                13.282726363150026,
                50.13941110940868
              ],
              [
                13.28320074930163,
                50.139797181959295
              ],
              [
                13.280554820060377,
                50.142103217248206
              ],
              [
                13.281596784190642,
                50.143269493632346
              ],
              [
                13.282877259097036,
                50.14288189751921
              ],
              [
                13.284410079227127,
                50.14497321826214
              ],
              [
                13.280771215741485,
                50.146256305143346
              ],
              [
                13.280356962504401,
                50.14578227661413
              ],
              [
                13.2765909381059,
                50.14682969274305
              ],
              [
                13.27743252787124,
                50.14734700392772
              ],
              [
                13.278183579795707,
                50.146887114632975
              ],
              [
                13.28050513098202,
                50.147966632354404
              ],
              [
                13.278956165744615,
                50.14879977588105
              ],
              [
                13.278727395178382,
                50.15013129060157
              ],
              [
                13.269015902146883,
                50.15222190566486
              ],
              [
                13.26863103621804,
                50.153375769812875
              ],
              [
                13.266944857004248,
                50.15340316435617
              ],
              [
                13.267915383643839,
                50.15740429137313
              ],
              [
                13.267278909818272,
                50.15738905317672
              ],
              [
                13.267578156197677,
                50.15669075065088
              ],
              [
                13.266089964632783,
                50.15677967979344
              ],
              [
                13.265084930170698,
                50.15780446930885
              ],
              [
                13.274327863751033,
                50.159495018976806
              ],
              [
                13.279796331122597,
                50.15787320344177
              ],
              [
                13.281926642822542,
                50.15811826432999
              ],
              [
                13.284311831086892,
                50.15685596797732
              ],
              [
                13.284805121842796,
                50.15891498120228
              ],
              [
                13.283367931970865,
                50.15929067386887
              ],
              [
                13.285524497218278,
                50.16208146419211
              ],
              [
                13.284421997559894,
                50.16398211056356
              ],
              [
                13.28732434651746,
                50.16854576893961
              ],
              [
                13.274083553754043,
                50.168979600532026
              ],
              [
                13.274910720555374,
                50.17065786472922
              ],
              [
                13.278241829335856,
                50.17224511695664
              ],
              [
                13.27980204931665,
                50.17678339492334
              ],
              [
                13.277083623365138,
                50.17910607211918
              ],
              [
                13.277413015978288,
                50.180690548069855
              ],
              [
                13.276050419913926,
                50.18342835057433
              ],
              [
                13.274592082423666,
                50.184576281499695
              ],
              [
                13.274581644193228,
                50.186072016729376
              ],
              [
                13.271003218034883,
                50.18710710496393
              ],
              [
                13.269867793409405,
                50.18820938076572
              ],
              [
                13.270224671522676,
                50.18942656624068
              ],
              [
                13.268398407767547,
                50.190519578744215
              ],
              [
                13.264816054761024,
                50.19172132393966
              ],
              [
                13.265031176955542,
                50.19234013743717
              ],
              [
                13.25036634189263,
                50.195862378296546
              ],
              [
                13.252558046053721,
                50.19951551338453
              ],
              [
                13.249242551137359,
                50.206838420758544
              ],
              [
                13.242457777948664,
                50.20723015176672
              ],
              [
                13.24187246227225,
                50.210594752595455
              ],
              [
                13.24028432272084,
                50.2122072710624
              ],
              [
                13.234932818441315,
                50.2115243621559
              ],
              [
                13.231480576971526,
                50.21474983619496
              ],
              [
                13.231864112105375,
                50.21522253710317
              ],
              [
                13.227078068239722,
                50.21440972532579
              ],
              [
                13.224128852318751,
                50.21452798916155
              ],
              [
                13.219428109727899,
                50.21774209078522
              ],
              [
                13.214348960031554,
                50.216087679885504
              ],
              [
                13.21209820208534,
                50.21651579800269
              ],
              [
                13.21306882793484,
                50.219393542640994
              ],
              [
                13.212251161308266,
                50.22003144582088
              ],
              [
                13.219261906489752,
                50.219595295529224
              ],
              [
                13.219320425340822,
                50.220389705781194
              ],
              [
                13.222862782848688,
                50.22093154040485
              ],
              [
                13.22595952827946,
                50.220350252506194
              ],
              [
                13.222925131227164,
                50.22021694437984
              ],
              [
                13.22274556855652,
                50.21963300345418
              ],
              [
                13.226883653318653,
                50.2193706430283
              ],
              [
                13.24163775439419,
                50.22358065178956
              ],
              [
                13.240410697059511,
                50.22411193562763
              ],
              [
                13.24103341441869,
                50.2245297701149
              ],
              [
                13.242686332496053,
                50.223562725624845
              ],
              [
                13.246183526738001,
                50.22300529958073
              ],
              [
                13.25066184507097,
                50.2208238770906
              ],
              [
                13.251591141875556,
                50.22164018343823
              ],
              [
                13.251269935770802,
                50.2224031960016
              ],
              [
                13.259565179961816,
                50.219939277689335
              ],
              [
                13.272020670992054,
                50.220558830781286
              ],
              [
                13.276313741144424,
                50.22015788775692
              ],
              [
                13.27764203903089,
                50.224222790270936
              ],
              [
                13.271071155210157,
                50.225817206593746
              ],
              [
                13.262356075582868,
                50.230658717735224
              ],
              [
                13.264503370574358,
                50.23527846705643
              ],
              [
                13.263547608051008,
                50.23544110153675
              ],
              [
                13.26404165498251,
                50.236715895026464
              ],
              [
                13.267065724709939,
                50.236208901571175
              ],
              [
                13.268217667946974,
                50.23658811113994
              ],
              [
                13.26814023897485,
                50.235956498252705
              ],
              [
                13.273135348022535,
                50.23672667530182
              ],
              [
                13.27459231008843,
                50.23803131164151
              ],
              [
                13.274041874466226,
                50.23897066261115
              ],
              [
                13.275080736936223,
                50.24102270995081
              ],
              [
                13.281092727287167,
                50.24089188994835
              ],
              [
                13.284550301642026,
                50.24156691573188
              ],
              [
                13.291048360616198,
                50.24040529263215
              ],
              [
                13.29797806574911,
                50.24051286166015
              ],
              [
                13.298292821711632,
                50.24271985739765
              ],
              [
                13.29545652624172,
                50.24215080059813
              ],
              [
                13.294489424611333,
                50.24541101195141
              ],
              [
                13.295516883336685,
                50.24618808661329
              ],
              [
                13.293706267434978,
                50.251303275694525
              ],
              [
                13.295557413940422,
                50.25128342705683
              ],
              [
                13.296156632121654,
                50.25223039673444
              ],
              [
                13.29883941731443,
                50.252353101067484
              ],
              [
                13.299006577088399,
                50.253777667594534
              ],
              [
                13.301259818178265,
                50.253927398417694
              ],
              [
                13.303254916668218,
                50.25673184868899
              ],
              [
                13.304241476904775,
                50.25678125532271
              ],
              [
                13.305786343068656,
                50.260151169438785
              ],
              [
                13.316218368471317,
                50.259520550615434
              ],
              [
                13.31983226948381,
                50.26607810928972
              ],
              [
                13.316680821019625,
                50.26610900743891
              ],
              [
                13.310320863015702,
                50.26756045433513
              ],
              [
                13.315909990141805,
                50.26798874829871
              ],
              [
                13.31956612199954,
                50.26940025928567
              ],
              [
                13.321857701652943,
                50.27046568364093
              ],
              [
                13.32181929206482,
                50.271080392553785
              ],
              [
                13.32788034312161,
                50.27219851586893
              ],
              [
                13.330478496381211,
                50.27436509570994
              ],
              [
                13.337095849326971,
                50.274838661424745
              ],
              [
                13.335087850511645,
                50.2761458607527
              ],
              [
                13.340157039215937,
                50.27653971138785
              ],
              [
                13.340281535722289,
                50.27567240759265
              ],
              [
                13.341673313676925,
                50.27624895854667
              ],
              [
                13.349351621746253,
                50.27697198523287
              ],
              [
                13.3531134971977,
                50.278235894399955
              ],
              [
                13.357035616775065,
                50.27614443556256
              ],
              [
                13.358234220110603,
                50.27388548161022
              ],
              [
                13.353522267689515,
                50.27271238678274
              ],
              [
                13.353648701064287,
                50.27042153694479
              ],
              [
                13.358302858552687,
                50.27081498734557
              ],
              [
                13.358448225246505,
                50.268816385514754
              ],
              [
                13.361371672517468,
                50.2687538368223
              ],
              [
                13.362533673796952,
                50.26592509124754
              ],
              [
                13.365328110584091,
                50.26308712737597
              ],
              [
                13.36724970004603,
                50.25970317059298
              ],
              [
                13.380165942146002,
                50.26090706289389
              ],
              [
                13.382426679949239,
                50.26296872047186
              ],
              [
                13.384244473126689,
                50.26363467623214
              ],
              [
                13.383615750594812,
                50.266556319850984
              ],
              [
                13.387723648630395,
                50.269435920954415
              ],
              [
                13.38904188128887,
                50.26975063248688
              ],
              [
                13.389332910729692,
                50.26924703351138
              ],
              [
                13.39237849227107,
                50.26909382311799
              ],
              [
                13.395800342885556,
                50.26984964607679
              ],
              [
                13.39623508289268,
                50.27068986816471
              ],
              [
                13.397910433079284,
                50.27222080632799
              ],
              [
                13.397284800588396,
                50.274089427298655
              ],
              [
                13.395122714204108,
                50.27402538087459
              ],
              [
                13.39371232335419,
                50.280985074029935
              ],
              [
                13.399931895208853,
                50.2823974588753
              ],
              [
                13.402693082714553,
                50.28235895777807
              ],
              [
                13.398494425525179,
                50.29651558488497
              ]
            ]
          ]
        ]
      }
    },
    {
      "type": "Feature",
      "properties": {
        "name": "Bílina"
      },
      "geometry": {
        "type": "MultiPolygon",
        "coordinates": [
          [
            [
              [
                13.815032826611935,
                50.607601058896904
              ],
              [
                13.816440139151968,
                50.60792183442997
              ],
              [
                13.819235349654026,
                50.60725943077953
              ],
              [
                13.819951690366283,
                50.60852287387661
              ],
              [
                13.823611380072663,
                50.60647149696244
              ],
              [
                13.82760787042922,
                50.60840500558513
              ],
              [
                13.830538429576281,
                50.60820769111031
              ],
              [
                13.830565319769867,
                50.60609609452218
              ],
              [
                13.833149507421147,
                50.60632677893974
              ],
              [
                13.832561056449581,
                50.60561549261537
              ],
              [
                13.833164443785206,
                50.605472901448394
              ],
              [
                13.838578722881415,
                50.605508627304935
              ],
              [
                13.841087323252344,
                50.60472925804686
              ],
              [
                13.841781587855982,
                50.60391549481363
              ],
              [
                13.844066380919543,
                50.60493022157792
              ],
              [
                13.847681054832153,
                50.60248331359222
              ],
              [
                13.847429906092026,
                50.60114041946197
              ],
              [
                13.848937649325288,
                50.60074141203193
              ],
              [
                13.848386028903565,
                50.59864684282501
              ],
              [
                13.851695596796134,
                50.59872324893292
              ],
              [
                13.85178914711845,
                50.599763560123016
              ],
              [
                13.856240081059983,
                50.599273613336486
              ],
              [
                13.856050873358518,
                50.598460576854606
              ],
              [
                13.857599675145412,
                50.598225430840515
              ],
              [
                13.856559513910918,
                50.59816885160601
              ],
              [
                13.856468126510908,
                50.5975093979971
              ],
              [
                13.859551595537498,
                50.597241995737214
              ],
              [
                13.86090718342937,
                50.59527251826866
              ],
              [
                13.860868021984542,
                50.59468167424698
              ],
              [
                13.858384287441632,
                50.59495667783011
              ],
              [
                13.859576855061235,
                50.59400423685159
              ],
              [
                13.861001475645537,
                50.594009220312316
              ],
              [
                13.856816457257779,
                50.59367502557492
              ],
              [
                13.855392066584278,
                50.59287755939351
              ],
              [
                13.856557495392892,
                50.59153263507824
              ],
              [
                13.856215533866624,
                50.59036670019751
              ],
              [
                13.854936953926732,
                50.58996307879327
              ],
              [
                13.854742402871867,
                50.58761087032239
              ],
              [
                13.85326375989433,
                50.58604313401252
              ],
              [
                13.85635562503964,
                50.58598406264989
              ],
              [
                13.857462517157012,
                50.58400561979522
              ],
              [
                13.856165015030316,
                50.58244894889465
              ],
              [
                13.855240475827259,
                50.578732090064506
              ],
              [
                13.854312747084228,
                50.57808099473286
              ],
              [
                13.853476046406813,
                50.5783094462469
              ],
              [
                13.852195085036223,
                50.575502174816904
              ],
              [
                13.852548251318009,
                50.57454435629891
              ],
              [
                13.853419534344454,
                50.57486856124207
              ],
              [
                13.85430291948022,
                50.573862061819256
              ],
              [
                13.853840392698086,
                50.57252386640744
              ],
              [
                13.855250234378087,
                50.572138243265194
              ],
              [
                13.855290974507932,
                50.57150708466715
              ],
              [
                13.854496541654056,
                50.57135143647958
              ],
              [
                13.857332934819276,
                50.56797468894991
              ],
              [
                13.856072849979565,
                50.56723877964522
              ],
              [
                13.855809508616794,
                50.568306115340775
              ],
              [
                13.853987395154663,
                50.569511263288334
              ],
              [
                13.853784707736352,
                50.56816040972516
              ],
              [
                13.852562783621787,
                50.56832311043323
              ],
              [
                13.850026792335452,
                50.56698433131406
              ],
              [
                13.847996083650669,
                50.56253212176041
              ],
              [
                13.849082831457691,
                50.562336248193475
              ],
              [
                13.848788927942957,
                50.56142071280981
              ],
              [
                13.846125549017216,
                50.56147261739067
              ],
              [
                13.846896137206562,
                50.56001529420393
              ],
              [
                13.846466966368956,
                50.55735000433483
              ],
              [
                13.848098074604849,
                50.556716272487094
              ],
              [
                13.848100775591664,
                50.55584728349273
              ],
              [
                13.844130848893684,
                50.55437844468019
              ],
              [
                13.845779133222651,
                50.55388906698838
              ],
              [
                13.847229986921938,
                50.55395581436188
              ],
              [
                13.847018935801946,
                50.55241408786341
              ],
              [
                13.848688097435163,
                50.551654702750284
              ],
              [
                13.85058738056035,
                50.55125384296909
              ],
              [
                13.851777707185667,
                50.55190708987504
              ],
              [
                13.852931125469446,
                50.55123842925615
              ],
              [
                13.851510708555535,
                50.5502087581404
              ],
              [
                13.853175909910686,
                50.549694154175306
              ],
              [
                13.852651486605007,
                50.54871657716689
              ],
              [
                13.854480921587076,
                50.549180700512316
              ],
              [
                13.857959172702314,
                50.54893356111504
              ],
              [
                13.862056605645547,
                50.5459245653603
              ],
              [
                13.86386416331284,
                50.54349007560956
              ],
              [
                13.87023736413027,
                50.54293175086588
              ],
              [
                13.874553688862035,
                50.544237607656974
              ],
              [
                13.880556686886024,
                50.539381692210235
              ],
              [
                13.88360848973007,
                50.53915297380747
              ],
              [
                13.888115215071734,
                50.53897375474468
              ],
              [
                13.895952047052335,
                50.54034160194783
              ],
              [
                13.898428938646132,
                50.53989849221986
              ],
              [
                13.89950417330314,
                50.54060837240987
              ],
              [
                13.89996379009947,
                50.538154301482734
              ],
              [
                13.898843003723847,
                50.53784609187418
              ],
              [
                13.89801174000754,
                50.53575658544731
              ],
              [
                13.903089491690116,
                50.530314762932804
              ],
              [
                13.899823193928874,
                50.52977607637439
              ],
              [
                13.898870147748255,
                50.52874124675718
              ],
              [
                13.90235134346069,
                50.52925327558053
              ],
              [
                13.903605758620794,
                50.52553062324078
              ],
              [
                13.90106341716274,
                50.52294394609838
              ],
              [
                13.901549837073455,
                50.52045165645821
              ],
              [
                13.898232244069296,
                50.5191998436091
              ],
              [
                13.896840844809773,
                50.51788279339185
              ],
              [
                13.898163803326632,
                50.517490359009976
              ],
              [
                13.89805911612549,
                50.51677595733552
              ],
              [
                13.900024194495264,
                50.51629487131563
              ],
              [
                13.89772815021342,
                50.515120275420436
              ],
              [
                13.896061997241176,
                50.515061064877244
              ],
              [
                13.897285243754272,
                50.51352665840112
              ],
              [
                13.893170736624109,
                50.512377593410996
              ],
              [
                13.891761168678517,
                50.51346789643374
              ],
              [
                13.888404975412655,
                50.51379927600999
              ],
              [
                13.886505694710074,
                50.5148062312215
              ],
              [
                13.884555786204592,
                50.518077834369976
              ],
              [
                13.8812634951774,
                50.51649197100205
              ],
              [
                13.88808735925647,
                50.509195016800255
              ],
              [
                13.895394123131052,
                50.499536408095196
              ],
              [
                13.895101638304912,
                50.498437469549714
              ],
              [
                13.88940348719138,
                50.500378879854956
              ],
              [
                13.88841298671399,
                50.50029254234753
              ],
              [
                13.88834790691594,
                50.49965162900939
              ],
              [
                13.887338610758047,
                50.49978792616532
              ],
              [
                13.881519287010173,
                50.50337106836345
              ],
              [
                13.879883419330671,
                50.50273480050353
              ],
              [
                13.87866021590472,
                50.50304901984516
              ],
              [
                13.879753593315707,
                50.50113919860308
              ],
              [
                13.878352176825954,
                50.49976593677448
              ],
              [
                13.870035199358544,
                50.49789082296934
              ],
              [
                13.869193075590367,
                50.49508566453624
              ],
              [
                13.864060980838346,
                50.49227575422243
              ],
              [
                13.855403349324984,
                50.48977770923165
              ],
              [
                13.852649309818913,
                50.48818714222193
              ],
              [
                13.852593863241207,
                50.48676611087783
              ],
              [
                13.84837738389564,
                50.48512372434707
              ],
              [
                13.844464829846801,
                50.482497921823175
              ],
              [
                13.840368028774366,
                50.48228993957535
              ],
              [
                13.838897328055344,
                50.48222859599843
              ],
              [
                13.83871636767403,
                50.47701204703546
              ],
              [
                13.831505322564135,
                50.46868464548315
              ],
              [
                13.829471382432775,
                50.469690741694066
              ],
              [
                13.829123091439435,
                50.47150160801106
              ],
              [
                13.828113211488068,
                50.47214817413403
              ],
              [
                13.828650074950138,
                50.47262892136417
              ],
              [
                13.822447664696421,
                50.47403136221832
              ],
              [
                13.820946199206197,
                50.47413371520583
              ],
              [
                13.817826421476074,
                50.472715794217116
              ],
              [
                13.817181331948483,
                50.46922229513801
              ],
              [
                13.818153750451698,
                50.468535803905006
              ],
              [
                13.817056050694397,
                50.46771413838995
              ],
              [
                13.815536189512354,
                50.46891114990407
              ],
              [
                13.8162681698818,
                50.471250886301796
              ],
              [
                13.814883248135816,
                50.470105546779685
              ],
              [
                13.814908638315684,
                50.46906705594095
              ],
              [
                13.812859784864507,
                50.469250978802094
              ],
              [
                13.808142782726584,
                50.47172562827183
              ],
              [
                13.806996748993253,
                50.470543011295455
              ],
              [
                13.803632663576117,
                50.47401434392422
              ],
              [
                13.798804447545258,
                50.47189911049157
              ],
              [
                13.797316066519228,
                50.47365411921723
              ],
              [
                13.797172758539586,
                50.472017817389386
              ],
              [
                13.794042907532994,
                50.47108270931646
              ],
              [
                13.789021383745574,
                50.47179483803338
              ],
              [
                13.788237779562131,
                50.472490031594084
              ],
              [
                13.785428324250113,
                50.47245449443153
              ],
              [
                13.78453204793628,
                50.47121859743743
              ],
              [
                13.784894961466586,
                50.470119792512335
              ],
              [
                13.782127845520188,
                50.46999761623633
              ],
              [
                13.780743021036868,
                50.47068432256432
              ],
              [
                13.781188097804913,
                50.473136207447666
              ],
              [
                13.778652635063924,
                50.47443725393962
              ],
              [
                13.778970308442043,
                50.47553411392835
              ],
              [
                13.777346192467782,
                50.47727726849802
              ],
              [
                13.77755209967535,
                50.47823312171885
              ],
              [
                13.775676352876921,
                50.47802263656849
              ],
              [
                13.775128147915831,
                50.4804818908486
              ],
              [
                13.774072330955722,
                50.48149041986191
              ],
              [
                13.7729554386922,
                50.48166664637204
              ],
              [
                13.77270654816032,
                50.48069985619724
              ],
              [
                13.77091012324326,
                50.480752588588004
              ],
              [
                13.770037299166285,
                50.48147161577731
              ],
              [
                13.772297940388551,
                50.48355024281045
              ],
              [
                13.776393123431658,
                50.48340565578638
              ],
              [
                13.776412563090876,
                50.484227695102966
              ],
              [
                13.77399190151589,
                50.48510473605351
              ],
              [
                13.772767135216156,
                50.486406962333426
              ],
              [
                13.77488315071298,
                50.48601567626544
              ],
              [
                13.775391679957862,
                50.48696972578003
              ],
              [
                13.776244025853645,
                50.4867942883216
              ],
              [
                13.776405039824775,
                50.48772304868624
              ],
              [
                13.77830413292667,
                50.48726918572062
              ],
              [
                13.778945347091,
                50.487847618091365
              ],
              [
                13.77988365545151,
                50.48735580135095
              ],
              [
                13.781762032350088,
                50.489041122059206
              ],
              [
                13.782079333715089,
                50.49045702658364
              ],
              [
                13.779275405015056,
                50.490868184282654
              ],
              [
                13.78000269414553,
                50.491477720332455
              ],
              [
                13.782111399140856,
                50.49132257414378
              ],
              [
                13.783213094110247,
                50.494561958303095
              ],
              [
                13.77666658032825,
                50.49533209379068
              ],
              [
                13.767244651029735,
                50.49788771058697
              ],
              [
                13.76517702346939,
                50.50157120485905
              ],
              [
                13.75279617621326,
                50.50477516191153
              ],
              [
                13.754349010284917,
                50.50556270162532
              ],
              [
                13.75135510802246,
                50.50809671979945
              ],
              [
                13.752317804346553,
                50.51080595737024
              ],
              [
                13.755056905115557,
                50.51195569920046
              ],
              [
                13.7571961424538,
                50.514029349503026
              ],
              [
                13.758033157991228,
                50.513623214290654
              ],
              [
                13.757084561598527,
                50.512525075356535
              ],
              [
                13.760760506612685,
                50.51141657700178
              ],
              [
                13.761221645452004,
                50.51184541177828
              ],
              [
                13.758024334140526,
                50.514315878195184
              ],
              [
                13.758660459902773,
                50.51537497429599
              ],
              [
                13.756934755120593,
                50.515969249398424
              ],
              [
                13.757685627826747,
                50.51579776077847
              ],
              [
                13.759320429305221,
                50.51698303182243
              ],
              [
                13.758323367472771,
                50.51756803314053
              ],
              [
                13.75923479410776,
                50.51992824955516
              ],
              [
                13.7613581462108,
                50.51953211173441
              ],
              [
                13.761028451094294,
                50.52176284043145
              ],
              [
                13.762221491128523,
                50.52476939264826
              ],
              [
                13.76153683572441,
                50.52513401972539
              ],
              [
                13.759969426616655,
                50.52444197004658
              ],
              [
                13.757601679276553,
                50.52499480644927
              ],
              [
                13.760245938111531,
                50.529353366886454
              ],
              [
                13.756719686759462,
                50.53043280996411
              ],
              [
                13.753246174704195,
                50.527903880260254
              ],
              [
                13.75182889904255,
                50.52813006615594
              ],
              [
                13.751506418092193,
                50.52879648748248
              ],
              [
                13.754578147582563,
                50.53024221533374
              ],
              [
                13.753481160710418,
                50.53203401711587
              ],
              [
                13.755730497873508,
                50.53761614276776
              ],
              [
                13.751691430425018,
                50.536896290346384
              ],
              [
                13.746731799029368,
                50.537787745760475
              ],
              [
                13.746303613504677,
                50.53899720313928
              ],
              [
                13.745381011420923,
                50.5391002483402
              ],
              [
                13.745592628702594,
                50.54144207891316
              ],
              [
                13.742835375540968,
                50.54555327756248
              ],
              [
                13.742518627352931,
                50.547429956023095
              ],
              [
                13.73943888404133,
                50.546301824162676
              ],
              [
                13.736436898566133,
                50.54731121290678
              ],
              [
                13.73638014293889,
                50.5465852161125
              ],
              [
                13.73463287648376,
                50.5464621304803
              ],
              [
                13.735769937449168,
                50.54241188390125
              ],
              [
                13.733485225468366,
                50.542958941237735
              ],
              [
                13.733653279227847,
                50.5422965212516
              ],
              [
                13.732436875128684,
                50.54230716359492
              ],
              [
                13.73195429961745,
                50.54416595620663
              ],
              [
                13.727633139179071,
                50.54438555024058
              ],
              [
                13.727568652748616,
                50.54501096788687
              ],
              [
                13.725881492299697,
                50.54509229322985
              ],
              [
                13.722613572431715,
                50.543861426311004
              ],
              [
                13.718747899049998,
                50.54415656672175
              ],
              [
                13.71979763165736,
                50.547154928974784
              ],
              [
                13.715702418925451,
                50.5444870058164
              ],
              [
                13.715977555048287,
                50.54509603989798
              ],
              [
                13.714959874378676,
                50.54517131396993
              ],
              [
                13.715042551879385,
                50.54737665264964
              ],
              [
                13.712413781877247,
                50.54748522386397
              ],
              [
                13.711705931764815,
                50.55021179589375
              ],
              [
                13.70977298636288,
                50.55000094852508
              ],
              [
                13.709383811307038,
                50.5509469498677
              ],
              [
                13.70621575151938,
                50.55083121301418
              ],
              [
                13.704117689554966,
                50.55154550656949
              ],
              [
                13.703995489680358,
                50.55231110259179
              ],
              [
                13.70220124700062,
                50.551992386637465
              ],
              [
                13.701476468292846,
                50.55327099493679
              ],
              [
                13.702149940813632,
                50.55428725545036
              ],
              [
                13.698158211418399,
                50.55331033846258
              ],
              [
                13.696123699130629,
                50.55192160552975
              ],
              [
                13.694059282901732,
                50.55202139227425
              ],
              [
                13.693759402684277,
                50.550737289107
              ],
              [
                13.690449260369602,
                50.550751351276006
              ],
              [
                13.691405062575932,
                50.55382571329457
              ],
              [
                13.682838915704826,
                50.554021566033654
              ],
              [
                13.68383447880658,
                50.55756697466689
              ],
              [
                13.690524631822342,
                50.55965005111488
              ],
              [
                13.693397788575774,
                50.559282062769014
              ],
              [
                13.69742796368197,
                50.56692036503257
              ],
              [
                13.6961894450098,
                50.567327105197755
              ],
              [
                13.696663631826617,
                50.56955366866669
              ],
              [
                13.695092931765418,
                50.570323512598414
              ],
              [
                13.697831702736195,
                50.5706862769719
              ],
              [
                13.700556149407046,
                50.56993377279977
              ],
              [
                13.70183096581727,
                50.57071167349634
              ],
              [
                13.702758828716798,
                50.570494987636856
              ],
              [
                13.705347812013693,
                50.57798166635252
              ],
              [
                13.709276811844571,
                50.57773271588797
              ],
              [
                13.709854209879968,
                50.57538491709034
              ],
              [
                13.716487161392282,
                50.57520016229017
              ],
              [
                13.719079006605808,
                50.575228835805305
              ],
              [
                13.719140168816375,
                50.57573227151835
              ],
              [
                13.722715272373472,
                50.57554841161671
              ],
              [
                13.722828166247142,
                50.57706335537334
              ],
              [
                13.726996662122936,
                50.577250358610925
              ],
              [
                13.73331304213561,
                50.576933393136734
              ],
              [
                13.733161109746263,
                50.57556758800563
              ],
              [
                13.736726670457525,
                50.57639895703597
              ],
              [
                13.742015209898675,
                50.576324387664755
              ],
              [
                13.741768312889347,
                50.575365544761965
              ],
              [
                13.742859665707423,
                50.575223176878104
              ],
              [
                13.745733149902799,
                50.57881085411499
              ],
              [
                13.746733053989868,
                50.57806390196659
              ],
              [
                13.748770091087792,
                50.57792727363071
              ],
              [
                13.748963618599017,
                50.578337629098385
              ],
              [
                13.75043629198199,
                50.58693002533491
              ],
              [
                13.748562903412394,
                50.58667156954045
              ],
              [
                13.736815960896745,
                50.58826696412429
              ],
              [
                13.736338131573243,
                50.58739482080045
              ],
              [
                13.735583885612174,
                50.58750072522335
              ],
              [
                13.735758018880077,
                50.588102388978584
              ],
              [
                13.734684817969836,
                50.58790747976832
              ],
              [
                13.736208060389284,
                50.59172051131533
              ],
              [
                13.747794019404001,
                50.59139353384211
              ],
              [
                13.747899685155845,
                50.59217831129041
              ],
              [
                13.752603855719826,
                50.59554779423617
              ],
              [
                13.757215211217204,
                50.59744799172653
              ],
              [
                13.76393119241698,
                50.59408310103296
              ],
              [
                13.763185620474689,
                50.59912539858707
              ],
              [
                13.764856862220629,
                50.60064032914677
              ],
              [
                13.766941155213106,
                50.59983205502629
              ],
              [
                13.76672732685587,
                50.59621487720008
              ],
              [
                13.768187126867632,
                50.59613167658966
              ],
              [
                13.76801554766902,
                50.596830578783646
              ],
              [
                13.770002608331179,
                50.59672973829361
              ],
              [
                13.77166673560196,
                50.59757379425212
              ],
              [
                13.77546679818189,
                50.597487116667644
              ],
              [
                13.7786195489742,
                50.59492368088944
              ],
              [
                13.780230395603699,
                50.59164187386029
              ],
              [
                13.782319679458059,
                50.59153219829868
              ],
              [
                13.783309076847813,
                50.58997288509199
              ],
              [
                13.784213826526937,
                50.59001389548314
              ],
              [
                13.788978557725533,
                50.5894183676096
              ],
              [
                13.791039942186165,
                50.58951837675836
              ],
              [
                13.791335873240481,
                50.59019491657332
              ],
              [
                13.79503882134861,
                50.58951822911511
              ],
              [
                13.796255166572669,
                50.594404556907946
              ],
              [
                13.797525297817476,
                50.59597575896342
              ],
              [
                13.800210432298622,
                50.59631965667029
              ],
              [
                13.805752450400947,
                50.60060654244583
              ],
              [
                13.805246435515611,
                50.60396050419208
              ],
              [
                13.806974799192018,
                50.60343803454533
              ],
              [
                13.806766329918762,
                50.6027436160574
              ],
              [
                13.808247594110009,
                50.60182303773684
              ],
              [
                13.80931222832687,
                50.602519842061625
              ],
              [
                13.812159625941685,
                50.60250390252909
              ],
              [
                13.812349393837062,
                50.603347475772644
              ],
              [
                13.810898433282514,
                50.6039200382676
              ],
              [
                13.815032826611935,
                50.607601058896904
              ]
            ]
          ]
        ]
      }
    },
    {
      "type": "Feature",
      "properties": {
        "name": "Teplice"
      },
      "geometry": {
        "type": "MultiPolygon",
        "coordinates": [
          [
            [
              [
                13.602065815619474,
                50.710458329695555
              ],
              [
                13.611346075140357,
                50.71406862451241
              ],
              [
                13.619333492092398,
                50.714217884338645
              ],
              [
                13.627161206490852,
                50.716339376188316
              ],
              [
                13.625145502547428,
                50.72344710607933
              ],
              [
                13.628623769030918,
                50.72318709415383
              ],
              [
                13.628701205849481,
                50.72371933675212
              ],
              [
                13.629247937517897,
                50.723357046508
              ],
              [
                13.631991200582439,
                50.7239468010386
              ],
              [
                13.634768462527447,
                50.725573208022226
              ],
              [
                13.636184804928336,
                50.7252508633139
              ],
              [
                13.640117802036409,
                50.72755319730145
              ],
              [
                13.64232812996992,
                50.72984635518199
              ],
              [
                13.64825664668392,
                50.72998433862641
              ],
              [
                13.654841824158272,
                50.73159289812821
              ],
              [
                13.65734397115563,
                50.731716292089324
              ],
              [
                13.659773899161465,
                50.7311048229708
              ],
              [
                13.664520112713706,
                50.732493621976126
              ],
              [
                13.667791645703213,
                50.73205105655685
              ],
              [
                13.66941957079258,
                50.7305624151887
              ],
              [
                13.672970905897051,
                50.72938780127036
              ],
              [
                13.674619401351118,
                50.72770756665321
              ],
              [
                13.678225400322725,
                50.726960794535735
              ],
              [
                13.678737327186685,
                50.72602353119554
              ],
              [
                13.681566749143418,
                50.72544766971228
              ],
              [
                13.68440026970017,
                50.72196416501158
              ],
              [
                13.688264856714333,
                50.71990472121306
              ],
              [
                13.693460629772986,
                50.718740641906926
              ],
              [
                13.69762255033459,
                50.71906509999296
              ],
              [
                13.702825426312456,
                50.718561568079814
              ],
              [
                13.705490238425584,
                50.71741276201169
              ],
              [
                13.707812762677898,
                50.717305973338256
              ],
              [
                13.712577345113225,
                50.7203235565419
              ],
              [
                13.71153518941053,
                50.72174300253948
              ],
              [
                13.711575320705897,
                50.72385909365823
              ],
              [
                13.708489774921857,
                50.72582006967181
              ],
              [
                13.710426057572738,
                50.726429378007566
              ],
              [
                13.71387240918532,
                50.72541830504865
              ],
              [
                13.715115152408089,
                50.72690328652897
              ],
              [
                13.720055630593295,
                50.72869451945294
              ],
              [
                13.720607624038879,
                50.72965311067024
              ],
              [
                13.72834296547498,
                50.73408542103051
              ],
              [
                13.73084770717945,
                50.73367944260459
              ],
              [
                13.732985714740161,
                50.73094223701899
              ],
              [
                13.74077330035201,
                50.72770106401817
              ],
              [
                13.747029635148674,
                50.72875633978533
              ],
              [
                13.751084804627132,
                50.73002342706475
              ],
              [
                13.753154991650442,
                50.731331068014704
              ],
              [
                13.758519608813636,
                50.73625222303891
              ],
              [
                13.76024407934315,
                50.73562046987785
              ],
              [
                13.760190277066538,
                50.73478491627969
              ],
              [
                13.764117719085352,
                50.735622633066306
              ],
              [
                13.767514987821217,
                50.73483970217698
              ],
              [
                13.769047150420704,
                50.73333452686414
              ],
              [
                13.770929427453895,
                50.73378016413588
              ],
              [
                13.771522413552153,
                50.733360185496714
              ],
              [
                13.775276857988267,
                50.736103974125314
              ],
              [
                13.778116823553283,
                50.73676374043416
              ],
              [
                13.785018901417038,
                50.734032872105075
              ],
              [
                13.790208587462688,
                50.73555758476269
              ],
              [
                13.791045930994525,
                50.73481440249414
              ],
              [
                13.790982407646585,
                50.73301623188148
              ],
              [
                13.797146196624004,
                50.73481633572568
              ],
              [
                13.800849623510755,
                50.733398026706816
              ],
              [
                13.807590229337023,
                50.733764589449954
              ],
              [
                13.809958787750634,
                50.732737675504055
              ],
              [
                13.811236478892853,
                50.73032708536922
              ],
              [
                13.813556364889713,
                50.72990312837034
              ],
              [
                13.815845665009405,
                50.728110192268154
              ],
              [
                13.8198107166392,
                50.72792107917059
              ],
              [
                13.823037494594677,
                50.72641582994669
              ],
              [
                13.824496982033448,
                50.72635905792031
              ],
              [
                13.82586367600358,
                50.72494386793008
              ],
              [
                13.828421958858913,
                50.72453180067203
              ],
              [
                13.835417104004092,
                50.72739986699268
              ],
              [
                13.838886541270469,
                50.725968346017794
              ],
              [
                13.84199005645374,
                50.72611608381184
              ],
              [
                13.843601487968751,
                50.725578277917144
              ],
              [
                13.849178934671317,
                50.726434513929156
              ],
              [
                13.85181940468701,
                50.7277093137433
              ],
              [
                13.856040993227206,
                50.72765358013252
              ],
              [
                13.858423570935834,
                50.72931321284192
              ],
              [
                13.861915224284479,
                50.736030837238786
              ],
              [
                13.86206575036192,
                50.73845335639385
              ],
              [
                13.86120903708897,
                50.73985802608566
              ],
              [
                13.862208350744904,
                50.74322337585828
              ],
              [
                13.864989825847745,
                50.742508077770076
              ],
              [
                13.868431047348908,
                50.743105336835555
              ],
              [
                13.877956138996351,
                50.73844136013692
              ],
              [
                13.881149078567669,
                50.73822949075625
              ],
              [
                13.88438176288239,
                50.73947321901405
              ],
              [
                13.887169225758548,
                50.73864908552566
              ],
              [
                13.89442912848348,
                50.738749609837804
              ],
              [
                13.895379796967232,
                50.73789162010892
              ],
              [
                13.905833575274892,
                50.73423571810562
              ],
              [
                13.909463629850757,
                50.7325811195998
              ],
              [
                13.908819582476703,
                50.728942677015965
              ],
              [
                13.911652013306087,
                50.7280378018851
              ],
              [
                13.919359654958539,
                50.72878848170681
              ],
              [
                13.925350643463974,
                50.73033917419685
              ],
              [
                13.92861131078083,
                50.72979831256684
              ],
              [
                13.929077873081477,
                50.72700899185157
              ],
              [
                13.921101002062661,
                50.7241237195818
              ],
              [
                13.920034101262859,
                50.723138775068264
              ],
              [
                13.921286308610268,
                50.722946827386146
              ],
              [
                13.920831777546173,
                50.72013055540336
              ],
              [
                13.917985443121571,
                50.7194979971943
              ],
              [
                13.916446521317589,
                50.71711487166187
              ],
              [
                13.917024825563155,
                50.71390941642557
              ],
              [
                13.918474590103838,
                50.711878408731515
              ],
              [
                13.919906746258949,
                50.71124312695614
              ],
              [
                13.916718180787214,
                50.709554972138605
              ],
              [
                13.91633894188889,
                50.70873893833652
              ],
              [
                13.914582475464142,
                50.70836479375228
              ],
              [
                13.913704646704046,
                50.70707472357386
              ],
              [
                13.911726116873483,
                50.70701350762034
              ],
              [
                13.9112049350308,
                50.704987149270515
              ],
              [
                13.90825571028349,
                50.70270744368973
              ],
              [
                13.906761578784883,
                50.70001581508642
              ],
              [
                13.904271157533758,
                50.69863447964178
              ],
              [
                13.903089275033652,
                50.699726285336766
              ],
              [
                13.903103304280217,
                50.70162892405333
              ],
              [
                13.901583031457204,
                50.70263350136295
              ],
              [
                13.900391857679416,
                50.70238671276993
              ],
              [
                13.899644521900129,
                50.70190955448238
              ],
              [
                13.899596433131935,
                50.69632021887103
              ],
              [
                13.901904703651033,
                50.6951278479478
              ],
              [
                13.902830144661483,
                50.69227255666723
              ],
              [
                13.91013605332256,
                50.68529852080603
              ],
              [
                13.909115828064696,
                50.68462339428258
              ],
              [
                13.910854286260784,
                50.683705310331284
              ],
              [
                13.911793408221985,
                50.68434163674619
              ],
              [
                13.913216367830975,
                50.68345259489988
              ],
              [
                13.912272995663674,
                50.682616873415995
              ],
              [
                13.916244706169582,
                50.678672298282606
              ],
              [
                13.915345590047991,
                50.67835695396068
              ],
              [
                13.91638002438598,
                50.677638325308926
              ],
              [
                13.91511781671607,
                50.676562980617156
              ],
              [
                13.917147107326233,
                50.67591806168322
              ],
              [
                13.916389835096455,
                50.67518528384921
              ],
              [
                13.917425179426328,
                50.67472824438996
              ],
              [
                13.915507662330388,
                50.67304737845447
              ],
              [
                13.91050487471655,
                50.67132552791876
              ],
              [
                13.912079672857935,
                50.66958501366142
              ],
              [
                13.910952558811868,
                50.668975898812086
              ],
              [
                13.909473841494805,
                50.66153268862797
              ],
              [
                13.90360144717839,
                50.66225671793352
              ],
              [
                13.904850184788094,
                50.66165891554431
              ],
              [
                13.904966046789403,
                50.65739584857288
              ],
              [
                13.906593230223214,
                50.65725567159904
              ],
              [
                13.90596733754251,
                50.651273575415814
              ],
              [
                13.906657218103149,
                50.65112880696859
              ],
              [
                13.906399941462,
                50.64927309301101
              ],
              [
                13.907592904847528,
                50.649207820667215
              ],
              [
                13.907729979558454,
                50.6478418148475
              ],
              [
                13.906106263588498,
                50.64659387363754
              ],
              [
                13.910428440375268,
                50.64622629176168
              ],
              [
                13.91043100699753,
                50.64440592390623
              ],
              [
                13.914557405846326,
                50.64327746508194
              ],
              [
                13.91357835728899,
                50.639216766576425
              ],
              [
                13.91878209651541,
                50.63845780334616
              ],
              [
                13.917887819357029,
                50.636106627806605
              ],
              [
                13.918594254956602,
                50.636100946602234
              ],
              [
                13.919228727564423,
                50.63393998212606
              ],
              [
                13.91807190687776,
                50.632281631666984
              ],
              [
                13.923788119910121,
                50.63000291945754
              ],
              [
                13.923384781409483,
                50.62764328012205
              ],
              [
                13.922093982898643,
                50.626941943026175
              ],
              [
                13.926338048946757,
                50.62686298348111
              ],
              [
                13.926276429558088,
                50.62546250089153
              ],
              [
                13.924548748465822,
                50.62553112224934
              ],
              [
                13.926073746515517,
                50.6244124863308
              ],
              [
                13.92564329610515,
                50.623959763280006
              ],
              [
                13.92319140482384,
                50.62524205950613
              ],
              [
                13.922080136735875,
                50.6249189027028
              ],
              [
                13.923504926489242,
                50.624292944676014
              ],
              [
                13.922609421591503,
                50.622248695624926
              ],
              [
                13.926270570783052,
                50.61855604367109
              ],
              [
                13.930260677896094,
                50.61751594138971
              ],
              [
                13.93302109617922,
                50.61828550323568
              ],
              [
                13.937271278114798,
                50.61637908520884
              ],
              [
                13.93909296346665,
                50.611167926956114
              ],
              [
                13.93646693372509,
                50.61090919867723
              ],
              [
                13.936249053170606,
                50.61155817827977
              ],
              [
                13.934566877391713,
                50.61145368009801
              ],
              [
                13.93502456529282,
                50.61008497914065
              ],
              [
                13.926515419590325,
                50.609531845722856
              ],
              [
                13.926370346438267,
                50.60890903150344
              ],
              [
                13.925347189715623,
                50.609461965392484
              ],
              [
                13.921044268200808,
                50.607543980654405
              ],
              [
                13.919235518373414,
                50.60599470127279
              ],
              [
                13.921134111753931,
                50.60435914688072
              ],
              [
                13.92278123275126,
                50.6042490913152
              ],
              [
                13.923630960575126,
                50.603533555224494
              ],
              [
                13.924214505020169,
                50.60459151857073
              ],
              [
                13.925757469160626,
                50.60519924437787
              ],
              [
                13.925979502689014,
                50.60463630950504
              ],
              [
                13.927650086009107,
                50.60460146147683
              ],
              [
                13.928281911677693,
                50.603803572735686
              ],
              [
                13.931393838177957,
                50.60291260400889
              ],
              [
                13.932198981901267,
                50.60234516107412
              ],
              [
                13.931553743688069,
                50.6017532784828
              ],
              [
                13.932471129667372,
                50.60144801900588
              ],
              [
                13.932077347804817,
                50.60104953517235
              ],
              [
                13.933402240102765,
                50.600781775342924
              ],
              [
                13.933118955467823,
                50.59957713132306
              ],
              [
                13.93455439405973,
                50.598994515505666
              ],
              [
                13.934437727022408,
                50.59736436383651
              ],
              [
                13.936155389963035,
                50.59763630121287
              ],
              [
                13.93640294968884,
                50.59675715684165
              ],
              [
                13.935366453870806,
                50.59682151707617
              ],
              [
                13.935547180636776,
                50.5960704876129
              ],
              [
                13.936913834448129,
                50.59604787539944
              ],
              [
                13.936823109471959,
                50.59677337619781
              ],
              [
                13.938432775073963,
                50.597135828116535
              ],
              [
                13.938064236599649,
                50.59786944106653
              ],
              [
                13.944748857351803,
                50.59852973372802
              ],
              [
                13.945766977771072,
                50.59956282592825
              ],
              [
                13.949036929854852,
                50.59824786592771
              ],
              [
                13.948660295279865,
                50.596286847294806
              ],
              [
                13.949950232827065,
                50.59598065660207
              ],
              [
                13.948953323389036,
                50.594102107344085
              ],
              [
                13.951645465300919,
                50.59320790243847
              ],
              [
                13.956045708290757,
                50.59439117506428
              ],
              [
                13.961034953115913,
                50.593957978352506
              ],
              [
                13.961468557560503,
                50.594556000135306
              ],
              [
                13.963687212386715,
                50.5937150909859
              ],
              [
                13.964446853578284,
                50.59516710863531
              ],
              [
                13.966511341523237,
                50.59539695435344
              ],
              [
                13.966291622614078,
                50.59440200572959
              ],
              [
                13.968312200862442,
                50.594376941848154
              ],
              [
                13.968979762457025,
                50.595115863042885
              ],
              [
                13.971385477948546,
                50.59435460500187
              ],
              [
                13.970907914698877,
                50.593929900875025
              ],
              [
                13.975248331083227,
                50.59378243157392
              ],
              [
                13.980103605984466,
                50.59205330663896
              ],
              [
                13.98232460741843,
                50.58926458992634
              ],
              [
                13.984571008274134,
                50.587872310649686
              ],
              [
                13.984685605489089,
                50.58647257122598
              ],
              [
                13.986405325099364,
                50.58559951166268
              ],
              [
                13.987932279169431,
                50.583589613369625
              ],
              [
                13.987755352749732,
                50.58177842744638
              ],
              [
                13.985915613304266,
                50.57935309035562
              ],
              [
                13.988935480043128,
                50.578045085968
              ],
              [
                13.98613433283817,
                50.57438661152985
              ],
              [
                13.984523040437043,
                50.57361310358346
              ],
              [
                13.984058056607264,
                50.572174546000774
              ],
              [
                13.981379533957737,
                50.57351552520277
              ],
              [
                13.97885380135941,
                50.57321397197808
              ],
              [
                13.975224624468325,
                50.574290495944965
              ],
              [
                13.973019186931424,
                50.57405472447074
              ],
              [
                13.96561121253868,
                50.57292115370394
              ],
              [
                13.961932714192004,
                50.57098992178133
              ],
              [
                13.960933846073523,
                50.56849600746262
              ],
              [
                13.961762341700567,
                50.56652211572124
              ],
              [
                13.959311453895147,
                50.56816722575151
              ],
              [
                13.95756797850221,
                50.56827401602906
              ],
              [
                13.955518372360077,
                50.568518025290196
              ],
              [
                13.954064318445985,
                50.56798152355034
              ],
              [
                13.952050192411336,
                50.56489246368598
              ],
              [
                13.939892609449858,
                50.56248016944228
              ],
              [
                13.935522734282346,
                50.5585600555261
              ],
              [
                13.934563879414608,
                50.558800322562185
              ],
              [
                13.927213276798053,
                50.55963520731137
              ],
              [
                13.917623993029867,
                50.55619648581277
              ],
              [
                13.915442297778958,
                50.55429140752188
              ],
              [
                13.911314104138727,
                50.55467453095921
              ],
              [
                13.910130244534484,
                50.55527131133245
              ],
              [
                13.910362904516564,
                50.557798123622696
              ],
              [
                13.909320660584813,
                50.55784529753143
              ],
              [
                13.909909282447304,
                50.55824623432141
              ],
              [
                13.909042950507391,
                50.55814092170598
              ],
              [
                13.908536684561367,
                50.55899994375313
              ],
              [
                13.903193928924155,
                50.55752467001155
              ],
              [
                13.900020104800268,
                50.559070366172776
              ],
              [
                13.899915583911982,
                50.55784748344982
              ],
              [
                13.901049088384841,
                50.5568380075989
              ],
              [
                13.901076772948988,
                50.55617180250534
              ],
              [
                13.900160261436056,
                50.55602518518863
              ],
              [
                13.905166205297386,
                50.553393856837516
              ],
              [
                13.91153760027709,
                50.551145647189415
              ],
              [
                13.91040555079387,
                50.55140264722063
              ],
              [
                13.90909391936754,
                50.55078849423607
              ],
              [
                13.909976045840237,
                50.549042913840665
              ],
              [
                13.907853477918557,
                50.54908056135255
              ],
              [
                13.901986545794687,
                50.54659229594528
              ],
              [
                13.900850860008775,
                50.545309772482774
              ],
              [
                13.900394144299948,
                50.54160129022748
              ],
              [
                13.89950417330314,
                50.54060837240987
              ],
              [
                13.898428938646132,
                50.53989849221986
              ],
              [
                13.895952047052335,
                50.54034160194783
              ],
              [
                13.888115215071734,
                50.53897375474468
              ],
              [
                13.88360848973007,
                50.53915297380747
              ],
              [
                13.880556686886024,
                50.539381692210235
              ],
              [
                13.874553688862035,
                50.544237607656974
              ],
              [
                13.87023736413027,
                50.54293175086588
              ],
              [
                13.86386416331284,
                50.54349007560956
              ],
              [
                13.862056605645547,
                50.5459245653603
              ],
              [
                13.857959172702314,
                50.54893356111504
              ],
              [
                13.854480921587076,
                50.549180700512316
              ],
              [
                13.852651486605007,
                50.54871657716689
              ],
              [
                13.853175909910686,
                50.549694154175306
              ],
              [
                13.851510708555535,
                50.5502087581404
              ],
              [
                13.852931125469446,
                50.55123842925615
              ],
              [
                13.851777707185667,
                50.55190708987504
              ],
              [
                13.85058738056035,
                50.55125384296909
              ],
              [
                13.848688097435163,
                50.551654702750284
              ],
              [
                13.847018935801946,
                50.55241408786341
              ],
              [
                13.847229986921938,
                50.55395581436188
              ],
              [
                13.845779133222651,
                50.55388906698838
              ],
              [
                13.844130848893684,
                50.55437844468019
              ],
              [
                13.848100775591664,
                50.55584728349273
              ],
              [
                13.848098074604849,
                50.556716272487094
              ],
              [
                13.846466966368956,
                50.55735000433483
              ],
              [
                13.846896137206562,
                50.56001529420393
              ],
              [
                13.846125549017216,
                50.56147261739067
              ],
              [
                13.848788927942957,
                50.56142071280981
              ],
              [
                13.849082831457691,
                50.562336248193475
              ],
              [
                13.847996083650669,
                50.56253212176041
              ],
              [
                13.850026792335452,
                50.56698433131406
              ],
              [
                13.852562783621787,
                50.56832311043323
              ],
              [
                13.853784707736352,
                50.56816040972516
              ],
              [
                13.853987395154663,
                50.569511263288334
              ],
              [
                13.855809508616794,
                50.568306115340775
              ],
              [
                13.856072849979565,
                50.56723877964522
              ],
              [
                13.857332934819276,
                50.56797468894991
              ],
              [
                13.854496541654056,
                50.57135143647958
              ],
              [
                13.855290974507932,
                50.57150708466715
              ],
              [
                13.855250234378087,
                50.572138243265194
              ],
              [
                13.853840392698086,
                50.57252386640744
              ],
              [
                13.85430291948022,
                50.573862061819256
              ],
              [
                13.853419534344454,
                50.57486856124207
              ],
              [
                13.852548251318009,
                50.57454435629891
              ],
              [
                13.852195085036223,
                50.575502174816904
              ],
              [
                13.853476046406813,
                50.5783094462469
              ],
              [
                13.854312747084228,
                50.57808099473286
              ],
              [
                13.855240475827259,
                50.578732090064506
              ],
              [
                13.856165015030316,
                50.58244894889465
              ],
              [
                13.857462517157012,
                50.58400561979522
              ],
              [
                13.85635562503964,
                50.58598406264989
              ],
              [
                13.85326375989433,
                50.58604313401252
              ],
              [
                13.854742402871867,
                50.58761087032239
              ],
              [
                13.854936953926732,
                50.58996307879327
              ],
              [
                13.856215533866624,
                50.59036670019751
              ],
              [
                13.856557495392892,
                50.59153263507824
              ],
              [
                13.855392066584278,
                50.59287755939351
              ],
              [
                13.856816457257779,
                50.59367502557492
              ],
              [
                13.861001475645537,
                50.594009220312316
              ],
              [
                13.859576855061235,
                50.59400423685159
              ],
              [
                13.858384287441632,
                50.59495667783011
              ],
              [
                13.860868021984542,
                50.59468167424698
              ],
              [
                13.86090718342937,
                50.59527251826866
              ],
              [
                13.859551595537498,
                50.597241995737214
              ],
              [
                13.856468126510908,
                50.5975093979971
              ],
              [
                13.856559513910918,
                50.59816885160601
              ],
              [
                13.857599675145412,
                50.598225430840515
              ],
              [
                13.856050873358518,
                50.598460576854606
              ],
              [
                13.856240081059983,
                50.599273613336486
              ],
              [
                13.85178914711845,
                50.599763560123016
              ],
              [
                13.851695596796134,
                50.59872324893292
              ],
              [
                13.848386028903565,
                50.59864684282501
              ],
              [
                13.848937649325288,
                50.60074141203193
              ],
              [
                13.847429906092026,
                50.60114041946197
              ],
              [
                13.847681054832153,
                50.60248331359222
              ],
              [
                13.844066380919543,
                50.60493022157792
              ],
              [
                13.841781587855982,
                50.60391549481363
              ],
              [
                13.841087323252344,
                50.60472925804686
              ],
              [
                13.838578722881415,
                50.605508627304935
              ],
              [
                13.833164443785206,
                50.605472901448394
              ],
              [
                13.832561056449581,
                50.60561549261537
              ],
              [
                13.833149507421147,
                50.60632677893974
              ],
              [
                13.830565319769867,
                50.60609609452218
              ],
              [
                13.830538429576281,
                50.60820769111031
              ],
              [
                13.82760787042922,
                50.60840500558513
              ],
              [
                13.823611380072663,
                50.60647149696244
              ],
              [
                13.819951690366283,
                50.60852287387661
              ],
              [
                13.819235349654026,
                50.60725943077953
              ],
              [
                13.816440139151968,
                50.60792183442997
              ],
              [
                13.815032826611935,
                50.607601058896904
              ],
              [
                13.810898433282514,
                50.6039200382676
              ],
              [
                13.812349393837062,
                50.603347475772644
              ],
              [
                13.812159625941685,
                50.60250390252909
              ],
              [
                13.80931222832687,
                50.602519842061625
              ],
              [
                13.808247594110009,
                50.60182303773684
              ],
              [
                13.806766329918762,
                50.6027436160574
              ],
              [
                13.806974799192018,
                50.60343803454533
              ],
              [
                13.805246435515611,
                50.60396050419208
              ],
              [
                13.805752450400947,
                50.60060654244583
              ],
              [
                13.800210432298622,
                50.59631965667029
              ],
              [
                13.797525297817476,
                50.59597575896342
              ],
              [
                13.796255166572669,
                50.594404556907946
              ],
              [
                13.79503882134861,
                50.58951822911511
              ],
              [
                13.791335873240481,
                50.59019491657332
              ],
              [
                13.791039942186165,
                50.58951837675836
              ],
              [
                13.788978557725533,
                50.5894183676096
              ],
              [
                13.784213826526937,
                50.59001389548314
              ],
              [
                13.783309076847813,
                50.58997288509199
              ],
              [
                13.782319679458059,
                50.59153219829868
              ],
              [
                13.780230395603699,
                50.59164187386029
              ],
              [
                13.7786195489742,
                50.59492368088944
              ],
              [
                13.77546679818189,
                50.597487116667644
              ],
              [
                13.77166673560196,
                50.59757379425212
              ],
              [
                13.770002608331179,
                50.59672973829361
              ],
              [
                13.76801554766902,
                50.596830578783646
              ],
              [
                13.768187126867632,
                50.59613167658966
              ],
              [
                13.76672732685587,
                50.59621487720008
              ],
              [
                13.766941155213106,
                50.59983205502629
              ],
              [
                13.764856862220629,
                50.60064032914677
              ],
              [
                13.763185620474689,
                50.59912539858707
              ],
              [
                13.76393119241698,
                50.59408310103296
              ],
              [
                13.757215211217204,
                50.59744799172653
              ],
              [
                13.752603855719826,
                50.59554779423617
              ],
              [
                13.747899685155845,
                50.59217831129041
              ],
              [
                13.747794019404001,
                50.59139353384211
              ],
              [
                13.736208060389284,
                50.59172051131533
              ],
              [
                13.734684817969836,
                50.58790747976832
              ],
              [
                13.735758018880077,
                50.588102388978584
              ],
              [
                13.735583885612174,
                50.58750072522335
              ],
              [
                13.736338131573243,
                50.58739482080045
              ],
              [
                13.736815960896745,
                50.58826696412429
              ],
              [
                13.748562903412394,
                50.58667156954045
              ],
              [
                13.75043629198199,
                50.58693002533491
              ],
              [
                13.748963618599017,
                50.578337629098385
              ],
              [
                13.748770091087792,
                50.57792727363071
              ],
              [
                13.746733053989868,
                50.57806390196659
              ],
              [
                13.745733149902799,
                50.57881085411499
              ],
              [
                13.742859665707423,
                50.575223176878104
              ],
              [
                13.741768312889347,
                50.575365544761965
              ],
              [
                13.742015209898675,
                50.576324387664755
              ],
              [
                13.736726670457525,
                50.57639895703597
              ],
              [
                13.733161109746263,
                50.57556758800563
              ],
              [
                13.73331304213561,
                50.576933393136734
              ],
              [
                13.726996662122936,
                50.577250358610925
              ],
              [
                13.722828166247142,
                50.57706335537334
              ],
              [
                13.722715272373472,
                50.57554841161671
              ],
              [
                13.719140168816375,
                50.57573227151835
              ],
              [
                13.719079006605808,
                50.575228835805305
              ],
              [
                13.716487161392282,
                50.57520016229017
              ],
              [
                13.709854209879968,
                50.57538491709034
              ],
              [
                13.709276811844571,
                50.57773271588797
              ],
              [
                13.70945154700667,
                50.57834996058979
              ],
              [
                13.705391958140936,
                50.57864064675637
              ],
              [
                13.705493471924935,
                50.579285472117974
              ],
              [
                13.702879530547667,
                50.57943301252482
              ],
              [
                13.705255108585773,
                50.581250154623355
              ],
              [
                13.699703794157433,
                50.58301844122054
              ],
              [
                13.702342802388113,
                50.58402859085106
              ],
              [
                13.691494152252785,
                50.58763285938034
              ],
              [
                13.692761491705095,
                50.586260448438054
              ],
              [
                13.689002744648027,
                50.58396637246144
              ],
              [
                13.68605935971508,
                50.58517958895519
              ],
              [
                13.684958303564558,
                50.58500393561593
              ],
              [
                13.685098414974421,
                50.588559328311575
              ],
              [
                13.688301141891111,
                50.593467136104756
              ],
              [
                13.686902011886781,
                50.59289409931939
              ],
              [
                13.685194571590042,
                50.59386524294956
              ],
              [
                13.685517888232878,
                50.59602842518258
              ],
              [
                13.684702489243236,
                50.596101106365104
              ],
              [
                13.68449903818113,
                50.598090283222376
              ],
              [
                13.687260468264142,
                50.59800879831934
              ],
              [
                13.687920795674481,
                50.59877049740158
              ],
              [
                13.684958762728904,
                50.59894656538621
              ],
              [
                13.68521344330699,
                50.60088191677833
              ],
              [
                13.684506228677753,
                50.601345273218456
              ],
              [
                13.681959028962712,
                50.60076417584816
              ],
              [
                13.6759277463678,
                50.60159417345258
              ],
              [
                13.66887233831415,
                50.60266621708365
              ],
              [
                13.66589847996309,
                50.60348179157141
              ],
              [
                13.664289239320935,
                50.60496969988734
              ],
              [
                13.660783564428481,
                50.60562876701912
              ],
              [
                13.656871304641056,
                50.610953131006994
              ],
              [
                13.659086048582344,
                50.612221496702915
              ],
              [
                13.657672226741816,
                50.61272160905659
              ],
              [
                13.658088435337373,
                50.61398216837145
              ],
              [
                13.660618254335265,
                50.615280249872825
              ],
              [
                13.662714734643258,
                50.61807744781411
              ],
              [
                13.672339437577127,
                50.61985843604269
              ],
              [
                13.673944942196254,
                50.62076224723744
              ],
              [
                13.672816076752692,
                50.6211005878183
              ],
              [
                13.670364819764862,
                50.61992173217142
              ],
              [
                13.668865310125721,
                50.619891008336126
              ],
              [
                13.664772963548511,
                50.62176451788701
              ],
              [
                13.664146829855623,
                50.62088903405354
              ],
              [
                13.661138211766882,
                50.62187691174404
              ],
              [
                13.65659298796441,
                50.626228880889975
              ],
              [
                13.656201888339739,
                50.628604871263335
              ],
              [
                13.655169150480535,
                50.62835684640197
              ],
              [
                13.655499644994931,
                50.630726267952284
              ],
              [
                13.652895275471243,
                50.634515074184996
              ],
              [
                13.649482419927876,
                50.63768558409139
              ],
              [
                13.647745347567902,
                50.64261255854673
              ],
              [
                13.646033538738648,
                50.64345826308951
              ],
              [
                13.642163623795645,
                50.64365549847004
              ],
              [
                13.639933891384485,
                50.644513110653314
              ],
              [
                13.635467904292774,
                50.647828646309634
              ],
              [
                13.634356942276492,
                50.650448427290456
              ],
              [
                13.623697174225274,
                50.6513135096304
              ],
              [
                13.619747649854522,
                50.65306764789564
              ],
              [
                13.61521657333723,
                50.65365317657027
              ],
              [
                13.61426756981029,
                50.65582292367351
              ],
              [
                13.61739757932078,
                50.65964386197696
              ],
              [
                13.617318177696163,
                50.661237629022416
              ],
              [
                13.621103516821647,
                50.66412988534881
              ],
              [
                13.623057869085944,
                50.664842952198896
              ],
              [
                13.625934839886417,
                50.669279849587255
              ],
              [
                13.628157842057156,
                50.67011194182837
              ],
              [
                13.632458938564962,
                50.66945056410372
              ],
              [
                13.635226963163543,
                50.67034861996331
              ],
              [
                13.630721814449455,
                50.67405442140342
              ],
              [
                13.61909002195111,
                50.67785430292921
              ],
              [
                13.624319053998251,
                50.679875257134334
              ],
              [
                13.628368785135871,
                50.67947969760409
              ],
              [
                13.628268884099485,
                50.68054236204617
              ],
              [
                13.626376331225973,
                50.6812815506129
              ],
              [
                13.62902748912723,
                50.68167452854389
              ],
              [
                13.629091110394718,
                50.68372435563618
              ],
              [
                13.633036516783447,
                50.684668587679084
              ],
              [
                13.632096100998899,
                50.68595048921772
              ],
              [
                13.629431943855232,
                50.68625328829552
              ],
              [
                13.62329375575178,
                50.68547364968441
              ],
              [
                13.622558415914074,
                50.687098583656756
              ],
              [
                13.62456658997167,
                50.688922413782535
              ],
              [
                13.62224052272346,
                50.68764999445269
              ],
              [
                13.62223321276354,
                50.68938877946309
              ],
              [
                13.620535748078538,
                50.69076325694076
              ],
              [
                13.61899159931648,
                50.69092248559808
              ],
              [
                13.614991376568813,
                50.689023309416854
              ],
              [
                13.61328809440024,
                50.68884214890661
              ],
              [
                13.611196083672029,
                50.69000484917834
              ],
              [
                13.609948757174505,
                50.6911655868495
              ],
              [
                13.611106855706861,
                50.691829642089175
              ],
              [
                13.610080733869202,
                50.69248829987826
              ],
              [
                13.613458612664902,
                50.69371002827058
              ],
              [
                13.6185835011189,
                50.697760843595965
              ],
              [
                13.614086707878352,
                50.6996449362863
              ],
              [
                13.611228684033875,
                50.699590549515825
              ],
              [
                13.611384719904192,
                50.701151287020224
              ],
              [
                13.601511301241057,
                50.70050286765359
              ],
              [
                13.591878026263112,
                50.70183165631699
              ],
              [
                13.58847867226274,
                50.7050627277187
              ],
              [
                13.590033289514214,
                50.70671985741777
              ],
              [
                13.587547969429849,
                50.709535022184916
              ],
              [
                13.586953574680477,
                50.71209022078132
              ],
              [
                13.58760785890784,
                50.71295259883527
              ],
              [
                13.586895853242662,
                50.713389792053555
              ],
              [
                13.593546841556632,
                50.712782073875886
              ],
              [
                13.599337761638118,
                50.71070020623978
              ],
              [
                13.602065815619474,
                50.710458329695555
              ]
            ]
          ]
        ]
      }
    },
    {
      "type": "Feature",
      "properties": {
        "name": "Ústí nad Labem"
      },
      "geometry": {
        "type": "MultiPolygon",
        "coordinates": [
          [
            [
              [
                13.898733563028344,
                50.74522593456021
              ],
              [
                13.900940349837343,
                50.75227810171233
              ],
              [
                13.902988662729776,
                50.75342445753954
              ],
              [
                13.900867261298673,
                50.755150085517634
              ],
              [
                13.898399948581252,
                50.75593133025753
              ],
              [
                13.892089220526366,
                50.762392285330755
              ],
              [
                13.890094608031388,
                50.76295121134897
              ],
              [
                13.888527625757638,
                50.76566730893627
              ],
              [
                13.88915213722507,
                50.766949678098364
              ],
              [
                13.887556907701832,
                50.77050032039568
              ],
              [
                13.889299177983801,
                50.77305912025318
              ],
              [
                13.89270414072669,
                50.77452001419221
              ],
              [
                13.892850122477443,
                50.776788556053496
              ],
              [
                13.89499842218384,
                50.78065470534771
              ],
              [
                13.898211843702255,
                50.78246311971527
              ],
              [
                13.898920039099453,
                50.784050719919925
              ],
              [
                13.90056607881353,
                50.78521394192432
              ],
              [
                13.900026794111168,
                50.78665204362671
              ],
              [
                13.897422136777939,
                50.787590767680435
              ],
              [
                13.896647818772323,
                50.78874915540934
              ],
              [
                13.897959146551687,
                50.79252383736842
              ],
              [
                13.904121996248433,
                50.794668695660604
              ],
              [
                13.90713577363699,
                50.79304128251832
              ],
              [
                13.914960335636,
                50.79152004220325
              ],
              [
                13.918467286980404,
                50.78956488427564
              ],
              [
                13.92034031912961,
                50.79014326212657
              ],
              [
                13.924461393387805,
                50.789179425404164
              ],
              [
                13.92916644457038,
                50.78893318304964
              ],
              [
                13.933093099780072,
                50.790388343071434
              ],
              [
                13.937416429723827,
                50.790040652995984
              ],
              [
                13.93937541596509,
                50.7904063077571
              ],
              [
                13.941144053538887,
                50.791806472170435
              ],
              [
                13.945263072800497,
                50.79291562431783
              ],
              [
                13.946373465451384,
                50.79450824932645
              ],
              [
                13.947488175096165,
                50.79458712946127
              ],
              [
                13.947424033463829,
                50.79613553868179
              ],
              [
                13.948718753904286,
                50.79738810698672
              ],
              [
                13.956353511336637,
                50.80100053969827
              ],
              [
                13.954580067478597,
                50.80799520017634
              ],
              [
                13.959256053373846,
                50.81031172795549
              ],
              [
                13.964373307858958,
                50.811422995236654
              ],
              [
                13.970933737191725,
                50.811534279170914
              ],
              [
                13.97595618771998,
                50.814256108959114
              ],
              [
                13.980293386620042,
                50.81482282401308
              ],
              [
                13.986158408940419,
                50.81672014612081
              ],
              [
                13.988627246352296,
                50.819046484095814
              ],
              [
                13.99045164423764,
                50.81933905546402
              ],
              [
                13.990789287630752,
                50.82040511724592
              ],
              [
                13.992466035192628,
                50.819751841155245
              ],
              [
                13.993310555702939,
                50.818439825972945
              ],
              [
                13.994776574291,
                50.81833515346254
              ],
              [
                13.995374730934389,
                50.817596312331744
              ],
              [
                13.998789286814693,
                50.817321377635956
              ],
              [
                13.999901319169851,
                50.81610963568124
              ],
              [
                14.003301388629577,
                50.8149580129622
              ],
              [
                14.003698526275251,
                50.81197716460232
              ],
              [
                14.002968872811458,
                50.81156993050011
              ],
              [
                14.003790464122485,
                50.810672354870576
              ],
              [
                14.012463576944175,
                50.81215543349183
              ],
              [
                14.013559939167875,
                50.811583128510954
              ],
              [
                14.017644390314794,
                50.8113402918751
              ],
              [
                14.023603682319369,
                50.809329859480876
              ],
              [
                14.028539912104337,
                50.80500135165793
              ],
              [
                14.031448803766601,
                50.804619206028995
              ],
              [
                14.033629539882545,
                50.80478739222906
              ],
              [
                14.035268698975244,
                50.80559465963126
              ],
              [
                14.038306568258148,
                50.80963332623684
              ],
              [
                14.040722571316469,
                50.8111792872826
              ],
              [
                14.047601005302921,
                50.81047537410817
              ],
              [
                14.049278371357248,
                50.81082883726201
              ],
              [
                14.048055822486027,
                50.809567390396424
              ],
              [
                14.048671251843963,
                50.80502537938165
              ],
              [
                14.05256139673925,
                50.801292112674915
              ],
              [
                14.046510514016548,
                50.800770950032934
              ],
              [
                14.043378338763594,
                50.7956549015829
              ],
              [
                14.045434412795407,
                50.79389307980076
              ],
              [
                14.041946213550599,
                50.79180273046395
              ],
              [
                14.039979474124458,
                50.787900679740595
              ],
              [
                14.043674928401925,
                50.784554673141926
              ],
              [
                14.043470030192637,
                50.78385699158019
              ],
              [
                14.041995320724164,
                50.783474286429154
              ],
              [
                14.043588301876461,
                50.78125236907603
              ],
              [
                14.04439096506467,
                50.78236018881069
              ],
              [
                14.0484265551751,
                50.77990834462106
              ],
              [
                14.056493071610815,
                50.778581630341115
              ],
              [
                14.06328743510254,
                50.778954214330064
              ],
              [
                14.076438935821022,
                50.778454354609764
              ],
              [
                14.07974906494284,
                50.778742723430724
              ],
              [
                14.080254973807648,
                50.779786236957754
              ],
              [
                14.082342756301228,
                50.78005646161029
              ],
              [
                14.077263012131748,
                50.776341567220975
              ],
              [
                14.076312987891166,
                50.77106159212761
              ],
              [
                14.074549423333625,
                50.7681965829554
              ],
              [
                14.070276680161326,
                50.76775135920105
              ],
              [
                14.071772810159572,
                50.756691402416045
              ],
              [
                14.068972046691083,
                50.75192748632235
              ],
              [
                14.065308436829095,
                50.74809476210161
              ],
              [
                14.066890988042543,
                50.74805959590675
              ],
              [
                14.067754389391766,
                50.74892077893934
              ],
              [
                14.076869105938798,
                50.748679896550286
              ],
              [
                14.088917109333329,
                50.749819732899645
              ],
              [
                14.09049063262202,
                50.74897350120096
              ],
              [
                14.091187049629058,
                50.74668938535679
              ],
              [
                14.095046384984894,
                50.741308071109216
              ],
              [
                14.098159222907126,
                50.740464828191186
              ],
              [
                14.100108290711901,
                50.73791392410326
              ],
              [
                14.108039523991643,
                50.73381468556403
              ],
              [
                14.107755198712772,
                50.73292579436192
              ],
              [
                14.110160441460907,
                50.73056776397599
              ],
              [
                14.113326859479102,
                50.72753104082805
              ],
              [
                14.119216570478939,
                50.718535109916225
              ],
              [
                14.12434418621709,
                50.720829281966786
              ],
              [
                14.130741780119937,
                50.72244802448768
              ],
              [
                14.131989655867686,
                50.72387444972955
              ],
              [
                14.134804988580496,
                50.724140030088336
              ],
              [
                14.139684658570712,
                50.72277966140413
              ],
              [
                14.141618936308538,
                50.720672876625414
              ],
              [
                14.143526319186169,
                50.720356599506744
              ],
              [
                14.144019668200018,
                50.7196002773648
              ],
              [
                14.144726460557493,
                50.71997538372386
              ],
              [
                14.149649003620343,
                50.71882487809603
              ],
              [
                14.151190462467111,
                50.7162163692855
              ],
              [
                14.152128577737114,
                50.71611927952419
              ],
              [
                14.15342039107,
                50.714074054054095
              ],
              [
                14.156881459431977,
                50.713256195937504
              ],
              [
                14.157530454632337,
                50.71069683983143
              ],
              [
                14.15929794428474,
                50.71021873873727
              ],
              [
                14.159443623477621,
                50.709088677957766
              ],
              [
                14.165317870125488,
                50.71086149854407
              ],
              [
                14.165577879659411,
                50.710238199742705
              ],
              [
                14.16739995744685,
                50.710374418909694
              ],
              [
                14.16793283565427,
                50.709656713108494
              ],
              [
                14.17088147807903,
                50.70891889045984
              ],
              [
                14.172800004131066,
                50.71023117187596
              ],
              [
                14.172299812998459,
                50.70669894231172
              ],
              [
                14.173967276157011,
                50.70455012902462
              ],
              [
                14.172720952972396,
                50.70244526701386
              ],
              [
                14.175526412284201,
                50.70175946820394
              ],
              [
                14.174050084694503,
                50.70055641872088
              ],
              [
                14.17238800051713,
                50.70037476463231
              ],
              [
                14.175918611255502,
                50.699606086648394
              ],
              [
                14.179443215004103,
                50.700344172628775
              ],
              [
                14.178546105376048,
                50.69842305385318
              ],
              [
                14.17728287576385,
                50.698111377103345
              ],
              [
                14.177033211164378,
                50.6966607943429
              ],
              [
                14.178788210395025,
                50.69643200514804
              ],
              [
                14.179345790746538,
                50.6950439471596
              ],
              [
                14.182623493054114,
                50.692216633887355
              ],
              [
                14.182463062514234,
                50.690183770839134
              ],
              [
                14.183209580052512,
                50.68944211294877
              ],
              [
                14.18485784968508,
                50.68911891966947
              ],
              [
                14.186385024581146,
                50.690844589364985
              ],
              [
                14.189843701324378,
                50.689823756199104
              ],
              [
                14.195522773585688,
                50.69446454245715
              ],
              [
                14.196975804384012,
                50.6943294415785
              ],
              [
                14.19925559541165,
                50.69298586742161
              ],
              [
                14.192154942121611,
                50.688102113018005
              ],
              [
                14.194030690623679,
                50.68644192699932
              ],
              [
                14.195719180481063,
                50.682660462684176
              ],
              [
                14.200131744082134,
                50.679712266538665
              ],
              [
                14.202903959461743,
                50.678849788578724
              ],
              [
                14.206166486483566,
                50.67633423856074
              ],
              [
                14.211491220955825,
                50.67676848090758
              ],
              [
                14.215964337339907,
                50.67618685797397
              ],
              [
                14.221592748277764,
                50.674046009843295
              ],
              [
                14.223066202791586,
                50.67432741840665
              ],
              [
                14.226168849586632,
                50.67341248406836
              ],
              [
                14.224862238543356,
                50.672427657041226
              ],
              [
                14.226553100852614,
                50.671071162768534
              ],
              [
                14.228193688620292,
                50.67072225133574
              ],
              [
                14.227505187315266,
                50.66907129537131
              ],
              [
                14.233636808824219,
                50.66609384499632
              ],
              [
                14.232241769764611,
                50.665507081069165
              ],
              [
                14.23110604301138,
                50.663505034408
              ],
              [
                14.22869206031037,
                50.66184349460951
              ],
              [
                14.229397355193937,
                50.66158553650603
              ],
              [
                14.229252295876577,
                50.659811161116224
              ],
              [
                14.22587389033468,
                50.65735406372142
              ],
              [
                14.233844059850345,
                50.656930139096296
              ],
              [
                14.23610133190397,
                50.6561410025124
              ],
              [
                14.234250400103738,
                50.65538609070115
              ],
              [
                14.23402322812477,
                50.65358381107641
              ],
              [
                14.229930239451596,
                50.650891753974655
              ],
              [
                14.233441450005236,
                50.64743020970666
              ],
              [
                14.230813467628634,
                50.64617740376101
              ],
              [
                14.229459789650514,
                50.64208211717443
              ],
              [
                14.225416855059828,
                50.639220397979926
              ],
              [
                14.227210552966383,
                50.639235839527736
              ],
              [
                14.228729149616324,
                50.63663491095984
              ],
              [
                14.229916524869466,
                50.63691189265672
              ],
              [
                14.230776392162783,
                50.636473564824406
              ],
              [
                14.2315807162615,
                50.63393167441241
              ],
              [
                14.2273262517865,
                50.62941145372649
              ],
              [
                14.224786731010639,
                50.62838651982927
              ],
              [
                14.222362791616488,
                50.62732199667001
              ],
              [
                14.223265260194024,
                50.626000887697316
              ],
              [
                14.216609834799362,
                50.626531680008995
              ],
              [
                14.212412612242366,
                50.62311991553281
              ],
              [
                14.210651061089724,
                50.625427906607804
              ],
              [
                14.20900098665599,
                50.62549190410299
              ],
              [
                14.208976761239974,
                50.62202848073911
              ],
              [
                14.202776131656334,
                50.61690378803348
              ],
              [
                14.201759825790369,
                50.61846625184961
              ],
              [
                14.197770360745643,
                50.621176722247284
              ],
              [
                14.196715307929301,
                50.62063657659111
              ],
              [
                14.196807688872498,
                50.61959192238695
              ],
              [
                14.194379658744781,
                50.62099089493742
              ],
              [
                14.195115588329047,
                50.62134717386307
              ],
              [
                14.194498681070819,
                50.623387738007814
              ],
              [
                14.195557109175454,
                50.62396959961138
              ],
              [
                14.196708503309084,
                50.62331066252194
              ],
              [
                14.196913744199257,
                50.62371594831361
              ],
              [
                14.195368513317046,
                50.62566864630553
              ],
              [
                14.19314784484131,
                50.62674536904973
              ],
              [
                14.190743859889407,
                50.6275644330532
              ],
              [
                14.188183446351056,
                50.62734529440733
              ],
              [
                14.1875216603109,
                50.626582811330664
              ],
              [
                14.188037983970652,
                50.625113824755516
              ],
              [
                14.186160775249213,
                50.62459991875452
              ],
              [
                14.180319193120791,
                50.62605931612274
              ],
              [
                14.179226147872251,
                50.62275947235514
              ],
              [
                14.179342830387773,
                50.619297211188844
              ],
              [
                14.180443070769801,
                50.61834277262951
              ],
              [
                14.179840202714376,
                50.616244839467896
              ],
              [
                14.178045758290938,
                50.61312702398912
              ],
              [
                14.175137070442618,
                50.61148378244939
              ],
              [
                14.176768423238848,
                50.610751600118654
              ],
              [
                14.176945937585543,
                50.60604760699857
              ],
              [
                14.176748729360998,
                50.60554656406723
              ],
              [
                14.171853889423257,
                50.60542163645004
              ],
              [
                14.171236496574318,
                50.60416246375228
              ],
              [
                14.171824054609223,
                50.602503255307404
              ],
              [
                14.169376860027679,
                50.60239341816712
              ],
              [
                14.170716681728608,
                50.601253765833775
              ],
              [
                14.16914766899561,
                50.60050230167089
              ],
              [
                14.16511732239176,
                50.602023677093975
              ],
              [
                14.164462369320495,
                50.60428248740797
              ],
              [
                14.162185572113403,
                50.606013253438036
              ],
              [
                14.16027358899902,
                50.60647217413096
              ],
              [
                14.155864118179924,
                50.605907799756686
              ],
              [
                14.152293095341301,
                50.60377290842781
              ],
              [
                14.147796430133425,
                50.607996536132674
              ],
              [
                14.14661139539776,
                50.60806819564491
              ],
              [
                14.145050735206205,
                50.60718186454724
              ],
              [
                14.143806417390172,
                50.605277016216085
              ],
              [
                14.144487916540328,
                50.6035455909317
              ],
              [
                14.144070298594409,
                50.599356171849664
              ],
              [
                14.143000922429074,
                50.59815924732806
              ],
              [
                14.143257983694497,
                50.59621522007852
              ],
              [
                14.138994404319613,
                50.59475100898496
              ],
              [
                14.1342854238323,
                50.5921703820798
              ],
              [
                14.12302940205362,
                50.590220104048484
              ],
              [
                14.122230672049797,
                50.58692299766571
              ],
              [
                14.119859691267411,
                50.58441745881931
              ],
              [
                14.120785406336367,
                50.57836203571733
              ],
              [
                14.116059421331553,
                50.58219763495402
              ],
              [
                14.113654982985878,
                50.58771110625012
              ],
              [
                14.112701761565228,
                50.58726812748185
              ],
              [
                14.109077057714678,
                50.58798235611202
              ],
              [
                14.107636585831136,
                50.589941791192764
              ],
              [
                14.106175954477317,
                50.58995216019045
              ],
              [
                14.105338418843635,
                50.59189675496338
              ],
              [
                14.104236709412735,
                50.59277753394599
              ],
              [
                14.100794157672379,
                50.59337907074007
              ],
              [
                14.097060535333291,
                50.592250739619836
              ],
              [
                14.094649013863906,
                50.59033515050949
              ],
              [
                14.089605858691202,
                50.5901276541594
              ],
              [
                14.089128647893924,
                50.587765788222725
              ],
              [
                14.0918008338969,
                50.58556634130489
              ],
              [
                14.09155221632368,
                50.58487108385565
              ],
              [
                14.086376869112527,
                50.58552452654976
              ],
              [
                14.082451775554663,
                50.58413404151544
              ],
              [
                14.080282647382202,
                50.58574440105193
              ],
              [
                14.07822123998388,
                50.584401834566734
              ],
              [
                14.076420662147415,
                50.58120278233383
              ],
              [
                14.07420810288372,
                50.58207991968778
              ],
              [
                14.06981629639963,
                50.581805732722586
              ],
              [
                14.069124541898105,
                50.5840201285087
              ],
              [
                14.066823596541553,
                50.58446152005352
              ],
              [
                14.05948640687389,
                50.582069051013
              ],
              [
                14.060753239805328,
                50.58563685847574
              ],
              [
                14.05927529385868,
                50.58576402219174
              ],
              [
                14.059521009227,
                50.58673210242671
              ],
              [
                14.057864944447264,
                50.58813495526927
              ],
              [
                14.055736136900315,
                50.58846155519475
              ],
              [
                14.05299791025497,
                50.58768710538942
              ],
              [
                14.05058103000787,
                50.58875617758615
              ],
              [
                14.049051413865062,
                50.588216333121
              ],
              [
                14.04960475688662,
                50.586600012798655
              ],
              [
                14.047919469856186,
                50.58488134392574
              ],
              [
                14.042941343347454,
                50.58474850891258
              ],
              [
                14.040488831389329,
                50.58268635071489
              ],
              [
                14.039739924264085,
                50.580979718699226
              ],
              [
                14.036270382833028,
                50.58227835460052
              ],
              [
                14.035286578537818,
                50.58182916284015
              ],
              [
                14.031342439465211,
                50.58691516726605
              ],
              [
                14.028602769772723,
                50.58741492768978
              ],
              [
                14.02562692248368,
                50.58669399837953
              ],
              [
                14.021225671445912,
                50.58608221372648
              ],
              [
                14.019305027368688,
                50.58387580034902
              ],
              [
                14.015413947944753,
                50.58332077103713
              ],
              [
                14.01192292978106,
                50.58364731985055
              ],
              [
                14.004503981148346,
                50.5810760335176
              ],
              [
                14.005504010200484,
                50.5805974531767
              ],
              [
                14.00409048906778,
                50.57755609404994
              ],
              [
                14.006378077364555,
                50.577836434516385
              ],
              [
                14.005206494916132,
                50.57545171167944
              ],
              [
                14.00586801464301,
                50.57400417915286
              ],
              [
                14.004871586438059,
                50.571830318094875
              ],
              [
                14.002634132520987,
                50.57359359455715
              ],
              [
                13.997697355884704,
                50.57373894902406
              ],
              [
                13.995502462248993,
                50.574793420878166
              ],
              [
                13.996203484856279,
                50.57781648567155
              ],
              [
                13.988935480043128,
                50.578045085968
              ],
              [
                13.985915613304266,
                50.57935309035562
              ],
              [
                13.987755352749732,
                50.58177842744638
              ],
              [
                13.987932279169431,
                50.583589613369625
              ],
              [
                13.986405325099364,
                50.58559951166268
              ],
              [
                13.984685605489089,
                50.58647257122598
              ],
              [
                13.984571008274134,
                50.587872310649686
              ],
              [
                13.98232460741843,
                50.58926458992634
              ],
              [
                13.980103605984466,
                50.59205330663896
              ],
              [
                13.975248331083227,
                50.59378243157392
              ],
              [
                13.970907914698877,
                50.593929900875025
              ],
              [
                13.971385477948546,
                50.59435460500187
              ],
              [
                13.968979762457025,
                50.595115863042885
              ],
              [
                13.968312200862442,
                50.594376941848154
              ],
              [
                13.966291622614078,
                50.59440200572959
              ],
              [
                13.966511341523237,
                50.59539695435344
              ],
              [
                13.964446853578284,
                50.59516710863531
              ],
              [
                13.963687212386715,
                50.5937150909859
              ],
              [
                13.961468557560503,
                50.594556000135306
              ],
              [
                13.961034953115913,
                50.593957978352506
              ],
              [
                13.956045708290757,
                50.59439117506428
              ],
              [
                13.951645465300919,
                50.59320790243847
              ],
              [
                13.948953323389036,
                50.594102107344085
              ],
              [
                13.949950232827065,
                50.59598065660207
              ],
              [
                13.948660295279865,
                50.596286847294806
              ],
              [
                13.949036929854852,
                50.59824786592771
              ],
              [
                13.945766977771072,
                50.59956282592825
              ],
              [
                13.944748857351803,
                50.59852973372802
              ],
              [
                13.938064236599649,
                50.59786944106653
              ],
              [
                13.938432775073963,
                50.597135828116535
              ],
              [
                13.936823109471959,
                50.59677337619781
              ],
              [
                13.936913834448129,
                50.59604787539944
              ],
              [
                13.935547180636776,
                50.5960704876129
              ],
              [
                13.935366453870806,
                50.59682151707617
              ],
              [
                13.93640294968884,
                50.59675715684165
              ],
              [
                13.936155389963035,
                50.59763630121287
              ],
              [
                13.934437727022408,
                50.59736436383651
              ],
              [
                13.93455439405973,
                50.598994515505666
              ],
              [
                13.933118955467823,
                50.59957713132306
              ],
              [
                13.933402240102765,
                50.600781775342924
              ],
              [
                13.932077347804817,
                50.60104953517235
              ],
              [
                13.932471129667372,
                50.60144801900588
              ],
              [
                13.931553743688069,
                50.6017532784828
              ],
              [
                13.932198981901267,
                50.60234516107412
              ],
              [
                13.931393838177957,
                50.60291260400889
              ],
              [
                13.928281911677693,
                50.603803572735686
              ],
              [
                13.927650086009107,
                50.60460146147683
              ],
              [
                13.925979502689014,
                50.60463630950504
              ],
              [
                13.925757469160626,
                50.60519924437787
              ],
              [
                13.924214505020169,
                50.60459151857073
              ],
              [
                13.923630960575126,
                50.603533555224494
              ],
              [
                13.92278123275126,
                50.6042490913152
              ],
              [
                13.921134111753931,
                50.60435914688072
              ],
              [
                13.919235518373414,
                50.60599470127279
              ],
              [
                13.921044268200808,
                50.607543980654405
              ],
              [
                13.925347189715623,
                50.609461965392484
              ],
              [
                13.926370346438267,
                50.60890903150344
              ],
              [
                13.926515419590325,
                50.609531845722856
              ],
              [
                13.93502456529282,
                50.61008497914065
              ],
              [
                13.934566877391713,
                50.61145368009801
              ],
              [
                13.936249053170606,
                50.61155817827977
              ],
              [
                13.93646693372509,
                50.61090919867723
              ],
              [
                13.93909296346665,
                50.611167926956114
              ],
              [
                13.937271278114798,
                50.61637908520884
              ],
              [
                13.93302109617922,
                50.61828550323568
              ],
              [
                13.930260677896094,
                50.61751594138971
              ],
              [
                13.926270570783052,
                50.61855604367109
              ],
              [
                13.922609421591503,
                50.622248695624926
              ],
              [
                13.923504926489242,
                50.624292944676014
              ],
              [
                13.922080136735875,
                50.6249189027028
              ],
              [
                13.92319140482384,
                50.62524205950613
              ],
              [
                13.92564329610515,
                50.623959763280006
              ],
              [
                13.926073746515517,
                50.6244124863308
              ],
              [
                13.924548748465822,
                50.62553112224934
              ],
              [
                13.926276429558088,
                50.62546250089153
              ],
              [
                13.926338048946757,
                50.62686298348111
              ],
              [
                13.922093982898643,
                50.626941943026175
              ],
              [
                13.923384781409483,
                50.62764328012205
              ],
              [
                13.923788119910121,
                50.63000291945754
              ],
              [
                13.91807190687776,
                50.632281631666984
              ],
              [
                13.919228727564423,
                50.63393998212606
              ],
              [
                13.918594254956602,
                50.636100946602234
              ],
              [
                13.917887819357029,
                50.636106627806605
              ],
              [
                13.91878209651541,
                50.63845780334616
              ],
              [
                13.91357835728899,
                50.639216766576425
              ],
              [
                13.914557405846326,
                50.64327746508194
              ],
              [
                13.91043100699753,
                50.64440592390623
              ],
              [
                13.910428440375268,
                50.64622629176168
              ],
              [
                13.906106263588498,
                50.64659387363754
              ],
              [
                13.907729979558454,
                50.6478418148475
              ],
              [
                13.907592904847528,
                50.649207820667215
              ],
              [
                13.906399941462,
                50.64927309301101
              ],
              [
                13.906657218103149,
                50.65112880696859
              ],
              [
                13.90596733754251,
                50.651273575415814
              ],
              [
                13.906593230223214,
                50.65725567159904
              ],
              [
                13.904966046789403,
                50.65739584857288
              ],
              [
                13.904850184788094,
                50.66165891554431
              ],
              [
                13.90360144717839,
                50.66225671793352
              ],
              [
                13.909473841494805,
                50.66153268862797
              ],
              [
                13.910952558811868,
                50.668975898812086
              ],
              [
                13.912079672857935,
                50.66958501366142
              ],
              [
                13.91050487471655,
                50.67132552791876
              ],
              [
                13.915507662330388,
                50.67304737845447
              ],
              [
                13.917425179426328,
                50.67472824438996
              ],
              [
                13.916389835096455,
                50.67518528384921
              ],
              [
                13.917147107326233,
                50.67591806168322
              ],
              [
                13.91511781671607,
                50.676562980617156
              ],
              [
                13.91638002438598,
                50.677638325308926
              ],
              [
                13.915345590047991,
                50.67835695396068
              ],
              [
                13.916244706169582,
                50.678672298282606
              ],
              [
                13.912272995663674,
                50.682616873415995
              ],
              [
                13.913216367830975,
                50.68345259489988
              ],
              [
                13.911793408221985,
                50.68434163674619
              ],
              [
                13.910854286260784,
                50.683705310331284
              ],
              [
                13.909115828064696,
                50.68462339428258
              ],
              [
                13.91013605332256,
                50.68529852080603
              ],
              [
                13.902830144661483,
                50.69227255666723
              ],
              [
                13.901904703651033,
                50.6951278479478
              ],
              [
                13.899596433131935,
                50.69632021887103
              ],
              [
                13.899644521900129,
                50.70190955448238
              ],
              [
                13.900391857679416,
                50.70238671276993
              ],
              [
                13.901583031457204,
                50.70263350136295
              ],
              [
                13.903103304280217,
                50.70162892405333
              ],
              [
                13.903089275033652,
                50.699726285336766
              ],
              [
                13.904271157533758,
                50.69863447964178
              ],
              [
                13.906761578784883,
                50.70001581508642
              ],
              [
                13.90825571028349,
                50.70270744368973
              ],
              [
                13.9112049350308,
                50.704987149270515
              ],
              [
                13.911726116873483,
                50.70701350762034
              ],
              [
                13.913704646704046,
                50.70707472357386
              ],
              [
                13.914582475464142,
                50.70836479375228
              ],
              [
                13.91633894188889,
                50.70873893833652
              ],
              [
                13.916718180787214,
                50.709554972138605
              ],
              [
                13.919906746258949,
                50.71124312695614
              ],
              [
                13.918474590103838,
                50.711878408731515
              ],
              [
                13.917024825563155,
                50.71390941642557
              ],
              [
                13.916446521317589,
                50.71711487166187
              ],
              [
                13.917985443121571,
                50.7194979971943
              ],
              [
                13.920831777546173,
                50.72013055540336
              ],
              [
                13.921286308610268,
                50.722946827386146
              ],
              [
                13.920034101262859,
                50.723138775068264
              ],
              [
                13.921101002062661,
                50.7241237195818
              ],
              [
                13.929077873081477,
                50.72700899185157
              ],
              [
                13.92861131078083,
                50.72979831256684
              ],
              [
                13.925350643463974,
                50.73033917419685
              ],
              [
                13.919359654958539,
                50.72878848170681
              ],
              [
                13.911652013306087,
                50.7280378018851
              ],
              [
                13.908819582476703,
                50.728942677015965
              ],
              [
                13.909463629850757,
                50.7325811195998
              ],
              [
                13.905833575274892,
                50.73423571810562
              ],
              [
                13.895379796967232,
                50.73789162010892
              ],
              [
                13.89442912848348,
                50.738749609837804
              ],
              [
                13.887169225758548,
                50.73864908552566
              ],
              [
                13.88438176288239,
                50.73947321901405
              ],
              [
                13.886522564312664,
                50.74092912971409
              ],
              [
                13.89677107973314,
                50.74355713948031
              ],
              [
                13.898733563028344,
                50.74522593456021
              ]
            ]
          ]
        ]
      }
    },
    {
      "type": "Feature",
      "properties": {
        "name": "Most"
      },
      "geometry": {
        "type": "MultiPolygon",
        "coordinates": [
          [
            [
              [
                13.653214269197814,
                50.56111852757176
              ],
              [
                13.657989609633198,
                50.56197485216462
              ],
              [
                13.657941362736896,
                50.562849869422855
              ],
              [
                13.659418647222198,
                50.5631325568033
              ],
              [
                13.660104130118272,
                50.56503982055639
              ],
              [
                13.661440548264112,
                50.56510861903253
              ],
              [
                13.661978861315395,
                50.56430115185394
              ],
              [
                13.662750037412373,
                50.56456422723269
              ],
              [
                13.66372534029718,
                50.56384346752063
              ],
              [
                13.662870842041258,
                50.56238444350953
              ],
              [
                13.664897587532664,
                50.56032392339545
              ],
              [
                13.669443648909823,
                50.55955956721426
              ],
              [
                13.666971783543874,
                50.55630817605921
              ],
              [
                13.676502532313178,
                50.55319012576467
              ],
              [
                13.681108735632437,
                50.55822568579878
              ],
              [
                13.68279337531336,
                50.5578130103957
              ],
              [
                13.68184122431516,
                50.554687350912225
              ],
              [
                13.682838915704826,
                50.554021566033654
              ],
              [
                13.691405062575932,
                50.55382571329457
              ],
              [
                13.690449260369602,
                50.550751351276006
              ],
              [
                13.693759402684277,
                50.550737289107
              ],
              [
                13.694059282901732,
                50.55202139227425
              ],
              [
                13.696123699130629,
                50.55192160552975
              ],
              [
                13.698158211418399,
                50.55331033846258
              ],
              [
                13.702149940813632,
                50.55428725545036
              ],
              [
                13.701476468292846,
                50.55327099493679
              ],
              [
                13.70220124700062,
                50.551992386637465
              ],
              [
                13.703995489680358,
                50.55231110259179
              ],
              [
                13.704117689554966,
                50.55154550656949
              ],
              [
                13.70621575151938,
                50.55083121301418
              ],
              [
                13.709383811307038,
                50.5509469498677
              ],
              [
                13.70977298636288,
                50.55000094852508
              ],
              [
                13.711705931764815,
                50.55021179589375
              ],
              [
                13.712413781877247,
                50.54748522386397
              ],
              [
                13.715042551879385,
                50.54737665264964
              ],
              [
                13.714959874378676,
                50.54517131396993
              ],
              [
                13.715977555048287,
                50.54509603989798
              ],
              [
                13.715702418925451,
                50.5444870058164
              ],
              [
                13.71979763165736,
                50.547154928974784
              ],
              [
                13.718747899049998,
                50.54415656672175
              ],
              [
                13.722613572431715,
                50.543861426311004
              ],
              [
                13.725881492299697,
                50.54509229322985
              ],
              [
                13.727568652748616,
                50.54501096788687
              ],
              [
                13.727633139179071,
                50.54438555024058
              ],
              [
                13.73195429961745,
                50.54416595620663
              ],
              [
                13.732436875128684,
                50.54230716359492
              ],
              [
                13.733653279227847,
                50.5422965212516
              ],
              [
                13.733485225468366,
                50.542958941237735
              ],
              [
                13.735769937449168,
                50.54241188390125
              ],
              [
                13.73463287648376,
                50.5464621304803
              ],
              [
                13.73638014293889,
                50.5465852161125
              ],
              [
                13.736436898566133,
                50.54731121290678
              ],
              [
                13.73943888404133,
                50.546301824162676
              ],
              [
                13.742518627352931,
                50.547429956023095
              ],
              [
                13.742835375540968,
                50.54555327756248
              ],
              [
                13.745592628702594,
                50.54144207891316
              ],
              [
                13.745381011420923,
                50.5391002483402
              ],
              [
                13.746303613504677,
                50.53899720313928
              ],
              [
                13.746731799029368,
                50.537787745760475
              ],
              [
                13.751691430425018,
                50.536896290346384
              ],
              [
                13.755730497873508,
                50.53761614276776
              ],
              [
                13.753481160710418,
                50.53203401711587
              ],
              [
                13.754578147582563,
                50.53024221533374
              ],
              [
                13.751506418092193,
                50.52879648748248
              ],
              [
                13.75182889904255,
                50.52813006615594
              ],
              [
                13.753246174704195,
                50.527903880260254
              ],
              [
                13.756719686759462,
                50.53043280996411
              ],
              [
                13.760245938111531,
                50.529353366886454
              ],
              [
                13.757601679276553,
                50.52499480644927
              ],
              [
                13.759969426616655,
                50.52444197004658
              ],
              [
                13.76153683572441,
                50.52513401972539
              ],
              [
                13.762221491128523,
                50.52476939264826
              ],
              [
                13.761028451094294,
                50.52176284043145
              ],
              [
                13.7613581462108,
                50.51953211173441
              ],
              [
                13.75923479410776,
                50.51992824955516
              ],
              [
                13.758323367472771,
                50.51756803314053
              ],
              [
                13.759320429305221,
                50.51698303182243
              ],
              [
                13.757685627826747,
                50.51579776077847
              ],
              [
                13.756934755120593,
                50.515969249398424
              ],
              [
                13.758660459902773,
                50.51537497429599
              ],
              [
                13.758024334140526,
                50.514315878195184
              ],
              [
                13.761221645452004,
                50.51184541177828
              ],
              [
                13.760760506612685,
                50.51141657700178
              ],
              [
                13.757084561598527,
                50.512525075356535
              ],
              [
                13.758033157991228,
                50.513623214290654
              ],
              [
                13.7571961424538,
                50.514029349503026
              ],
              [
                13.755056905115557,
                50.51195569920046
              ],
              [
                13.752317804346553,
                50.51080595737024
              ],
              [
                13.75135510802246,
                50.50809671979945
              ],
              [
                13.754349010284917,
                50.50556270162532
              ],
              [
                13.75279617621326,
                50.50477516191153
              ],
              [
                13.76517702346939,
                50.50157120485905
              ],
              [
                13.767244651029735,
                50.49788771058697
              ],
              [
                13.77666658032825,
                50.49533209379068
              ],
              [
                13.783213094110247,
                50.494561958303095
              ],
              [
                13.782111399140856,
                50.49132257414378
              ],
              [
                13.78000269414553,
                50.491477720332455
              ],
              [
                13.779275405015056,
                50.490868184282654
              ],
              [
                13.782079333715089,
                50.49045702658364
              ],
              [
                13.781762032350088,
                50.489041122059206
              ],
              [
                13.77988365545151,
                50.48735580135095
              ],
              [
                13.778945347091,
                50.487847618091365
              ],
              [
                13.77830413292667,
                50.48726918572062
              ],
              [
                13.776405039824775,
                50.48772304868624
              ],
              [
                13.776244025853645,
                50.4867942883216
              ],
              [
                13.775391679957862,
                50.48696972578003
              ],
              [
                13.77488315071298,
                50.48601567626544
              ],
              [
                13.772767135216156,
                50.486406962333426
              ],
              [
                13.77399190151589,
                50.48510473605351
              ],
              [
                13.776412563090876,
                50.484227695102966
              ],
              [
                13.776393123431658,
                50.48340565578638
              ],
              [
                13.772297940388551,
                50.48355024281045
              ],
              [
                13.770037299166285,
                50.48147161577731
              ],
              [
                13.77091012324326,
                50.480752588588004
              ],
              [
                13.77270654816032,
                50.48069985619724
              ],
              [
                13.7729554386922,
                50.48166664637204
              ],
              [
                13.774072330955722,
                50.48149041986191
              ],
              [
                13.775128147915831,
                50.4804818908486
              ],
              [
                13.775676352876921,
                50.47802263656849
              ],
              [
                13.77755209967535,
                50.47823312171885
              ],
              [
                13.777346192467782,
                50.47727726849802
              ],
              [
                13.778970308442043,
                50.47553411392835
              ],
              [
                13.778652635063924,
                50.47443725393962
              ],
              [
                13.781188097804913,
                50.473136207447666
              ],
              [
                13.780743021036868,
                50.47068432256432
              ],
              [
                13.782127845520188,
                50.46999761623633
              ],
              [
                13.784894961466586,
                50.470119792512335
              ],
              [
                13.785092590100403,
                50.46937309363241
              ],
              [
                13.782771853753777,
                50.46894841571217
              ],
              [
                13.783388808386135,
                50.46803697941573
              ],
              [
                13.780934959226045,
                50.46804478259499
              ],
              [
                13.778557792353643,
                50.46531208089481
              ],
              [
                13.778005696896319,
                50.465616410823266
              ],
              [
                13.776416565291255,
                50.464555106273686
              ],
              [
                13.775027508001925,
                50.465308309886204
              ],
              [
                13.77250608747471,
                50.4642343171491
              ],
              [
                13.773564825857894,
                50.46241050555537
              ],
              [
                13.772635507348681,
                50.462400866445705
              ],
              [
                13.772461310968751,
                50.461331097553185
              ],
              [
                13.77325032832242,
                50.45779199626583
              ],
              [
                13.772709469193845,
                50.45688548551505
              ],
              [
                13.771976015724645,
                50.45691222542637
              ],
              [
                13.770976460756781,
                50.45451814964177
              ],
              [
                13.773756282207897,
                50.45390668149675
              ],
              [
                13.771784609047966,
                50.45082182787604
              ],
              [
                13.772475875297326,
                50.45039043915048
              ],
              [
                13.77013240548477,
                50.44892096816399
              ],
              [
                13.773356605445983,
                50.447694695877985
              ],
              [
                13.775324483366287,
                50.449092458530174
              ],
              [
                13.77836050997706,
                50.44793151672174
              ],
              [
                13.77964896952883,
                50.44663318998201
              ],
              [
                13.781241061879891,
                50.446358545723655
              ],
              [
                13.782608353776778,
                50.4443169433376
              ],
              [
                13.784652953038202,
                50.44464670837167
              ],
              [
                13.78475209911247,
                50.443472936922795
              ],
              [
                13.7938577542147,
                50.44121656056276
              ],
              [
                13.794492264768483,
                50.433469539643525
              ],
              [
                13.790848397337918,
                50.428882973390074
              ],
              [
                13.783459805316745,
                50.426656455666134
              ],
              [
                13.7719881675142,
                50.42627400310537
              ],
              [
                13.769861403462722,
                50.42716520331186
              ],
              [
                13.76544418342736,
                50.427640516608975
              ],
              [
                13.763408478655753,
                50.42647573363682
              ],
              [
                13.760312339282422,
                50.426311079495356
              ],
              [
                13.760154333774873,
                50.42349619310962
              ],
              [
                13.754607655925527,
                50.42192231418092
              ],
              [
                13.742687686273584,
                50.420153939282535
              ],
              [
                13.730570106430292,
                50.418621415720985
              ],
              [
                13.716334127059897,
                50.41786458035049
              ],
              [
                13.711265732991604,
                50.415542077747816
              ],
              [
                13.703171522365945,
                50.414387570377045
              ],
              [
                13.700915251203336,
                50.41550694597493
              ],
              [
                13.699949538557528,
                50.42117149461315
              ],
              [
                13.671262079225645,
                50.42504349453814
              ],
              [
                13.671330598127867,
                50.42675758080146
              ],
              [
                13.66427550337006,
                50.42667571063701
              ],
              [
                13.664298831077533,
                50.42766665322298
              ],
              [
                13.661479948930449,
                50.427668335249734
              ],
              [
                13.661282390366678,
                50.428745921506575
              ],
              [
                13.654838308460636,
                50.42802180032453
              ],
              [
                13.64156634996204,
                50.42887002960145
              ],
              [
                13.637182843471232,
                50.43032279357834
              ],
              [
                13.632081822546443,
                50.43113680359024
              ],
              [
                13.631151179647631,
                50.42267043788123
              ],
              [
                13.629312705693428,
                50.4224985818603
              ],
              [
                13.626806915545906,
                50.420763962417574
              ],
              [
                13.625262648628242,
                50.4184253436447
              ],
              [
                13.610177538548541,
                50.4204848376829
              ],
              [
                13.607395464900172,
                50.411024887269846
              ],
              [
                13.601255329210993,
                50.411639659675224
              ],
              [
                13.591617993265151,
                50.41258108374277
              ],
              [
                13.594550111351825,
                50.417787042870394
              ],
              [
                13.578233613616451,
                50.420488656491024
              ],
              [
                13.579580339631105,
                50.42256122749505
              ],
              [
                13.574511140442674,
                50.42333204425973
              ],
              [
                13.574167711489498,
                50.42255183147728
              ],
              [
                13.567853341688888,
                50.42367947661844
              ],
              [
                13.568515758109163,
                50.42591993936109
              ],
              [
                13.560182116138135,
                50.42878711645242
              ],
              [
                13.559748668997958,
                50.430428302924845
              ],
              [
                13.562285595872815,
                50.43516687740134
              ],
              [
                13.56472595251807,
                50.436588447151
              ],
              [
                13.56540563614939,
                50.43788999220013
              ],
              [
                13.567694919022815,
                50.437801181392445
              ],
              [
                13.56624949310206,
                50.444583437063045
              ],
              [
                13.57018092187237,
                50.44621331612855
              ],
              [
                13.566411118495417,
                50.44552705036948
              ],
              [
                13.56365861402094,
                50.445815688994614
              ],
              [
                13.564320620629847,
                50.45076092867777
              ],
              [
                13.557661334752765,
                50.45289963946883
              ],
              [
                13.549644401596645,
                50.454208927109995
              ],
              [
                13.551460736511347,
                50.458103123973096
              ],
              [
                13.549960046593865,
                50.458405066399536
              ],
              [
                13.551446175532883,
                50.46102160313055
              ],
              [
                13.544739859765395,
                50.46235739476229
              ],
              [
                13.546333912704158,
                50.46658661975042
              ],
              [
                13.548589829971332,
                50.4659317038747
              ],
              [
                13.550965269666706,
                50.469970758463795
              ],
              [
                13.553360486746005,
                50.47234933121319
              ],
              [
                13.554545130548524,
                50.471958984778595
              ],
              [
                13.556307085872442,
                50.47452460458658
              ],
              [
                13.55760785032625,
                50.474384918704054
              ],
              [
                13.559177748020414,
                50.48119197162309
              ],
              [
                13.561318171436609,
                50.481644130018374
              ],
              [
                13.555408620763588,
                50.48705210615299
              ],
              [
                13.553189537237246,
                50.48782765299358
              ],
              [
                13.54082019587614,
                50.48897997922397
              ],
              [
                13.53373191239102,
                50.48895009802307
              ],
              [
                13.52929831178163,
                50.49721889004639
              ],
              [
                13.52684359673592,
                50.499135230637144
              ],
              [
                13.52537134862189,
                50.4994394394773
              ],
              [
                13.52552414109894,
                50.49992358688263
              ],
              [
                13.52297238268434,
                50.49959968281652
              ],
              [
                13.522466653184685,
                50.50069215991734
              ],
              [
                13.524705969342648,
                50.50157384403659
              ],
              [
                13.524256316077762,
                50.502351322236784
              ],
              [
                13.525917448643462,
                50.50189880573561
              ],
              [
                13.525618739785397,
                50.50324061951271
              ],
              [
                13.528349057352054,
                50.50330705210435
              ],
              [
                13.527828521914634,
                50.504634672410454
              ],
              [
                13.522049712593544,
                50.50547095877388
              ],
              [
                13.52114819984079,
                50.50543650690824
              ],
              [
                13.52111710064428,
                50.504861076004275
              ],
              [
                13.519681850098461,
                50.50605595982609
              ],
              [
                13.521168948917715,
                50.50689349842492
              ],
              [
                13.520292233235722,
                50.507803146824614
              ],
              [
                13.520783116537096,
                50.508040621141795
              ],
              [
                13.521918612173875,
                50.50721688816883
              ],
              [
                13.521648650015798,
                50.508626815865185
              ],
              [
                13.520108952238422,
                50.51009818638053
              ],
              [
                13.522583668101468,
                50.511489192226556
              ],
              [
                13.521378601002999,
                50.51195228854749
              ],
              [
                13.521310246315739,
                50.51309939554355
              ],
              [
                13.523978728434873,
                50.513505419468636
              ],
              [
                13.52358685714062,
                50.51454060771343
              ],
              [
                13.5205477091776,
                50.51384251294721
              ],
              [
                13.516608899081476,
                50.511488012736166
              ],
              [
                13.513917704250959,
                50.511861554639616
              ],
              [
                13.512878746103345,
                50.51097997697558
              ],
              [
                13.511531739897954,
                50.51167868058138
              ],
              [
                13.51335308347126,
                50.51267865648203
              ],
              [
                13.50667800928961,
                50.51573491675542
              ],
              [
                13.511273297586023,
                50.517989831539346
              ],
              [
                13.511071263081881,
                50.51896407333821
              ],
              [
                13.507407032130264,
                50.517486100210895
              ],
              [
                13.507012542418606,
                50.51804491360453
              ],
              [
                13.511219416864774,
                50.51986508355254
              ],
              [
                13.50943785735466,
                50.52078395462627
              ],
              [
                13.508725342415115,
                50.52032877614841
              ],
              [
                13.507415354093906,
                50.52277741941849
              ],
              [
                13.509283939221435,
                50.523156563716434
              ],
              [
                13.506395745711133,
                50.52971516272529
              ],
              [
                13.507297897213698,
                50.53160179710671
              ],
              [
                13.506231858537484,
                50.53331822620139
              ],
              [
                13.49283723173127,
                50.543577310698915
              ],
              [
                13.493855616500714,
                50.546480069698895
              ],
              [
                13.496488673734051,
                50.54845387496163
              ],
              [
                13.498670200810608,
                50.54707088815607
              ],
              [
                13.50203524876755,
                50.548598125820824
              ],
              [
                13.503054754561582,
                50.54747426099917
              ],
              [
                13.501525512984744,
                50.54581962194862
              ],
              [
                13.503219229200715,
                50.544769090289826
              ],
              [
                13.507451613722354,
                50.54369635813264
              ],
              [
                13.5082976796995,
                50.54252160720712
              ],
              [
                13.513779358979647,
                50.54562910077375
              ],
              [
                13.516418086003204,
                50.54524354779261
              ],
              [
                13.533845657913547,
                50.538072783264994
              ],
              [
                13.534580993866562,
                50.53846075514402
              ],
              [
                13.538043316049597,
                50.53694330022219
              ],
              [
                13.539731964597149,
                50.537263080762834
              ],
              [
                13.545214261274642,
                50.54046865398177
              ],
              [
                13.544286675463708,
                50.541480272577196
              ],
              [
                13.551615769780215,
                50.5434955654243
              ],
              [
                13.556080942319648,
                50.5426173500683
              ],
              [
                13.558711954737651,
                50.54122587357131
              ],
              [
                13.567912822366077,
                50.54307982721876
              ],
              [
                13.573447088426683,
                50.5428400557718
              ],
              [
                13.583667366596877,
                50.54391278755057
              ],
              [
                13.588579803726335,
                50.54279999147754
              ],
              [
                13.591963595349842,
                50.54073751934245
              ],
              [
                13.599279423769687,
                50.54142532376
              ],
              [
                13.601479547287674,
                50.54460492126573
              ],
              [
                13.604362522821855,
                50.54317452770247
              ],
              [
                13.608122417677972,
                50.54668930254953
              ],
              [
                13.609722443860797,
                50.54723546089227
              ],
              [
                13.61072100662472,
                50.54687468809271
              ],
              [
                13.612065117732296,
                50.54759462164691
              ],
              [
                13.618407071029983,
                50.543002902911766
              ],
              [
                13.621820261523734,
                50.54479067235468
              ],
              [
                13.623913126765375,
                50.544028918603516
              ],
              [
                13.627235169639587,
                50.547578034253675
              ],
              [
                13.62586664019348,
                50.54971945445222
              ],
              [
                13.629087051513222,
                50.54831141483348
              ],
              [
                13.632694706996054,
                50.54936271652136
              ],
              [
                13.63457146261963,
                50.551897739733995
              ],
              [
                13.64997396990231,
                50.55668284889965
              ],
              [
                13.652210227544943,
                50.55832946077315
              ],
              [
                13.65324455209476,
                50.55835233082264
              ],
              [
                13.653214269197814,
                50.56111852757176
              ]
            ]
          ]
        ]
      }
    },
    {
      "type": "Feature",
      "properties": {
        "name": "Kadaň"
      },
      "geometry": {
        "type": "MultiPolygon",
        "coordinates": [
          [
            [
              [
                12.993777532233947,
                50.43093462544173
              ],
              [
                12.995884373915981,
                50.43413605757557
              ],
              [
                13.002915429793843,
                50.43791410574952
              ],
              [
                13.008730428220755,
                50.4397237373689
              ],
              [
                13.011694183768496,
                50.44247768405804
              ],
              [
                13.013476664486285,
                50.44290773018161
              ],
              [
                13.013904795778299,
                50.44357938621588
              ],
              [
                13.014417829488602,
                50.44314262265588
              ],
              [
                13.018054592451632,
                50.445221886382996
              ],
              [
                13.020184116600072,
                50.447148747361815
              ],
              [
                13.019607750048307,
                50.44727296099038
              ],
              [
                13.020389965337168,
                50.44782359279282
              ],
              [
                13.020109931012788,
                50.44875793746725
              ],
              [
                13.021619997309468,
                50.4497430769932
              ],
              [
                13.024155092389721,
                50.45427856800208
              ],
              [
                13.022237775957526,
                50.45578775037925
              ],
              [
                13.02256928035084,
                50.457001894614336
              ],
              [
                13.020184291096625,
                50.4593790389548
              ],
              [
                13.019561562747072,
                50.46134721430617
              ],
              [
                13.020029327455463,
                50.465299149718604
              ],
              [
                13.018638509266456,
                50.4673940346886
              ],
              [
                13.021139980832212,
                50.47324571302551
              ],
              [
                13.020401106363659,
                50.47562973089717
              ],
              [
                13.021526741094974,
                50.47785574843942
              ],
              [
                13.021229620272624,
                50.47929028677377
              ],
              [
                13.02355786350883,
                50.483335794132586
              ],
              [
                13.02276147228218,
                50.48481650033816
              ],
              [
                13.023956760252862,
                50.485245544750775
              ],
              [
                13.02294875055893,
                50.4854818148227
              ],
              [
                13.02358081801562,
                50.48658938855246
              ],
              [
                13.022624660945977,
                50.48660579106171
              ],
              [
                13.02282072408785,
                50.48747919986037
              ],
              [
                13.028041208724217,
                50.494049594552465
              ],
              [
                13.029247096076595,
                50.497347837798095
              ],
              [
                13.032524336763066,
                50.501027073183145
              ],
              [
                13.030942857228444,
                50.508403881348876
              ],
              [
                13.031647143660617,
                50.50997467286824
              ],
              [
                13.032556079798999,
                50.51037895764724
              ],
              [
                13.036886627240644,
                50.50965976606524
              ],
              [
                13.039590066166072,
                50.51006604788155
              ],
              [
                13.042705130032205,
                50.51199117404934
              ],
              [
                13.050036154447506,
                50.50830018273334
              ],
              [
                13.051848673626326,
                50.50644665819802
              ],
              [
                13.052480093822581,
                50.50493453212825
              ],
              [
                13.056324076537923,
                50.50166129658318
              ],
              [
                13.064881332496734,
                50.50106679137652
              ],
              [
                13.073096500541324,
                50.50129743266744
              ],
              [
                13.07741293922383,
                50.50044535403958
              ],
              [
                13.085856353807326,
                50.500686072885145
              ],
              [
                13.089479954383588,
                50.50218395599374
              ],
              [
                13.09992136909197,
                50.503010430493774
              ],
              [
                13.103645569522994,
                50.504005262603016
              ],
              [
                13.115480230682282,
                50.510246928831776
              ],
              [
                13.12013848696169,
                50.514434784084465
              ],
              [
                13.122890424473422,
                50.515088589540774
              ],
              [
                13.127941328874053,
                50.51809600781928
              ],
              [
                13.132768576691895,
                50.519047095146234
              ],
              [
                13.134697944563843,
                50.51668662835263
              ],
              [
                13.134635500841739,
                50.514723332517605
              ],
              [
                13.138060552545152,
                50.51325208285405
              ],
              [
                13.138888120738118,
                50.51178090850532
              ],
              [
                13.136823669674772,
                50.50683093639369
              ],
              [
                13.142730158708341,
                50.50602576983759
              ],
              [
                13.145604342270804,
                50.5066461145339
              ],
              [
                13.147406658669725,
                50.508013799189676
              ],
              [
                13.15148973866486,
                50.5078555323079
              ],
              [
                13.153535987667025,
                50.50892177780631
              ],
              [
                13.165726520856996,
                50.50639122265353
              ],
              [
                13.171285765728614,
                50.50635569929733
              ],
              [
                13.17809724973927,
                50.503313160183986
              ],
              [
                13.186372824504996,
                50.504191136517484
              ],
              [
                13.179694290900578,
                50.47324341877794
              ],
              [
                13.187708130189696,
                50.4683853631453
              ],
              [
                13.190568913168313,
                50.46815531575052
              ],
              [
                13.191726755561728,
                50.46861113552884
              ],
              [
                13.197760388173316,
                50.46572266467693
              ],
              [
                13.193975004408214,
                50.464948580661705
              ],
              [
                13.18909462092516,
                50.46524613717552
              ],
              [
                13.187465424825481,
                50.464743710316235
              ],
              [
                13.18374037219458,
                50.45961220827014
              ],
              [
                13.18474223492278,
                50.455130244636806
              ],
              [
                13.183293139183332,
                50.45237786942718
              ],
              [
                13.189922531565507,
                50.45180440501693
              ],
              [
                13.196329303849916,
                50.452022196561664
              ],
              [
                13.199083364278444,
                50.445352596000305
              ],
              [
                13.204764463238583,
                50.44079524544639
              ],
              [
                13.20503975747825,
                50.438920633549635
              ],
              [
                13.204635978100661,
                50.43652254446646
              ],
              [
                13.206891844716724,
                50.434800285037376
              ],
              [
                13.217142859441731,
                50.439524593428146
              ],
              [
                13.2175601294408,
                50.43778677813667
              ],
              [
                13.219735806491425,
                50.43768591851642
              ],
              [
                13.218535815849688,
                50.43976362888931
              ],
              [
                13.219094614215505,
                50.440676521180464
              ],
              [
                13.220811003581705,
                50.43985528416285
              ],
              [
                13.22557173175361,
                50.43978169530759
              ],
              [
                13.237319938857583,
                50.44230679827815
              ],
              [
                13.240486721010948,
                50.443469935320145
              ],
              [
                13.24186893038795,
                50.44198404467326
              ],
              [
                13.243588870728344,
                50.44166287767368
              ],
              [
                13.246194119610035,
                50.44456713999415
              ],
              [
                13.255437657251186,
                50.44426901757762
              ],
              [
                13.256483472168398,
                50.442729362849605
              ],
              [
                13.259912209251466,
                50.44144304784656
              ],
              [
                13.260227336728276,
                50.44000985000151
              ],
              [
                13.261914920469613,
                50.43921472712722
              ],
              [
                13.261704190778286,
                50.437723259439586
              ],
              [
                13.259000756726746,
                50.43506964265162
              ],
              [
                13.26187966445325,
                50.43110514644996
              ],
              [
                13.266013496105895,
                50.431049861231045
              ],
              [
                13.267140697168387,
                50.43250758797551
              ],
              [
                13.268773411805629,
                50.4325602142593
              ],
              [
                13.26787685256555,
                50.42975872810721
              ],
              [
                13.272612579912858,
                50.42964758406919
              ],
              [
                13.28040781408545,
                50.42784996117081
              ],
              [
                13.285940865847058,
                50.42847047682716
              ],
              [
                13.286195879327455,
                50.430148438086164
              ],
              [
                13.28867906513283,
                50.42928402250399
              ],
              [
                13.292953166938611,
                50.42957459019778
              ],
              [
                13.288438429273901,
                50.427788116515856
              ],
              [
                13.289120580464319,
                50.427087718810874
              ],
              [
                13.287904324376507,
                50.426675529768026
              ],
              [
                13.287584643046383,
                50.42570560882015
              ],
              [
                13.28878700077172,
                50.4254615718395
              ],
              [
                13.28969185737908,
                50.42300934389547
              ],
              [
                13.292423713844515,
                50.42102773773893
              ],
              [
                13.299308585706834,
                50.424217744985825
              ],
              [
                13.296162251675621,
                50.42017372446056
              ],
              [
                13.300808007734398,
                50.41981808283313
              ],
              [
                13.301617109315993,
                50.41776994357376
              ],
              [
                13.306261473420218,
                50.41647863069435
              ],
              [
                13.303820191800995,
                50.41497612120167
              ],
              [
                13.306427269828283,
                50.41238563639594
              ],
              [
                13.316482533034774,
                50.40915098697676
              ],
              [
                13.316510206293959,
                50.40814305488075
              ],
              [
                13.319737931053085,
                50.40728240795994
              ],
              [
                13.318613495613382,
                50.40638179833311
              ],
              [
                13.319863959856775,
                50.4059607540306
              ],
              [
                13.33579580960707,
                50.402577610178724
              ],
              [
                13.33637456581808,
                50.40339358213851
              ],
              [
                13.346649388439907,
                50.39956113574101
              ],
              [
                13.350043287548681,
                50.40357677583143
              ],
              [
                13.350943113020064,
                50.402601478844545
              ],
              [
                13.356331836378205,
                50.40119389225689
              ],
              [
                13.357677062351359,
                50.402194216858376
              ],
              [
                13.362215657855565,
                50.40122234443266
              ],
              [
                13.365936907220759,
                50.4001165066056
              ],
              [
                13.36539535686497,
                50.39903943215263
              ],
              [
                13.36726551865959,
                50.39863469156687
              ],
              [
                13.366908327941177,
                50.39786454804898
              ],
              [
                13.371236656398759,
                50.398771223763475
              ],
              [
                13.369779566610186,
                50.3945297465345
              ],
              [
                13.370742077939479,
                50.39272688701291
              ],
              [
                13.373276013367272,
                50.390808854775415
              ],
              [
                13.372231933239053,
                50.38535054655609
              ],
              [
                13.376997471256898,
                50.38321057609723
              ],
              [
                13.375388277533656,
                50.381993119218244
              ],
              [
                13.371659576643129,
                50.38335473862228
              ],
              [
                13.371258863359621,
                50.38181820557546
              ],
              [
                13.368470567364284,
                50.38211015889352
              ],
              [
                13.365901966708389,
                50.377536148325454
              ],
              [
                13.364599766235626,
                50.377930719942974
              ],
              [
                13.363266287088623,
                50.374106188604664
              ],
              [
                13.359053216213598,
                50.37454740854089
              ],
              [
                13.358680074416315,
                50.37259985894151
              ],
              [
                13.365912727880758,
                50.37123543402565
              ],
              [
                13.364593504971587,
                50.36860726143667
              ],
              [
                13.362912333437468,
                50.3695232263956
              ],
              [
                13.360557518495165,
                50.36921658259681
              ],
              [
                13.357004792601026,
                50.36763743039315
              ],
              [
                13.354728915412602,
                50.365230091025815
              ],
              [
                13.355456194108259,
                50.36477278046229
              ],
              [
                13.354609186075953,
                50.363429125352894
              ],
              [
                13.355486857124275,
                50.359620467223294
              ],
              [
                13.359428800431699,
                50.35661427195903
              ],
              [
                13.358540155310694,
                50.35594620296018
              ],
              [
                13.356390401368,
                50.35541854759638
              ],
              [
                13.353780581396645,
                50.356409642879285
              ],
              [
                13.35175617138434,
                50.35897792411934
              ],
              [
                13.348983948725472,
                50.360864387406565
              ],
              [
                13.345858190235312,
                50.36168622661188
              ],
              [
                13.344762585824544,
                50.36082962988578
              ],
              [
                13.343405062205527,
                50.35849172808831
              ],
              [
                13.346380650786454,
                50.35191679747905
              ],
              [
                13.360216431929919,
                50.35037642424621
              ],
              [
                13.374593741323098,
                50.354178469403465
              ],
              [
                13.388191890709257,
                50.36276947610139
              ],
              [
                13.408278645935418,
                50.36200271182293
              ],
              [
                13.41701565708407,
                50.362941047275136
              ],
              [
                13.41436556769798,
                50.347115847925465
              ],
              [
                13.41504401648286,
                50.346988966133786
              ],
              [
                13.41576039653487,
                50.349056221503254
              ],
              [
                13.421424716677988,
                50.35192456267193
              ],
              [
                13.421086103012833,
                50.35262878543949
              ],
              [
                13.426639671419696,
                50.35335986036817
              ],
              [
                13.430191545599177,
                50.3547791081184
              ],
              [
                13.430947009346685,
                50.35664801720118
              ],
              [
                13.430477351840265,
                50.35871589162211
              ],
              [
                13.42478813590826,
                50.36187258358272
              ],
              [
                13.42416411077864,
                50.36354762173177
              ],
              [
                13.428437521762515,
                50.3681602634413
              ],
              [
                13.430222827805979,
                50.3688996390485
              ],
              [
                13.433662255534125,
                50.369201819175466
              ],
              [
                13.433620954950868,
                50.368531775847906
              ],
              [
                13.43135653697871,
                50.368180418714395
              ],
              [
                13.432111965247861,
                50.36701153548417
              ],
              [
                13.430578356244308,
                50.366441096012885
              ],
              [
                13.433124803760201,
                50.364222812661495
              ],
              [
                13.430164095305633,
                50.36242207010928
              ],
              [
                13.433932966727895,
                50.35779043564972
              ],
              [
                13.43511656608011,
                50.355119885629136
              ],
              [
                13.437633839570255,
                50.352410019141296
              ],
              [
                13.440952540419698,
                50.35058127138811
              ],
              [
                13.445287486742266,
                50.34948055301895
              ],
              [
                13.450680644786802,
                50.34954141413558
              ],
              [
                13.451164928044655,
                50.347498328124686
              ],
              [
                13.449730685234739,
                50.34736595384507
              ],
              [
                13.449021013625671,
                50.341757938649316
              ],
              [
                13.451111173961737,
                50.34147103391531
              ],
              [
                13.451555336756629,
                50.34011002305139
              ],
              [
                13.441751456638356,
                50.3420303520627
              ],
              [
                13.441148499054357,
                50.342743698328164
              ],
              [
                13.439110319470789,
                50.342769949562005
              ],
              [
                13.4394602722906,
                50.340465286989016
              ],
              [
                13.438227906679517,
                50.34030197599916
              ],
              [
                13.438451082543043,
                50.33646310045289
              ],
              [
                13.439106617847028,
                50.33644490728361
              ],
              [
                13.439690393116512,
                50.33430506055311
              ],
              [
                13.443584556414356,
                50.33371731752378
              ],
              [
                13.451778502003542,
                50.333723119757494
              ],
              [
                13.452051406072528,
                50.33114153674009
              ],
              [
                13.446381047633814,
                50.32914756506924
              ],
              [
                13.446486264129696,
                50.328454320116364
              ],
              [
                13.444937438825887,
                50.32824647324442
              ],
              [
                13.444375109638774,
                50.32719775231434
              ],
              [
                13.439798172369759,
                50.326783448826816
              ],
              [
                13.429595567942242,
                50.324603872443895
              ],
              [
                13.429884745721184,
                50.32417920694448
              ],
              [
                13.426212244974083,
                50.32268020751165
              ],
              [
                13.426638082240407,
                50.32064802890179
              ],
              [
                13.424199129975213,
                50.31900100536482
              ],
              [
                13.426716244536067,
                50.317988506470556
              ],
              [
                13.424916610263327,
                50.31599700745526
              ],
              [
                13.429588388694246,
                50.31454229783981
              ],
              [
                13.428875726873102,
                50.31404457730533
              ],
              [
                13.422183642580974,
                50.315632492092504
              ],
              [
                13.424777473744658,
                50.31426457194123
              ],
              [
                13.424020938373395,
                50.312975193395204
              ],
              [
                13.42747893524367,
                50.312510479662556
              ],
              [
                13.427843923664346,
                50.310838865946955
              ],
              [
                13.429417054061155,
                50.31103871700858
              ],
              [
                13.4311804784309,
                50.30955939048854
              ],
              [
                13.431994117954273,
                50.30686859582771
              ],
              [
                13.428690936995368,
                50.30682808446826
              ],
              [
                13.42798636982327,
                50.304316013566144
              ],
              [
                13.43003215849426,
                50.30397586963449
              ],
              [
                13.430330506276986,
                50.3028350250973
              ],
              [
                13.434770239541578,
                50.303032246738034
              ],
              [
                13.434298941012312,
                50.300842153146995
              ],
              [
                13.426887259823596,
                50.30058407332952
              ],
              [
                13.427552611290972,
                50.29978493751428
              ],
              [
                13.423158030414939,
                50.29977037238031
              ],
              [
                13.424821684766547,
                50.29798042068126
              ],
              [
                13.421766514743512,
                50.29817372994
              ],
              [
                13.414708891682123,
                50.29675381581821
              ],
              [
                13.398494425525179,
                50.29651558488497
              ],
              [
                13.402693082714553,
                50.28235895777807
              ],
              [
                13.399931895208853,
                50.2823974588753
              ],
              [
                13.39371232335419,
                50.280985074029935
              ],
              [
                13.395122714204108,
                50.27402538087459
              ],
              [
                13.397284800588396,
                50.274089427298655
              ],
              [
                13.397910433079284,
                50.27222080632799
              ],
              [
                13.39623508289268,
                50.27068986816471
              ],
              [
                13.395800342885556,
                50.26984964607679
              ],
              [
                13.39237849227107,
                50.26909382311799
              ],
              [
                13.389332910729692,
                50.26924703351138
              ],
              [
                13.38904188128887,
                50.26975063248688
              ],
              [
                13.387723648630395,
                50.269435920954415
              ],
              [
                13.383615750594812,
                50.266556319850984
              ],
              [
                13.384244473126689,
                50.26363467623214
              ],
              [
                13.382426679949239,
                50.26296872047186
              ],
              [
                13.380165942146002,
                50.26090706289389
              ],
              [
                13.36724970004603,
                50.25970317059298
              ],
              [
                13.365328110584091,
                50.26308712737597
              ],
              [
                13.362533673796952,
                50.26592509124754
              ],
              [
                13.361371672517468,
                50.2687538368223
              ],
              [
                13.358448225246505,
                50.268816385514754
              ],
              [
                13.358302858552687,
                50.27081498734557
              ],
              [
                13.353648701064287,
                50.27042153694479
              ],
              [
                13.353522267689515,
                50.27271238678274
              ],
              [
                13.358234220110603,
                50.27388548161022
              ],
              [
                13.357035616775065,
                50.27614443556256
              ],
              [
                13.3531134971977,
                50.278235894399955
              ],
              [
                13.349351621746253,
                50.27697198523287
              ],
              [
                13.341673313676925,
                50.27624895854667
              ],
              [
                13.340281535722289,
                50.27567240759265
              ],
              [
                13.340157039215937,
                50.27653971138785
              ],
              [
                13.335087850511645,
                50.2761458607527
              ],
              [
                13.337095849326971,
                50.274838661424745
              ],
              [
                13.330478496381211,
                50.27436509570994
              ],
              [
                13.32788034312161,
                50.27219851586893
              ],
              [
                13.32181929206482,
                50.271080392553785
              ],
              [
                13.321857701652943,
                50.27046568364093
              ],
              [
                13.31956612199954,
                50.26940025928567
              ],
              [
                13.315909990141805,
                50.26798874829871
              ],
              [
                13.310320863015702,
                50.26756045433513
              ],
              [
                13.316680821019625,
                50.26610900743891
              ],
              [
                13.31983226948381,
                50.26607810928972
              ],
              [
                13.316218368471317,
                50.259520550615434
              ],
              [
                13.305786343068656,
                50.260151169438785
              ],
              [
                13.304241476904775,
                50.25678125532271
              ],
              [
                13.303254916668218,
                50.25673184868899
              ],
              [
                13.301259818178265,
                50.253927398417694
              ],
              [
                13.299006577088399,
                50.253777667594534
              ],
              [
                13.29883941731443,
                50.252353101067484
              ],
              [
                13.296156632121654,
                50.25223039673444
              ],
              [
                13.295557413940422,
                50.25128342705683
              ],
              [
                13.293706267434978,
                50.251303275694525
              ],
              [
                13.295516883336685,
                50.24618808661329
              ],
              [
                13.294489424611333,
                50.24541101195141
              ],
              [
                13.29545652624172,
                50.24215080059813
              ],
              [
                13.298292821711632,
                50.24271985739765
              ],
              [
                13.29797806574911,
                50.24051286166015
              ],
              [
                13.291048360616198,
                50.24040529263215
              ],
              [
                13.284550301642026,
                50.24156691573188
              ],
              [
                13.281092727287167,
                50.24089188994835
              ],
              [
                13.275080736936223,
                50.24102270995081
              ],
              [
                13.274041874466226,
                50.23897066261115
              ],
              [
                13.27459231008843,
                50.23803131164151
              ],
              [
                13.273135348022535,
                50.23672667530182
              ],
              [
                13.26814023897485,
                50.235956498252705
              ],
              [
                13.268217667946974,
                50.23658811113994
              ],
              [
                13.267065724709939,
                50.236208901571175
              ],
              [
                13.26404165498251,
                50.236715895026464
              ],
              [
                13.263547608051008,
                50.23544110153675
              ],
              [
                13.264503370574358,
                50.23527846705643
              ],
              [
                13.262356075582868,
                50.230658717735224
              ],
              [
                13.271071155210157,
                50.225817206593746
              ],
              [
                13.27764203903089,
                50.224222790270936
              ],
              [
                13.276313741144424,
                50.22015788775692
              ],
              [
                13.272020670992054,
                50.220558830781286
              ],
              [
                13.259565179961816,
                50.219939277689335
              ],
              [
                13.251269935770802,
                50.2224031960016
              ],
              [
                13.250785025206245,
                50.22293794439659
              ],
              [
                13.25240000723957,
                50.2238006207474
              ],
              [
                13.25199150374066,
                50.22451073315265
              ],
              [
                13.247593364158304,
                50.22624558318506
              ],
              [
                13.249301974814367,
                50.22658792742934
              ],
              [
                13.25140600828162,
                50.22597596703072
              ],
              [
                13.254850385143069,
                50.22767161535097
              ],
              [
                13.255686744511227,
                50.229491322955674
              ],
              [
                13.2522550340263,
                50.2306505216155
              ],
              [
                13.24871210924567,
                50.22985356546663
              ],
              [
                13.247132552936673,
                50.23027431982209
              ],
              [
                13.247381604717821,
                50.23132787061683
              ],
              [
                13.246111485420542,
                50.23194012666021
              ],
              [
                13.245752938740281,
                50.23309624964589
              ],
              [
                13.242787122112741,
                50.23358969604317
              ],
              [
                13.239004467061402,
                50.23337747029036
              ],
              [
                13.233840481177289,
                50.23188752522399
              ],
              [
                13.230599851635834,
                50.23292237043015
              ],
              [
                13.230313652594488,
                50.23375759200592
              ],
              [
                13.226517564760655,
                50.23566921757955
              ],
              [
                13.223470599251822,
                50.24004187839956
              ],
              [
                13.225395392945176,
                50.2420791840029
              ],
              [
                13.222548351077192,
                50.24231118818241
              ],
              [
                13.222354789801884,
                50.242749194814614
              ],
              [
                13.223683225089712,
                50.244222559006296
              ],
              [
                13.222922139141488,
                50.245148884489915
              ],
              [
                13.22508374249129,
                50.245677272424025
              ],
              [
                13.224355553716652,
                50.24631420581234
              ],
              [
                13.234233441445227,
                50.245886312413134
              ],
              [
                13.237929695380785,
                50.24803868060474
              ],
              [
                13.237928962551775,
                50.24975997605389
              ],
              [
                13.237591026566331,
                50.25284563509317
              ],
              [
                13.23341446584053,
                50.25719394949571
              ],
              [
                13.234376249914995,
                50.259359689896726
              ],
              [
                13.232775649040818,
                50.263480939882854
              ],
              [
                13.229965176139565,
                50.26328966717494
              ],
              [
                13.230545920658676,
                50.2692819915859
              ],
              [
                13.23336594823799,
                50.27130324102886
              ],
              [
                13.233535298418827,
                50.27309935487619
              ],
              [
                13.23068000860211,
                50.27381350720454
              ],
              [
                13.223680400231574,
                50.27347124444702
              ],
              [
                13.219965515476952,
                50.27466796560376
              ],
              [
                13.215035587926723,
                50.27337716544009
              ],
              [
                13.214440974689664,
                50.275894643042584
              ],
              [
                13.220287625957667,
                50.27829862355279
              ],
              [
                13.221189499792349,
                50.28255805735922
              ],
              [
                13.217343016008627,
                50.28247438217196
              ],
              [
                13.21612220746866,
                50.281883984009696
              ],
              [
                13.211230514659592,
                50.28228256446167
              ],
              [
                13.206943924786346,
                50.28010873365924
              ],
              [
                13.205387713065564,
                50.2805143208792
              ],
              [
                13.20060536297828,
                50.27958312522886
              ],
              [
                13.199355416363318,
                50.28021351163826
              ],
              [
                13.200796590903295,
                50.281671953578375
              ],
              [
                13.203067845762885,
                50.28219343852326
              ],
              [
                13.203002112306836,
                50.28319646819202
              ],
              [
                13.221949324209225,
                50.284649565080585
              ],
              [
                13.218878502074586,
                50.28678766403702
              ],
              [
                13.223905976857413,
                50.28680256503721
              ],
              [
                13.223727004279786,
                50.287953041021055
              ],
              [
                13.224607165854652,
                50.28869039342935
              ],
              [
                13.227175246220963,
                50.289275652153705
              ],
              [
                13.224513523015377,
                50.29023144725256
              ],
              [
                13.223337545466597,
                50.29470254730117
              ],
              [
                13.229531121109801,
                50.297651881632035
              ],
              [
                13.234613332255757,
                50.2968885597105
              ],
              [
                13.234198201258064,
                50.30325262991535
              ],
              [
                13.22852288370097,
                50.30350651142151
              ],
              [
                13.229152895253902,
                50.30420939723649
              ],
              [
                13.228361029565988,
                50.30701192347255
              ],
              [
                13.223665204142268,
                50.30666825965311
              ],
              [
                13.223330746745999,
                50.307888461060536
              ],
              [
                13.224667531565197,
                50.30991607538111
              ],
              [
                13.221733707935158,
                50.31160713919792
              ],
              [
                13.220760682166574,
                50.31331481376395
              ],
              [
                13.223020736093607,
                50.3150031253954
              ],
              [
                13.222312591331383,
                50.31558053641117
              ],
              [
                13.224635607957094,
                50.31740172789316
              ],
              [
                13.226708027926291,
                50.31788275613058
              ],
              [
                13.23171178645115,
                50.32136914631992
              ],
              [
                13.235348620898783,
                50.32125827704707
              ],
              [
                13.236353542677163,
                50.321898858912306
              ],
              [
                13.234984118465109,
                50.322940823831715
              ],
              [
                13.235138144640649,
                50.32473666037656
              ],
              [
                13.237643666818956,
                50.32581071971556
              ],
              [
                13.2354652065978,
                50.33011031787268
              ],
              [
                13.232633583193232,
                50.33219586041586
              ],
              [
                13.237646853420756,
                50.335567661024584
              ],
              [
                13.237716470915343,
                50.33639993684638
              ],
              [
                13.235146187567539,
                50.33813450776336
              ],
              [
                13.229741399504514,
                50.338531746819044
              ],
              [
                13.228022755997845,
                50.33921462636794
              ],
              [
                13.227266471834527,
                50.34051391040596
              ],
              [
                13.228345317111454,
                50.34106593323961
              ],
              [
                13.228170622808756,
                50.341753812469385
              ],
              [
                13.225649781909254,
                50.34347145463016
              ],
              [
                13.226162278070076,
                50.34622114329742
              ],
              [
                13.224233257271573,
                50.34835813747123
              ],
              [
                13.223338461036771,
                50.351103173468275
              ],
              [
                13.221952856586277,
                50.3510451434818
              ],
              [
                13.22128684406172,
                50.35243982739259
              ],
              [
                13.222338436794287,
                50.35289095355458
              ],
              [
                13.212377373275507,
                50.35484521252462
              ],
              [
                13.211111186880059,
                50.354371915836744
              ],
              [
                13.2078845106344,
                50.35486207070444
              ],
              [
                13.211030408455203,
                50.35778971186431
              ],
              [
                13.211092513140137,
                50.36032071896232
              ],
              [
                13.20924320718852,
                50.36191980157611
              ],
              [
                13.202254042852033,
                50.3593088841371
              ],
              [
                13.202033337327848,
                50.35833425874051
              ],
              [
                13.197683219021634,
                50.356457507509624
              ],
              [
                13.19710119727105,
                50.35486977550473
              ],
              [
                13.19415433457665,
                50.35364196190522
              ],
              [
                13.192038101867693,
                50.353604832542715
              ],
              [
                13.190966647972717,
                50.35477660671231
              ],
              [
                13.18686678261866,
                50.35337897797184
              ],
              [
                13.184359886199996,
                50.34976032131234
              ],
              [
                13.184015094780003,
                50.35472770101779
              ],
              [
                13.171305404591246,
                50.353548320758335
              ],
              [
                13.169796172833246,
                50.352548544920374
              ],
              [
                13.163718729585971,
                50.353656209497046
              ],
              [
                13.163335850141605,
                50.35314528166206
              ],
              [
                13.160950739705822,
                50.3537868606251
              ],
              [
                13.158836448468751,
                50.35273261255409
              ],
              [
                13.156158500312511,
                50.35482115037013
              ],
              [
                13.152599709267662,
                50.35467761711337
              ],
              [
                13.15171059186803,
                50.35688565373768
              ],
              [
                13.149339963828428,
                50.357888389140726
              ],
              [
                13.142891268285982,
                50.3586566523221
              ],
              [
                13.140374087303064,
                50.357676075393876
              ],
              [
                13.139844681650361,
                50.3584351978885
              ],
              [
                13.137412058183578,
                50.358400262372015
              ],
              [
                13.136535934015823,
                50.360007959136716
              ],
              [
                13.13373785409255,
                50.3604031518019
              ],
              [
                13.13174806011857,
                50.35962432941725
              ],
              [
                13.129534997988193,
                50.35760407712657
              ],
              [
                13.128720867900185,
                50.35794818999111
              ],
              [
                13.124531267474374,
                50.355381669917946
              ],
              [
                13.120089701230887,
                50.35416908908261
              ],
              [
                13.120378930733734,
                50.35338824065496
              ],
              [
                13.121905047031126,
                50.353176120088634
              ],
              [
                13.122431508950962,
                50.351620898013074
              ],
              [
                13.117729701828544,
                50.35070259004524
              ],
              [
                13.116509133117159,
                50.34585733610168
              ],
              [
                13.1152635469324,
                50.34565306999858
              ],
              [
                13.113701241309249,
                50.34743613662251
              ],
              [
                13.114495142883067,
                50.349693585062504
              ],
              [
                13.112298920052512,
                50.35116335698501
              ],
              [
                13.110807753089482,
                50.35089649253817
              ],
              [
                13.11054266665001,
                50.35150430665742
              ],
              [
                13.11221028042221,
                50.35252901891866
              ],
              [
                13.112405204089107,
                50.35346822424541
              ],
              [
                13.110260633132878,
                50.353996283088684
              ],
              [
                13.110009874030577,
                50.35471352855709
              ],
              [
                13.107240432209263,
                50.353828146874
              ],
              [
                13.105818047191546,
                50.354637662898895
              ],
              [
                13.105283403918085,
                50.35389818257385
              ],
              [
                13.103530043141046,
                50.35436389558956
              ],
              [
                13.103068114061163,
                50.35521970597557
              ],
              [
                13.101709424806687,
                50.35533498504758
              ],
              [
                13.099594163516688,
                50.35714940337063
              ],
              [
                13.098069927769346,
                50.357423861210314
              ],
              [
                13.093324103564065,
                50.35515577493261
              ],
              [
                13.093159838986772,
                50.35833079063213
              ],
              [
                13.096063545289681,
                50.358935525140964
              ],
              [
                13.097700766177917,
                50.36053558312689
              ],
              [
                13.100616985652435,
                50.36889551752885
              ],
              [
                13.102645191138834,
                50.370055500139685
              ],
              [
                13.10837711602479,
                50.370288242117795
              ],
              [
                13.108924314449823,
                50.37261351434866
              ],
              [
                13.108093385122556,
                50.373867020978025
              ],
              [
                13.104425940056881,
                50.37547927156568
              ],
              [
                13.098826362045703,
                50.382315677292986
              ],
              [
                13.097355499026897,
                50.38288942185511
              ],
              [
                13.095046704626425,
                50.38288998269835
              ],
              [
                13.085266102135346,
                50.38082124986756
              ],
              [
                13.080856663395917,
                50.38084676941665
              ],
              [
                13.079472525441258,
                50.38248576887927
              ],
              [
                13.077663771281681,
                50.38220217273312
              ],
              [
                13.075047091247402,
                50.38657062901305
              ],
              [
                13.074332719816214,
                50.38635212723179
              ],
              [
                13.07260117023799,
                50.388703044504595
              ],
              [
                13.070466544135103,
                50.38919297830761
              ],
              [
                13.069739315564936,
                50.390045927076024
              ],
              [
                13.067209262559524,
                50.38902027968159
              ],
              [
                13.069253575257006,
                50.38729921078217
              ],
              [
                13.067109468025492,
                50.386948047542994
              ],
              [
                13.05939087772798,
                50.38753354781288
              ],
              [
                13.055260638441696,
                50.38876140139595
              ],
              [
                13.052064869041603,
                50.388093825876766
              ],
              [
                13.04992101008569,
                50.388689039712524
              ],
              [
                13.049267683690761,
                50.38947976075317
              ],
              [
                13.047348135379517,
                50.38931075157322
              ],
              [
                13.045296427202482,
                50.387643075286654
              ],
              [
                13.045938596424085,
                50.38668872801099
              ],
              [
                13.04444204596085,
                50.385829858259264
              ],
              [
                13.045960775281433,
                50.38461156678204
              ],
              [
                13.044486214362314,
                50.384554157362146
              ],
              [
                13.040190772989902,
                50.38574821841592
              ],
              [
                13.037539161072234,
                50.387787118180825
              ],
              [
                13.031996519565553,
                50.3883339942923
              ],
              [
                13.027894494459051,
                50.3899391731879
              ],
              [
                13.023519786111109,
                50.392661577387116
              ],
              [
                13.021673752747134,
                50.39614420656392
              ],
              [
                13.01096307507523,
                50.39411238825834
              ],
              [
                12.996244284691887,
                50.3911373588275
              ],
              [
                12.99788975003773,
                50.39339532350471
              ],
              [
                12.994640968426776,
                50.39150871202386
              ],
              [
                12.99188716755055,
                50.391908425425434
              ],
              [
                12.99037715372203,
                50.393448137004604
              ],
              [
                12.988125288236994,
                50.393787818789605
              ],
              [
                12.974488673095596,
                50.38972327033384
              ],
              [
                12.971550489468255,
                50.39317244790829
              ],
              [
                12.969114745812059,
                50.39831146326687
              ],
              [
                12.965847751311914,
                50.40048520088795
              ],
              [
                12.964288862877957,
                50.40136280358836
              ],
              [
                12.958288349722881,
                50.40192191564961
              ],
              [
                12.948387032771977,
                50.40513621728408
              ],
              [
                12.947809338973038,
                50.4075689011395
              ],
              [
                12.944127257859122,
                50.406389914666306
              ],
              [
                12.941183445044528,
                50.40759385744728
              ],
              [
                12.940550190660401,
                50.40876648466359
              ],
              [
                12.94244954008588,
                50.41213701663365
              ],
              [
                12.94771887003782,
                50.413927977777064
              ],
              [
                12.963915642965484,
                50.41498664208775
              ],
              [
                12.96929858929736,
                50.41666180248793
              ],
              [
                12.975923896149528,
                50.41764995977394
              ],
              [
                12.9814069332219,
                50.42014975672609
              ],
              [
                12.983597075424006,
                50.419999641522104
              ],
              [
                12.987436931751969,
                50.421957431280035
              ],
              [
                12.991085398748961,
                50.4289831854652
              ],
              [
                12.993777532233947,
                50.43093462544173
              ]
            ]
          ]
        ]
      }
    },
    {
      "type": "Feature",
      "properties": {
        "name": "Louny"
      },
      "geometry": {
        "type": "MultiPolygon",
        "coordinates": [
          [
            [
              [
                13.875218063112879,
                50.49564381632897
              ],
              [
                13.877040068552867,
                50.49564740305939
              ],
              [
                13.873943303339013,
                50.49112848813332
              ],
              [
                13.875612034710244,
                50.491367662657275
              ],
              [
                13.87602673341905,
                50.4901418309033
              ],
              [
                13.878969231494603,
                50.48865238958564
              ],
              [
                13.876000227075194,
                50.48427985638347
              ],
              [
                13.87097952085428,
                50.484755850580626
              ],
              [
                13.86804326144119,
                50.48319267370025
              ],
              [
                13.869806668436379,
                50.48194012541664
              ],
              [
                13.872669969808127,
                50.481132148222834
              ],
              [
                13.872526787455383,
                50.48058780704485
              ],
              [
                13.874767715586245,
                50.480115805503026
              ],
              [
                13.878199923205676,
                50.47457755040785
              ],
              [
                13.876027089568664,
                50.47070066206095
              ],
              [
                13.876305692029266,
                50.468569592503734
              ],
              [
                13.879280220970351,
                50.46772895372436
              ],
              [
                13.87994924712721,
                50.465227398120874
              ],
              [
                13.882188621557757,
                50.46499047143861
              ],
              [
                13.882445791841969,
                50.46407111555312
              ],
              [
                13.883487586409824,
                50.46418585045395
              ],
              [
                13.883028910687441,
                50.465128989074906
              ],
              [
                13.88477110272869,
                50.46565562091089
              ],
              [
                13.886024828525915,
                50.46257750460651
              ],
              [
                13.883255620710088,
                50.463146567779056
              ],
              [
                13.883387826774594,
                50.46277116523785
              ],
              [
                13.884158231226186,
                50.46103972042977
              ],
              [
                13.885251041196307,
                50.461322503133054
              ],
              [
                13.885509483223638,
                50.4605119143944
              ],
              [
                13.88750961923943,
                50.4605234024488
              ],
              [
                13.887008393230815,
                50.45979925841778
              ],
              [
                13.887899294884068,
                50.458202588223585
              ],
              [
                13.886361302066089,
                50.45801500316764
              ],
              [
                13.886775510024975,
                50.45746719064371
              ],
              [
                13.88527364154776,
                50.45702465948218
              ],
              [
                13.88463266984714,
                50.45940816785919
              ],
              [
                13.883773261366859,
                50.459199477588214
              ],
              [
                13.883776139328688,
                50.4566206650938
              ],
              [
                13.882641967686338,
                50.45652807446948
              ],
              [
                13.884278538925011,
                50.454252136185104
              ],
              [
                13.884098688335431,
                50.4532548270865
              ],
              [
                13.88302218852286,
                50.452621500394926
              ],
              [
                13.879436858533978,
                50.45368822308755
              ],
              [
                13.876592469808035,
                50.451619046485376
              ],
              [
                13.878944596934746,
                50.44987237821747
              ],
              [
                13.878109553473069,
                50.449225825772416
              ],
              [
                13.876820248638774,
                50.44981386024716
              ],
              [
                13.877470352925082,
                50.44852018060547
              ],
              [
                13.879890120028904,
                50.44707692862342
              ],
              [
                13.878627776295827,
                50.44665572214935
              ],
              [
                13.880131601239102,
                50.44459730672021
              ],
              [
                13.88418576220706,
                50.444221649441
              ],
              [
                13.8835332108133,
                50.443150423719466
              ],
              [
                13.886756373736414,
                50.44132911278073
              ],
              [
                13.886494073518627,
                50.43778107177093
              ],
              [
                13.888064240957249,
                50.437602593850876
              ],
              [
                13.887773031613712,
                50.43645090450128
              ],
              [
                13.894800040684107,
                50.432861792424156
              ],
              [
                13.893639275012834,
                50.43132810947831
              ],
              [
                13.894860841074367,
                50.43108016487821
              ],
              [
                13.894289736845272,
                50.43021221023516
              ],
              [
                13.896818966781785,
                50.428504514237474
              ],
              [
                13.896011749770615,
                50.42731231756456
              ],
              [
                13.897949341959862,
                50.425713780337425
              ],
              [
                13.90958936129224,
                50.42231508685042
              ],
              [
                13.91130081802158,
                50.4256284120567
              ],
              [
                13.912047968392743,
                50.425520176992954
              ],
              [
                13.913568407287737,
                50.42741940945185
              ],
              [
                13.917195875432673,
                50.42984519063792
              ],
              [
                13.916290757276158,
                50.43075843790705
              ],
              [
                13.917919038193466,
                50.431725803020704
              ],
              [
                13.917562394567113,
                50.43204380434635
              ],
              [
                13.920598082277222,
                50.43329196156321
              ],
              [
                13.919790211358155,
                50.43412236804788
              ],
              [
                13.921399407176507,
                50.43468303879993
              ],
              [
                13.920533027011034,
                50.43570798987879
              ],
              [
                13.923031275234264,
                50.43636462792471
              ],
              [
                13.924673415367153,
                50.43432432330766
              ],
              [
                13.928063600689125,
                50.43487797186306
              ],
              [
                13.92957986145029,
                50.43272319061612
              ],
              [
                13.934568264838928,
                50.432671921935565
              ],
              [
                13.934023669112337,
                50.43226221746835
              ],
              [
                13.934910203155768,
                50.431508475148796
              ],
              [
                13.943337380480132,
                50.43176260798634
              ],
              [
                13.943551593362962,
                50.43353161867972
              ],
              [
                13.958589120259768,
                50.43583356640822
              ],
              [
                13.957665547324435,
                50.4315647701804
              ],
              [
                13.96850864610682,
                50.42973223613281
              ],
              [
                13.9731584261381,
                50.4241508951474
              ],
              [
                13.974923375418157,
                50.41750617627628
              ],
              [
                13.974748466979314,
                50.413698535814646
              ],
              [
                13.971448417065083,
                50.414488266074876
              ],
              [
                13.970587098023511,
                50.412542868521044
              ],
              [
                13.97296059495034,
                50.41189643283491
              ],
              [
                13.972374435560296,
                50.40771637780674
              ],
              [
                13.974938324216096,
                50.40753992587103
              ],
              [
                13.974973748657783,
                50.40696959010037
              ],
              [
                13.970708100512557,
                50.406773636202814
              ],
              [
                13.97087570224693,
                50.40450310602127
              ],
              [
                13.96456417762786,
                50.40340263680902
              ],
              [
                13.9647977290277,
                50.402080617550695
              ],
              [
                13.963800357698469,
                50.402012454255555
              ],
              [
                13.963579928736916,
                50.398732055987125
              ],
              [
                13.966940827872264,
                50.395071692797494
              ],
              [
                13.966372219774149,
                50.39494830334335
              ],
              [
                13.96736370645441,
                50.39283297055279
              ],
              [
                13.963279548018996,
                50.391198814091126
              ],
              [
                13.963387053878149,
                50.389922882466806
              ],
              [
                13.959445661658625,
                50.389329366069944
              ],
              [
                13.956322073995581,
                50.38958423371186
              ],
              [
                13.95458080047628,
                50.388382663474864
              ],
              [
                13.953078536889183,
                50.38956901198199
              ],
              [
                13.951898388463116,
                50.38893771014331
              ],
              [
                13.9532506596328,
                50.38768879046849
              ],
              [
                13.952006001477335,
                50.38705772343089
              ],
              [
                13.953430461538511,
                50.38583371031069
              ],
              [
                13.952190582925244,
                50.38492994244517
              ],
              [
                13.955239483734735,
                50.3834446266294
              ],
              [
                13.95816954249188,
                50.384708639210274
              ],
              [
                13.958656397531115,
                50.38423968631217
              ],
              [
                13.962569381101316,
                50.38509143670807
              ],
              [
                13.974641682320739,
                50.376197415793825
              ],
              [
                13.983719742620186,
                50.37637027957446
              ],
              [
                13.990171275778483,
                50.37544477926989
              ],
              [
                13.993289779472935,
                50.37413913517259
              ],
              [
                13.992485525097784,
                50.37608662507142
              ],
              [
                13.997909242974147,
                50.37670847168686
              ],
              [
                13.9991648599803,
                50.37106821346401
              ],
              [
                14.001906455897434,
                50.36807053216779
              ],
              [
                14.009075875404347,
                50.3688993536461
              ],
              [
                14.01212952848543,
                50.36962117049175
              ],
              [
                14.012084175772754,
                50.370473304590426
              ],
              [
                14.016728931719857,
                50.370446071298645
              ],
              [
                14.016435352870792,
                50.371933128005885
              ],
              [
                14.020153905763024,
                50.372140022383306
              ],
              [
                14.020301293257774,
                50.37094793223088
              ],
              [
                14.022924908666885,
                50.37086391542957
              ],
              [
                14.023223220004578,
                50.36911027787581
              ],
              [
                14.024440048980132,
                50.368535429111255
              ],
              [
                14.025446485136618,
                50.370432743243605
              ],
              [
                14.026449698024365,
                50.37053012173513
              ],
              [
                14.02716185349004,
                50.37005431454721
              ],
              [
                14.026981976857451,
                50.36696892441538
              ],
              [
                14.02830389958664,
                50.36691634033342
              ],
              [
                14.028448594257377,
                50.36565271789763
              ],
              [
                14.029963473253371,
                50.36562030551413
              ],
              [
                14.030071061347215,
                50.364413869885446
              ],
              [
                14.032417649362614,
                50.36452122489919
              ],
              [
                14.033699139395692,
                50.36201719536116
              ],
              [
                14.035959273759383,
                50.36247677878442
              ],
              [
                14.036976006723119,
                50.359543664451046
              ],
              [
                14.035766757461396,
                50.35841570239793
              ],
              [
                14.037289623563128,
                50.358161983283715
              ],
              [
                14.036841424604141,
                50.35629536713535
              ],
              [
                14.03997772123312,
                50.35604728506442
              ],
              [
                14.040476868087463,
                50.356954759589456
              ],
              [
                14.040186296065087,
                50.35555357477242
              ],
              [
                14.041346743481242,
                50.355617354749434
              ],
              [
                14.04036944402905,
                50.35309911544366
              ],
              [
                14.04191238203036,
                50.352810496586585
              ],
              [
                14.039032860116217,
                50.352947115149234
              ],
              [
                14.038920802419506,
                50.35240113157475
              ],
              [
                14.040279316167661,
                50.35196572098153
              ],
              [
                14.038197879621652,
                50.35165646700723
              ],
              [
                14.04183692960485,
                50.35172503736479
              ],
              [
                14.041747256493133,
                50.347083345719106
              ],
              [
                14.04387012471163,
                50.34738798223264
              ],
              [
                14.044047374488855,
                50.34530698552188
              ],
              [
                14.047638673955719,
                50.3449502968351
              ],
              [
                14.048019728406823,
                50.34422857702813
              ],
              [
                14.04855702085944,
                50.34606620687579
              ],
              [
                14.048603064789347,
                50.34413607838246
              ],
              [
                14.049279485415363,
                50.34404172256987
              ],
              [
                14.049137584104825,
                50.346071533734026
              ],
              [
                14.050320861023103,
                50.34606558321249
              ],
              [
                14.050644941198518,
                50.34400073121069
              ],
              [
                14.052157660311122,
                50.34400576933649
              ],
              [
                14.052878040326611,
                50.34166250127394
              ],
              [
                14.036391671948246,
                50.3464061072604
              ],
              [
                14.036029773764552,
                50.34477722399167
              ],
              [
                14.032087527803599,
                50.344568077679966
              ],
              [
                14.03251063911265,
                50.34080173915891
              ],
              [
                14.030323762524123,
                50.34084738946217
              ],
              [
                14.024911586088246,
                50.34358627612252
              ],
              [
                14.019979236872746,
                50.348859627621955
              ],
              [
                14.007836267640927,
                50.34670835146785
              ],
              [
                14.004726302040876,
                50.34398049465387
              ],
              [
                14.002114362006997,
                50.34282953058548
              ],
              [
                13.997441232944695,
                50.342379031554394
              ],
              [
                13.996637332396606,
                50.3384443789823
              ],
              [
                13.989704715503773,
                50.3376180146291
              ],
              [
                13.994318594684087,
                50.33654815612132
              ],
              [
                13.981752841221967,
                50.3342198832769
              ],
              [
                13.983364666454516,
                50.323043168149646
              ],
              [
                13.986999083095958,
                50.32258742161604
              ],
              [
                13.988072399688111,
                50.31966824195865
              ],
              [
                13.991529287010035,
                50.31851549051267
              ],
              [
                13.99147557297651,
                50.31744595372062
              ],
              [
                13.991257360940134,
                50.314890969294666
              ],
              [
                13.990788120535937,
                50.315665229651465
              ],
              [
                13.989779330586916,
                50.31565929029325
              ],
              [
                13.989590214348848,
                50.31426303854184
              ],
              [
                13.989002200203021,
                50.31429747656459
              ],
              [
                13.98846543195436,
                50.309425297399706
              ],
              [
                13.990336389246764,
                50.30934344934741
              ],
              [
                13.990715433837536,
                50.308110577033226
              ],
              [
                13.994416025070695,
                50.30772863895247
              ],
              [
                13.9879233492154,
                50.30805063886047
              ],
              [
                13.987669612334178,
                50.3074025921637
              ],
              [
                13.992506612528736,
                50.30633695031241
              ],
              [
                13.992111453844227,
                50.30509870774714
              ],
              [
                13.991345535009119,
                50.304089343942664
              ],
              [
                13.983396562591253,
                50.303794369000805
              ],
              [
                13.983338824168525,
                50.3031706860836
              ],
              [
                13.98139052642459,
                50.30308478928748
              ],
              [
                13.982054617982188,
                50.30238470690435
              ],
              [
                13.98012566696903,
                50.30238658208593
              ],
              [
                13.979569072049307,
                50.30311561950999
              ],
              [
                13.970380021465317,
                50.30219289818354
              ],
              [
                13.96978920195423,
                50.30419140981898
              ],
              [
                13.97212462936547,
                50.30450215811935
              ],
              [
                13.972003616606711,
                50.30545847401305
              ],
              [
                13.969135967433816,
                50.30517256942066
              ],
              [
                13.966601529198313,
                50.30407670913964
              ],
              [
                13.96003119519389,
                50.30428587858734
              ],
              [
                13.959698342604673,
                50.30625210897836
              ],
              [
                13.955225444212608,
                50.306147094658186
              ],
              [
                13.955018351419605,
                50.30713209467685
              ],
              [
                13.952532444801111,
                50.307463053425074
              ],
              [
                13.951450480659005,
                50.30699138696867
              ],
              [
                13.952107906852698,
                50.30504218509801
              ],
              [
                13.94977366036762,
                50.30425451699474
              ],
              [
                13.954333245058926,
                50.30390703373515
              ],
              [
                13.954384465425415,
                50.30302302199556
              ],
              [
                13.953128876814,
                50.30309063131942
              ],
              [
                13.953055952316793,
                50.30253434948859
              ],
              [
                13.955710081937418,
                50.30219139101613
              ],
              [
                13.955843725536367,
                50.30137402352831
              ],
              [
                13.956717480493289,
                50.301390998353305
              ],
              [
                13.957639060848587,
                50.29605537818828
              ],
              [
                13.956559152788905,
                50.29574970255284
              ],
              [
                13.956370377574912,
                50.294588133735814
              ],
              [
                13.957248542894838,
                50.292540202178664
              ],
              [
                13.956034943836226,
                50.29229349208367
              ],
              [
                13.95562111473865,
                50.291399112379594
              ],
              [
                13.952659416219493,
                50.29120423240143
              ],
              [
                13.952264755382886,
                50.290568668508804
              ],
              [
                13.950538224684687,
                50.29034660498316
              ],
              [
                13.951699511477686,
                50.28852157340101
              ],
              [
                13.950045051885898,
                50.28797232041387
              ],
              [
                13.94874553289671,
                50.29012876396354
              ],
              [
                13.947991713112534,
                50.29008435524268
              ],
              [
                13.948424449549126,
                50.289230549401296
              ],
              [
                13.945146242574971,
                50.28853589485286
              ],
              [
                13.94440815001198,
                50.28838763147175
              ],
              [
                13.942438751831771,
                50.28753067427833
              ],
              [
                13.940761405879373,
                50.28459402127431
              ],
              [
                13.942260818479685,
                50.28480690558468
              ],
              [
                13.942448525908976,
                50.28302401262659
              ],
              [
                13.941007406145518,
                50.28196435558972
              ],
              [
                13.9405391902242,
                50.280518741083306
              ],
              [
                13.935663484657978,
                50.279819508111736
              ],
              [
                13.932897152184093,
                50.28001355124745
              ],
              [
                13.932827231852013,
                50.2793676657426
              ],
              [
                13.928083650600787,
                50.27872763684339
              ],
              [
                13.925601668430948,
                50.275820232803994
              ],
              [
                13.919931888831645,
                50.27338575460443
              ],
              [
                13.911803485382283,
                50.27184092402946
              ],
              [
                13.912295814828305,
                50.27354379591858
              ],
              [
                13.914036057898814,
                50.27389386057314
              ],
              [
                13.913600778030643,
                50.27625262435327
              ],
              [
                13.912247644940273,
                50.276310153558676
              ],
              [
                13.904999233075806,
                50.274620550083036
              ],
              [
                13.893396891285718,
                50.2729694265725
              ],
              [
                13.886347157326435,
                50.270508519007805
              ],
              [
                13.878059539513554,
                50.27060604160973
              ],
              [
                13.876623804490734,
                50.26671412173681
              ],
              [
                13.873772488313804,
                50.26363863842036
              ],
              [
                13.870359029799204,
                50.261593609292916
              ],
              [
                13.86512686459145,
                50.259860242592694
              ],
              [
                13.868717047152822,
                50.25485655145796
              ],
              [
                13.864320625393372,
                50.25392439429895
              ],
              [
                13.863285883427695,
                50.24902403609093
              ],
              [
                13.86406618006919,
                50.244585493286095
              ],
              [
                13.856217766589673,
                50.24278911284086
              ],
              [
                13.843693713055858,
                50.24217122485478
              ],
              [
                13.839703969346939,
                50.24067572299403
              ],
              [
                13.8389087761022,
                50.241723765154305
              ],
              [
                13.836363785787787,
                50.24361387764631
              ],
              [
                13.836428037712738,
                50.247874739223455
              ],
              [
                13.834817626371057,
                50.25102116406625
              ],
              [
                13.83310513542145,
                50.2528423373405
              ],
              [
                13.832312211972711,
                50.25275902801737
              ],
              [
                13.829981323008957,
                50.257930437187106
              ],
              [
                13.826918363044594,
                50.261134145155246
              ],
              [
                13.82275831005153,
                50.26088039347514
              ],
              [
                13.821915366617896,
                50.25797441913171
              ],
              [
                13.821262739446531,
                50.25821798401523
              ],
              [
                13.821800561150406,
                50.25930941643439
              ],
              [
                13.820394005076778,
                50.25931324030346
              ],
              [
                13.820210547772946,
                50.25990921682312
              ],
              [
                13.818857446586877,
                50.25932779060948
              ],
              [
                13.818361752133226,
                50.25962835436818
              ],
              [
                13.820220462551768,
                50.2604812911108
              ],
              [
                13.82072533804906,
                50.26180670240413
              ],
              [
                13.81815776638575,
                50.26145956889587
              ],
              [
                13.81766889671194,
                50.26337908928215
              ],
              [
                13.81390011027622,
                50.263045038897985
              ],
              [
                13.812617847331401,
                50.263963112860246
              ],
              [
                13.813258171029862,
                50.26280146092005
              ],
              [
                13.809468914538398,
                50.26208127108768
              ],
              [
                13.809987240673372,
                50.26156714861026
              ],
              [
                13.807809808292161,
                50.26141219956583
              ],
              [
                13.805444131348361,
                50.2602336458824
              ],
              [
                13.804418827773876,
                50.26006488869353
              ],
              [
                13.803905278638283,
                50.260918084815614
              ],
              [
                13.799906318079602,
                50.26042371090449
              ],
              [
                13.798416306543595,
                50.25590641449317
              ],
              [
                13.795385541291939,
                50.252847189075304
              ],
              [
                13.790830537057458,
                50.24985730947043
              ],
              [
                13.787517653961965,
                50.24761612673168
              ],
              [
                13.783865340995321,
                50.24359151183576
              ],
              [
                13.781835656955325,
                50.24256962099328
              ],
              [
                13.777469864177592,
                50.2381828873158
              ],
              [
                13.776991233528848,
                50.23664188931929
              ],
              [
                13.771998872811182,
                50.237105135792554
              ],
              [
                13.770564456866248,
                50.23354168294889
              ],
              [
                13.769259149942192,
                50.233532250044526
              ],
              [
                13.768930494689965,
                50.23260184334332
              ],
              [
                13.763051086034741,
                50.23308199227412
              ],
              [
                13.76390778779851,
                50.23342779552391
              ],
              [
                13.764678932095588,
                50.23728578554855
              ],
              [
                13.76024303491595,
                50.240996618955684
              ],
              [
                13.757664898883387,
                50.2369886000041
              ],
              [
                13.757453322111859,
                50.23390395014916
              ],
              [
                13.754823072341232,
                50.233880748159905
              ],
              [
                13.754783464646435,
                50.23530762579159
              ],
              [
                13.753518709602982,
                50.235271666638724
              ],
              [
                13.753728624378926,
                50.22990885190845
              ],
              [
                13.751628771187942,
                50.22410214697353
              ],
              [
                13.749907079591061,
                50.22386988729586
              ],
              [
                13.748325896321672,
                50.22516242757923
              ],
              [
                13.743440792433844,
                50.225919173622565
              ],
              [
                13.742458451606307,
                50.22457518078508
              ],
              [
                13.734034174252123,
                50.22476807959302
              ],
              [
                13.721576576641375,
                50.22595220079789
              ],
              [
                13.71278556658068,
                50.22472649943646
              ],
              [
                13.708337202074109,
                50.222542916567825
              ],
              [
                13.70130519665697,
                50.22262055549646
              ],
              [
                13.699767607891575,
                50.22145594445693
              ],
              [
                13.695514382162816,
                50.22172246685064
              ],
              [
                13.689877701516922,
                50.224939546764965
              ],
              [
                13.681752990847619,
                50.226560779708834
              ],
              [
                13.675957335907482,
                50.22588212441141
              ],
              [
                13.672490477510115,
                50.223149865981874
              ],
              [
                13.671074743620341,
                50.2230456667217
              ],
              [
                13.671253599994033,
                50.22388998267266
              ],
              [
                13.669626036678988,
                50.22526650699511
              ],
              [
                13.67173760760339,
                50.22749522900612
              ],
              [
                13.67275394290235,
                50.23100425159729
              ],
              [
                13.670576023519704,
                50.23439067629027
              ],
              [
                13.673298733305707,
                50.235695516303075
              ],
              [
                13.669930843832212,
                50.23874253758026
              ],
              [
                13.667514286249798,
                50.24095513468561
              ],
              [
                13.667102577594735,
                50.243735794405936
              ],
              [
                13.664958354946824,
                50.245320351099345
              ],
              [
                13.667527530817452,
                50.245571137856125
              ],
              [
                13.670516436412717,
                50.247271781079625
              ],
              [
                13.676267951287235,
                50.24817958821325
              ],
              [
                13.673968774697318,
                50.25064539585402
              ],
              [
                13.6711114478456,
                50.25741467237556
              ],
              [
                13.678823890522125,
                50.257963041394575
              ],
              [
                13.684125508296747,
                50.25959768296585
              ],
              [
                13.684957989508073,
                50.2601232783478
              ],
              [
                13.682707218434569,
                50.2626949107949
              ],
              [
                13.683356072170422,
                50.26324539021659
              ],
              [
                13.679530256034036,
                50.264458458776204
              ],
              [
                13.675303188516954,
                50.267569465491505
              ],
              [
                13.679376344160234,
                50.26824398541164
              ],
              [
                13.681999049343855,
                50.26944741656688
              ],
              [
                13.684805859618903,
                50.273864602483165
              ],
              [
                13.687067024945405,
                50.276385014633746
              ],
              [
                13.686656939605847,
                50.279307577560566
              ],
              [
                13.690546179257034,
                50.278342384619876
              ],
              [
                13.69263986233963,
                50.27856436782502
              ],
              [
                13.69367607535139,
                50.279854632344644
              ],
              [
                13.693373383626398,
                50.28157823165946
              ],
              [
                13.695595037180153,
                50.283547277793446
              ],
              [
                13.695899011172944,
                50.2847972831039
              ],
              [
                13.706324650551231,
                50.28461917997733
              ],
              [
                13.708260140380936,
                50.28516516632834
              ],
              [
                13.707854343758678,
                50.28625313122371
              ],
              [
                13.706516467666301,
                50.28610827868291
              ],
              [
                13.705794182481883,
                50.28896596950161
              ],
              [
                13.703434670493063,
                50.288741978663566
              ],
              [
                13.70324975459846,
                50.289934682391085
              ],
              [
                13.700905030661385,
                50.29253089933597
              ],
              [
                13.703412843859587,
                50.29340836519522
              ],
              [
                13.704687369033056,
                50.29239216345434
              ],
              [
                13.703889115994356,
                50.29359565824513
              ],
              [
                13.70459587445974,
                50.293842972501054
              ],
              [
                13.704285029711407,
                50.29533823192818
              ],
              [
                13.705788359342936,
                50.29550379526267
              ],
              [
                13.707017306102244,
                50.294927486032556
              ],
              [
                13.709763864240616,
                50.29529641056221
              ],
              [
                13.709918381412956,
                50.29477689436767
              ],
              [
                13.712098827018734,
                50.29515286213004
              ],
              [
                13.711201241681541,
                50.29806918037851
              ],
              [
                13.707291593523303,
                50.298204603921874
              ],
              [
                13.710864788166273,
                50.29907445621397
              ],
              [
                13.709890360001731,
                50.30063578627475
              ],
              [
                13.712546941390068,
                50.3015887419811
              ],
              [
                13.708742266826368,
                50.30554799059277
              ],
              [
                13.717508737930649,
                50.309201881377234
              ],
              [
                13.727143202153957,
                50.31171590943732
              ],
              [
                13.729016788645835,
                50.31281438477649
              ],
              [
                13.725399346152582,
                50.313060284630254
              ],
              [
                13.725692126017575,
                50.314061057079364
              ],
              [
                13.721563938907392,
                50.31411787837141
              ],
              [
                13.720441783959762,
                50.31658586164646
              ],
              [
                13.725389268494055,
                50.31856388878481
              ],
              [
                13.72957022689007,
                50.322144970593904
              ],
              [
                13.729452882502637,
                50.322929627670604
              ],
              [
                13.728269643453272,
                50.32324406932206
              ],
              [
                13.738538474536531,
                50.32571949395354
              ],
              [
                13.738140987484808,
                50.32732083142762
              ],
              [
                13.736545383395958,
                50.32753796075429
              ],
              [
                13.735486585459569,
                50.327592110948075
              ],
              [
                13.73499164529265,
                50.3266878738447
              ],
              [
                13.732471624666552,
                50.32811347634447
              ],
              [
                13.731317026208783,
                50.32757961075854
              ],
              [
                13.730122473828827,
                50.328357569437685
              ],
              [
                13.728824139005628,
                50.32742674434904
              ],
              [
                13.729651204771386,
                50.325730899063515
              ],
              [
                13.724868533435181,
                50.32602039431464
              ],
              [
                13.713783619101076,
                50.322654860925205
              ],
              [
                13.713175230359225,
                50.32354835849988
              ],
              [
                13.71059980951991,
                50.323150373893824
              ],
              [
                13.70781792266814,
                50.324278707329604
              ],
              [
                13.707860307651725,
                50.32502464332166
              ],
              [
                13.704896833550476,
                50.32373884141614
              ],
              [
                13.698019738335848,
                50.3233101996528
              ],
              [
                13.697617914131174,
                50.32382881481294
              ],
              [
                13.698648511768901,
                50.325130382912434
              ],
              [
                13.700366836345806,
                50.32604426917793
              ],
              [
                13.69846229935734,
                50.32590482938068
              ],
              [
                13.697155456567824,
                50.32651885222871
              ],
              [
                13.697109212010231,
                50.32784961996875
              ],
              [
                13.690991948188602,
                50.32750934902535
              ],
              [
                13.690081601812214,
                50.322434898307385
              ],
              [
                13.681996466710379,
                50.32187076482128
              ],
              [
                13.682817103764584,
                50.320386525099885
              ],
              [
                13.677930054546097,
                50.321112079756475
              ],
              [
                13.6764792726743,
                50.31849521217896
              ],
              [
                13.668604791003714,
                50.31788883522021
              ],
              [
                13.668961978683766,
                50.31615300709626
              ],
              [
                13.66622274392494,
                50.31608491704061
              ],
              [
                13.66608455341477,
                50.316874814557885
              ],
              [
                13.662316121205892,
                50.31585544605013
              ],
              [
                13.662107995755866,
                50.31724802963962
              ],
              [
                13.660125971708922,
                50.3170883980821
              ],
              [
                13.659444835778837,
                50.316273840103754
              ],
              [
                13.660285855806048,
                50.31847423037922
              ],
              [
                13.65568922013096,
                50.319405799532554
              ],
              [
                13.654592568124157,
                50.31847547110148
              ],
              [
                13.653270869040393,
                50.32101738752231
              ],
              [
                13.643226692913732,
                50.31871758044111
              ],
              [
                13.642497391012354,
                50.31864981506435
              ],
              [
                13.64225779816402,
                50.31989000691866
              ],
              [
                13.641128131342898,
                50.31987994171331
              ],
              [
                13.64114362591812,
                50.32123224014229
              ],
              [
                13.637900688139128,
                50.321189407417215
              ],
              [
                13.63367007799337,
                50.32291706232859
              ],
              [
                13.62843096634231,
                50.322540558047
              ],
              [
                13.631317946326005,
                50.32693723812835
              ],
              [
                13.631335841924667,
                50.32900993557174
              ],
              [
                13.62958265421925,
                50.329524445780486
              ],
              [
                13.628213825288906,
                50.328327389701144
              ],
              [
                13.620521282013064,
                50.3319224964861
              ],
              [
                13.623386598098532,
                50.333986426138196
              ],
              [
                13.625325121575802,
                50.334017150147616
              ],
              [
                13.627780471368911,
                50.33307585002645
              ],
              [
                13.63383219135108,
                50.33213560604534
              ],
              [
                13.636243242998527,
                50.33328682511424
              ],
              [
                13.638244357547604,
                50.336514210872416
              ],
              [
                13.645046186817517,
                50.33787955284613
              ],
              [
                13.64933718833953,
                50.339383526669856
              ],
              [
                13.658128487217956,
                50.33923694278038
              ],
              [
                13.659895927311052,
                50.337483369461076
              ],
              [
                13.66289124680455,
                50.33809416283395
              ],
              [
                13.66103325226438,
                50.341743832395885
              ],
              [
                13.66142199834868,
                50.34542504516413
              ],
              [
                13.659703435825277,
                50.34940603427317
              ],
              [
                13.661818640280126,
                50.350188369784256
              ],
              [
                13.659832980186753,
                50.35389377854234
              ],
              [
                13.660955663493112,
                50.354566854298625
              ],
              [
                13.660635275161207,
                50.35713289231241
              ],
              [
                13.666764685638462,
                50.35854192816065
              ],
              [
                13.664759028888763,
                50.35924872462641
              ],
              [
                13.668352410704303,
                50.36483211087676
              ],
              [
                13.657187734811933,
                50.36611605409488
              ],
              [
                13.657313413941369,
                50.36913760388186
              ],
              [
                13.654170450857174,
                50.370170210582394
              ],
              [
                13.655424452887575,
                50.37185314758376
              ],
              [
                13.65452559482328,
                50.373580968428904
              ],
              [
                13.658277254653166,
                50.3735573654877
              ],
              [
                13.663149321810485,
                50.37456079719946
              ],
              [
                13.662921196037367,
                50.376071373346385
              ],
              [
                13.65794604649463,
                50.38141420202337
              ],
              [
                13.665457636665128,
                50.38468283182481
              ],
              [
                13.668674056372073,
                50.385303276533
              ],
              [
                13.668564086312319,
                50.38699988249601
              ],
              [
                13.666855558883164,
                50.3869273071957
              ],
              [
                13.667137667129863,
                50.38897999950764
              ],
              [
                13.662415800720757,
                50.390352863017426
              ],
              [
                13.664133863627223,
                50.393512329831935
              ],
              [
                13.659095170596448,
                50.39356400935885
              ],
              [
                13.658804797336918,
                50.39482667109133
              ],
              [
                13.65504756882161,
                50.39426679022833
              ],
              [
                13.653263703367857,
                50.397121580247365
              ],
              [
                13.65113622198019,
                50.39645609338396
              ],
              [
                13.648175639436895,
                50.399762383926216
              ],
              [
                13.6516339787371,
                50.4011560459876
              ],
              [
                13.649603137833784,
                50.40368405529196
              ],
              [
                13.65531854983656,
                50.40240321730316
              ],
              [
                13.652972906503756,
                50.40559140840556
              ],
              [
                13.65633343050432,
                50.40943174429074
              ],
              [
                13.65302296766769,
                50.41003463632379
              ],
              [
                13.65344822894745,
                50.4133941770481
              ],
              [
                13.652752361960092,
                50.41436707866574
              ],
              [
                13.649022288728887,
                50.4178012463659
              ],
              [
                13.647800893568705,
                50.41708612676562
              ],
              [
                13.646362975684566,
                50.4205088188331
              ],
              [
                13.641452304710885,
                50.42083798259827
              ],
              [
                13.631151179647631,
                50.42267043788123
              ],
              [
                13.632081822546443,
                50.43113680359024
              ],
              [
                13.637182843471232,
                50.43032279357834
              ],
              [
                13.64156634996204,
                50.42887002960145
              ],
              [
                13.654838308460636,
                50.42802180032453
              ],
              [
                13.661282390366678,
                50.428745921506575
              ],
              [
                13.661479948930449,
                50.427668335249734
              ],
              [
                13.664298831077533,
                50.42766665322298
              ],
              [
                13.66427550337006,
                50.42667571063701
              ],
              [
                13.671330598127867,
                50.42675758080146
              ],
              [
                13.671262079225645,
                50.42504349453814
              ],
              [
                13.699949538557528,
                50.42117149461315
              ],
              [
                13.700915251203336,
                50.41550694597493
              ],
              [
                13.703171522365945,
                50.414387570377045
              ],
              [
                13.711265732991604,
                50.415542077747816
              ],
              [
                13.716334127059897,
                50.41786458035049
              ],
              [
                13.730570106430292,
                50.418621415720985
              ],
              [
                13.742687686273584,
                50.420153939282535
              ],
              [
                13.754607655925527,
                50.42192231418092
              ],
              [
                13.760154333774873,
                50.42349619310962
              ],
              [
                13.760312339282422,
                50.426311079495356
              ],
              [
                13.763408478655753,
                50.42647573363682
              ],
              [
                13.76544418342736,
                50.427640516608975
              ],
              [
                13.769861403462722,
                50.42716520331186
              ],
              [
                13.7719881675142,
                50.42627400310537
              ],
              [
                13.783459805316745,
                50.426656455666134
              ],
              [
                13.790848397337918,
                50.428882973390074
              ],
              [
                13.794492264768483,
                50.433469539643525
              ],
              [
                13.7938577542147,
                50.44121656056276
              ],
              [
                13.78475209911247,
                50.443472936922795
              ],
              [
                13.784652953038202,
                50.44464670837167
              ],
              [
                13.782608353776778,
                50.4443169433376
              ],
              [
                13.781241061879891,
                50.446358545723655
              ],
              [
                13.77964896952883,
                50.44663318998201
              ],
              [
                13.77836050997706,
                50.44793151672174
              ],
              [
                13.775324483366287,
                50.449092458530174
              ],
              [
                13.773356605445983,
                50.447694695877985
              ],
              [
                13.77013240548477,
                50.44892096816399
              ],
              [
                13.772475875297326,
                50.45039043915048
              ],
              [
                13.771784609047966,
                50.45082182787604
              ],
              [
                13.773756282207897,
                50.45390668149675
              ],
              [
                13.770976460756781,
                50.45451814964177
              ],
              [
                13.771976015724645,
                50.45691222542637
              ],
              [
                13.772709469193845,
                50.45688548551505
              ],
              [
                13.77325032832242,
                50.45779199626583
              ],
              [
                13.772461310968751,
                50.461331097553185
              ],
              [
                13.772635507348681,
                50.462400866445705
              ],
              [
                13.773564825857894,
                50.46241050555537
              ],
              [
                13.77250608747471,
                50.4642343171491
              ],
              [
                13.775027508001925,
                50.465308309886204
              ],
              [
                13.776416565291255,
                50.464555106273686
              ],
              [
                13.778005696896319,
                50.465616410823266
              ],
              [
                13.778557792353643,
                50.46531208089481
              ],
              [
                13.780934959226045,
                50.46804478259499
              ],
              [
                13.783388808386135,
                50.46803697941573
              ],
              [
                13.782771853753777,
                50.46894841571217
              ],
              [
                13.785092590100403,
                50.46937309363241
              ],
              [
                13.784894961466586,
                50.470119792512335
              ],
              [
                13.78453204793628,
                50.47121859743743
              ],
              [
                13.785428324250113,
                50.47245449443153
              ],
              [
                13.788237779562131,
                50.472490031594084
              ],
              [
                13.789021383745574,
                50.47179483803338
              ],
              [
                13.794042907532994,
                50.47108270931646
              ],
              [
                13.797172758539586,
                50.472017817389386
              ],
              [
                13.797316066519228,
                50.47365411921723
              ],
              [
                13.798804447545258,
                50.47189911049157
              ],
              [
                13.803632663576117,
                50.47401434392422
              ],
              [
                13.806996748993253,
                50.470543011295455
              ],
              [
                13.808142782726584,
                50.47172562827183
              ],
              [
                13.812859784864507,
                50.469250978802094
              ],
              [
                13.814908638315684,
                50.46906705594095
              ],
              [
                13.814883248135816,
                50.470105546779685
              ],
              [
                13.8162681698818,
                50.471250886301796
              ],
              [
                13.815536189512354,
                50.46891114990407
              ],
              [
                13.817056050694397,
                50.46771413838995
              ],
              [
                13.818153750451698,
                50.468535803905006
              ],
              [
                13.817181331948483,
                50.46922229513801
              ],
              [
                13.817826421476074,
                50.472715794217116
              ],
              [
                13.820946199206197,
                50.47413371520583
              ],
              [
                13.822447664696421,
                50.47403136221832
              ],
              [
                13.828650074950138,
                50.47262892136417
              ],
              [
                13.828113211488068,
                50.47214817413403
              ],
              [
                13.829123091439435,
                50.47150160801106
              ],
              [
                13.829471382432775,
                50.469690741694066
              ],
              [
                13.831505322564135,
                50.46868464548315
              ],
              [
                13.83871636767403,
                50.47701204703546
              ],
              [
                13.838897328055344,
                50.48222859599843
              ],
              [
                13.840368028774366,
                50.48228993957535
              ],
              [
                13.844464829846801,
                50.482497921823175
              ],
              [
                13.84837738389564,
                50.48512372434707
              ],
              [
                13.852593863241207,
                50.48676611087783
              ],
              [
                13.852649309818913,
                50.48818714222193
              ],
              [
                13.855403349324984,
                50.48977770923165
              ],
              [
                13.864060980838346,
                50.49227575422243
              ],
              [
                13.869193075590367,
                50.49508566453624
              ],
              [
                13.871524377989736,
                50.49335054633538
              ],
              [
                13.874392143219447,
                50.49312574518637
              ],
              [
                13.8750462029812,
                50.49335451185747
              ],
              [
                13.875218063112879,
                50.49564381632897
              ]
            ]
          ],
          [
            [
              [
                13.620029880385564,
                50.33985216566752
              ],
              [
                13.621317963654702,
                50.341452834827756
              ],
              [
                13.621027108601893,
                50.34292749352921
              ],
              [
                13.627817200241587,
                50.34311306951969
              ],
              [
                13.633179585382708,
                50.343704596910555
              ],
              [
                13.633663409040764,
                50.34304639061005
              ],
              [
                13.631917807159708,
                50.341347920532186
              ],
              [
                13.632720404648621,
                50.34183614994845
              ],
              [
                13.633246716783258,
                50.34147919903015
              ],
              [
                13.636697905907466,
                50.343496242829666
              ],
              [
                13.635792070330227,
                50.33462582202856
              ],
              [
                13.627033708137015,
                50.33553455555053
              ],
              [
                13.626833612816345,
                50.334136776261275
              ],
              [
                13.623172678969539,
                50.33461707804352
              ],
              [
                13.622835572814793,
                50.33560050724899
              ],
              [
                13.61958755912258,
                50.33722078877855
              ],
              [
                13.620029880385564,
                50.33985216566752
              ]
            ]
          ]
        ]
      }
    },
    {
      "type": "Feature",
      "properties": {
        "name": "Žatec"
      },
      "geometry": {
        "type": "MultiPolygon",
        "coordinates": [
          [
            [
              [
                13.56013123957663,
                50.42879898847224
              ],
              [
                13.560182116138135,
                50.42878711645242
              ],
              [
                13.568515758109163,
                50.42591993936109
              ],
              [
                13.567853341688888,
                50.42367947661844
              ],
              [
                13.574167711489498,
                50.42255183147728
              ],
              [
                13.574511140442674,
                50.42333204425973
              ],
              [
                13.579580339631105,
                50.42256122749505
              ],
              [
                13.578233613616451,
                50.420488656491024
              ],
              [
                13.594550111351825,
                50.417787042870394
              ],
              [
                13.591617993265151,
                50.41258108374277
              ],
              [
                13.601255329210993,
                50.411639659675224
              ],
              [
                13.607395464900172,
                50.411024887269846
              ],
              [
                13.610177538548541,
                50.4204848376829
              ],
              [
                13.625262648628242,
                50.4184253436447
              ],
              [
                13.626806915545906,
                50.420763962417574
              ],
              [
                13.629312705693428,
                50.4224985818603
              ],
              [
                13.631151179647631,
                50.42267043788123
              ],
              [
                13.641452304710885,
                50.42083798259827
              ],
              [
                13.646362975684566,
                50.4205088188331
              ],
              [
                13.647800893568705,
                50.41708612676562
              ],
              [
                13.649022288728887,
                50.4178012463659
              ],
              [
                13.652752361960092,
                50.41436707866574
              ],
              [
                13.65344822894745,
                50.4133941770481
              ],
              [
                13.65302296766769,
                50.41003463632379
              ],
              [
                13.65633343050432,
                50.40943174429074
              ],
              [
                13.652972906503756,
                50.40559140840556
              ],
              [
                13.65531854983656,
                50.40240321730316
              ],
              [
                13.649603137833784,
                50.40368405529196
              ],
              [
                13.6516339787371,
                50.4011560459876
              ],
              [
                13.648175639436895,
                50.399762383926216
              ],
              [
                13.65113622198019,
                50.39645609338396
              ],
              [
                13.653263703367857,
                50.397121580247365
              ],
              [
                13.65504756882161,
                50.39426679022833
              ],
              [
                13.658804797336918,
                50.39482667109133
              ],
              [
                13.659095170596448,
                50.39356400935885
              ],
              [
                13.664133863627223,
                50.393512329831935
              ],
              [
                13.662415800720757,
                50.390352863017426
              ],
              [
                13.667137667129863,
                50.38897999950764
              ],
              [
                13.666855558883164,
                50.3869273071957
              ],
              [
                13.668564086312319,
                50.38699988249601
              ],
              [
                13.668674056372073,
                50.385303276533
              ],
              [
                13.665457636665128,
                50.38468283182481
              ],
              [
                13.65794604649463,
                50.38141420202337
              ],
              [
                13.662921196037367,
                50.376071373346385
              ],
              [
                13.663149321810485,
                50.37456079719946
              ],
              [
                13.658277254653166,
                50.3735573654877
              ],
              [
                13.65452559482328,
                50.373580968428904
              ],
              [
                13.655424452887575,
                50.37185314758376
              ],
              [
                13.654170450857174,
                50.370170210582394
              ],
              [
                13.657313413941369,
                50.36913760388186
              ],
              [
                13.657187734811933,
                50.36611605409488
              ],
              [
                13.668352410704303,
                50.36483211087676
              ],
              [
                13.664759028888763,
                50.35924872462641
              ],
              [
                13.666764685638462,
                50.35854192816065
              ],
              [
                13.660635275161207,
                50.35713289231241
              ],
              [
                13.660955663493112,
                50.354566854298625
              ],
              [
                13.659832980186753,
                50.35389377854234
              ],
              [
                13.661818640280126,
                50.350188369784256
              ],
              [
                13.659703435825277,
                50.34940603427317
              ],
              [
                13.66142199834868,
                50.34542504516413
              ],
              [
                13.66103325226438,
                50.341743832395885
              ],
              [
                13.66289124680455,
                50.33809416283395
              ],
              [
                13.659895927311052,
                50.337483369461076
              ],
              [
                13.658128487217956,
                50.33923694278038
              ],
              [
                13.64933718833953,
                50.339383526669856
              ],
              [
                13.645046186817517,
                50.33787955284613
              ],
              [
                13.638244357547604,
                50.336514210872416
              ],
              [
                13.636243242998527,
                50.33328682511424
              ],
              [
                13.63383219135108,
                50.33213560604534
              ],
              [
                13.627780471368911,
                50.33307585002645
              ],
              [
                13.625325121575802,
                50.334017150147616
              ],
              [
                13.623386598098532,
                50.333986426138196
              ],
              [
                13.620521282013064,
                50.3319224964861
              ],
              [
                13.628213825288906,
                50.328327389701144
              ],
              [
                13.62958265421925,
                50.329524445780486
              ],
              [
                13.631335841924667,
                50.32900993557174
              ],
              [
                13.631317946326005,
                50.32693723812835
              ],
              [
                13.62843096634231,
                50.322540558047
              ],
              [
                13.63367007799337,
                50.32291706232859
              ],
              [
                13.637900688139128,
                50.321189407417215
              ],
              [
                13.64114362591812,
                50.32123224014229
              ],
              [
                13.641128131342898,
                50.31987994171331
              ],
              [
                13.64225779816402,
                50.31989000691866
              ],
              [
                13.642497391012354,
                50.31864981506435
              ],
              [
                13.643226692913732,
                50.31871758044111
              ],
              [
                13.653270869040393,
                50.32101738752231
              ],
              [
                13.654592568124157,
                50.31847547110148
              ],
              [
                13.65568922013096,
                50.319405799532554
              ],
              [
                13.660285855806048,
                50.31847423037922
              ],
              [
                13.659444835778837,
                50.316273840103754
              ],
              [
                13.660125971708922,
                50.3170883980821
              ],
              [
                13.662107995755866,
                50.31724802963962
              ],
              [
                13.662316121205892,
                50.31585544605013
              ],
              [
                13.66608455341477,
                50.316874814557885
              ],
              [
                13.66622274392494,
                50.31608491704061
              ],
              [
                13.668961978683766,
                50.31615300709626
              ],
              [
                13.668604791003714,
                50.31788883522021
              ],
              [
                13.6764792726743,
                50.31849521217896
              ],
              [
                13.677930054546097,
                50.321112079756475
              ],
              [
                13.682817103764584,
                50.320386525099885
              ],
              [
                13.681996466710379,
                50.32187076482128
              ],
              [
                13.690081601812214,
                50.322434898307385
              ],
              [
                13.690991948188602,
                50.32750934902535
              ],
              [
                13.697109212010231,
                50.32784961996875
              ],
              [
                13.697155456567824,
                50.32651885222871
              ],
              [
                13.69846229935734,
                50.32590482938068
              ],
              [
                13.700366836345806,
                50.32604426917793
              ],
              [
                13.698648511768901,
                50.325130382912434
              ],
              [
                13.697617914131174,
                50.32382881481294
              ],
              [
                13.698019738335848,
                50.3233101996528
              ],
              [
                13.704896833550476,
                50.32373884141614
              ],
              [
                13.707860307651725,
                50.32502464332166
              ],
              [
                13.70781792266814,
                50.324278707329604
              ],
              [
                13.71059980951991,
                50.323150373893824
              ],
              [
                13.713175230359225,
                50.32354835849988
              ],
              [
                13.713783619101076,
                50.322654860925205
              ],
              [
                13.724868533435181,
                50.32602039431464
              ],
              [
                13.729651204771386,
                50.325730899063515
              ],
              [
                13.728824139005628,
                50.32742674434904
              ],
              [
                13.730122473828827,
                50.328357569437685
              ],
              [
                13.731317026208783,
                50.32757961075854
              ],
              [
                13.732471624666552,
                50.32811347634447
              ],
              [
                13.73499164529265,
                50.3266878738447
              ],
              [
                13.735486585459569,
                50.327592110948075
              ],
              [
                13.736545383395958,
                50.32753796075429
              ],
              [
                13.738140987484808,
                50.32732083142762
              ],
              [
                13.738538474536531,
                50.32571949395354
              ],
              [
                13.728269643453272,
                50.32324406932206
              ],
              [
                13.729452882502637,
                50.322929627670604
              ],
              [
                13.72957022689007,
                50.322144970593904
              ],
              [
                13.725389268494055,
                50.31856388878481
              ],
              [
                13.720441783959762,
                50.31658586164646
              ],
              [
                13.721563938907392,
                50.31411787837141
              ],
              [
                13.725692126017575,
                50.314061057079364
              ],
              [
                13.725399346152582,
                50.313060284630254
              ],
              [
                13.729016788645835,
                50.31281438477649
              ],
              [
                13.727143202153957,
                50.31171590943732
              ],
              [
                13.717508737930649,
                50.309201881377234
              ],
              [
                13.708742266826368,
                50.30554799059277
              ],
              [
                13.712546941390068,
                50.3015887419811
              ],
              [
                13.709890360001731,
                50.30063578627475
              ],
              [
                13.710864788166273,
                50.29907445621397
              ],
              [
                13.707291593523303,
                50.298204603921874
              ],
              [
                13.711201241681541,
                50.29806918037851
              ],
              [
                13.712098827018734,
                50.29515286213004
              ],
              [
                13.709918381412956,
                50.29477689436767
              ],
              [
                13.709763864240616,
                50.29529641056221
              ],
              [
                13.707017306102244,
                50.294927486032556
              ],
              [
                13.705788359342936,
                50.29550379526267
              ],
              [
                13.704285029711407,
                50.29533823192818
              ],
              [
                13.70459587445974,
                50.293842972501054
              ],
              [
                13.703889115994356,
                50.29359565824513
              ],
              [
                13.704687369033056,
                50.29239216345434
              ],
              [
                13.703412843859587,
                50.29340836519522
              ],
              [
                13.700905030661385,
                50.29253089933597
              ],
              [
                13.70324975459846,
                50.289934682391085
              ],
              [
                13.703434670493063,
                50.288741978663566
              ],
              [
                13.705794182481883,
                50.28896596950161
              ],
              [
                13.706516467666301,
                50.28610827868291
              ],
              [
                13.707854343758678,
                50.28625313122371
              ],
              [
                13.708260140380936,
                50.28516516632834
              ],
              [
                13.706324650551231,
                50.28461917997733
              ],
              [
                13.695899011172944,
                50.2847972831039
              ],
              [
                13.695595037180153,
                50.283547277793446
              ],
              [
                13.693373383626398,
                50.28157823165946
              ],
              [
                13.69367607535139,
                50.279854632344644
              ],
              [
                13.69263986233963,
                50.27856436782502
              ],
              [
                13.690546179257034,
                50.278342384619876
              ],
              [
                13.686656939605847,
                50.279307577560566
              ],
              [
                13.687067024945405,
                50.276385014633746
              ],
              [
                13.684805859618903,
                50.273864602483165
              ],
              [
                13.681999049343855,
                50.26944741656688
              ],
              [
                13.679376344160234,
                50.26824398541164
              ],
              [
                13.675303188516954,
                50.267569465491505
              ],
              [
                13.679530256034036,
                50.264458458776204
              ],
              [
                13.683356072170422,
                50.26324539021659
              ],
              [
                13.682707218434569,
                50.2626949107949
              ],
              [
                13.684957989508073,
                50.2601232783478
              ],
              [
                13.684125508296747,
                50.25959768296585
              ],
              [
                13.678823890522125,
                50.257963041394575
              ],
              [
                13.6711114478456,
                50.25741467237556
              ],
              [
                13.673968774697318,
                50.25064539585402
              ],
              [
                13.676267951287235,
                50.24817958821325
              ],
              [
                13.670516436412717,
                50.247271781079625
              ],
              [
                13.667527530817452,
                50.245571137856125
              ],
              [
                13.664958354946824,
                50.245320351099345
              ],
              [
                13.667102577594735,
                50.243735794405936
              ],
              [
                13.667514286249798,
                50.24095513468561
              ],
              [
                13.669930843832212,
                50.23874253758026
              ],
              [
                13.66638453854848,
                50.23710291865151
              ],
              [
                13.661571791400032,
                50.23298303125773
              ],
              [
                13.659147287225304,
                50.231882873812005
              ],
              [
                13.650757232799954,
                50.2238672957241
              ],
              [
                13.64743017081493,
                50.221154150414065
              ],
              [
                13.646867448908248,
                50.21893996435927
              ],
              [
                13.642352190535032,
                50.2180636511303
              ],
              [
                13.637477955221453,
                50.218432043921396
              ],
              [
                13.637092132130912,
                50.218132098996236
              ],
              [
                13.638665925905853,
                50.21722949194916
              ],
              [
                13.634701194016543,
                50.21346816508785
              ],
              [
                13.634174988096019,
                50.21005797220646
              ],
              [
                13.632085651690366,
                50.20878647192749
              ],
              [
                13.621034489497484,
                50.20934469030949
              ],
              [
                13.61616665221353,
                50.21129517130187
              ],
              [
                13.621384079197618,
                50.206421227740194
              ],
              [
                13.622916194411195,
                50.20285559300024
              ],
              [
                13.621056245321801,
                50.20269919207328
              ],
              [
                13.613524483504332,
                50.198519827938256
              ],
              [
                13.606090392812158,
                50.19581248004198
              ],
              [
                13.60916986405378,
                50.193154426635786
              ],
              [
                13.6079310349718,
                50.19220588259669
              ],
              [
                13.599754887011082,
                50.19478331373123
              ],
              [
                13.597478588683586,
                50.19242944429458
              ],
              [
                13.591062968271677,
                50.189427497067925
              ],
              [
                13.587145654133717,
                50.18793571080971
              ],
              [
                13.576096228730677,
                50.187738806789966
              ],
              [
                13.573031037934104,
                50.18689225104897
              ],
              [
                13.572010607552608,
                50.185394177886785
              ],
              [
                13.569414174789594,
                50.18519967087816
              ],
              [
                13.565521435924012,
                50.18702480553294
              ],
              [
                13.563886578947242,
                50.18942076778602
              ],
              [
                13.561128968040228,
                50.19076353460481
              ],
              [
                13.560642084542144,
                50.19173029180601
              ],
              [
                13.560153854144135,
                50.192822645699955
              ],
              [
                13.557845990382866,
                50.1937545812871
              ],
              [
                13.55845893414362,
                50.195223905391735
              ],
              [
                13.556277697628357,
                50.19734387447148
              ],
              [
                13.55560489323832,
                50.199732700300565
              ],
              [
                13.555828959978673,
                50.20019319178084
              ],
              [
                13.556675461285415,
                50.19945711160386
              ],
              [
                13.557858329183402,
                50.2003686411619
              ],
              [
                13.562428620316595,
                50.201165278730755
              ],
              [
                13.565235841992964,
                50.20509152989364
              ],
              [
                13.567183668591438,
                50.2060033243219
              ],
              [
                13.562975818657325,
                50.20687872798843
              ],
              [
                13.561312558537885,
                50.21046325705946
              ],
              [
                13.56352459279296,
                50.21530052829129
              ],
              [
                13.563125744506983,
                50.217750354747665
              ],
              [
                13.564138839082275,
                50.21989365065485
              ],
              [
                13.554946176197312,
                50.221684392205034
              ],
              [
                13.551666935397412,
                50.22298884228188
              ],
              [
                13.54611387756211,
                50.22326168413928
              ],
              [
                13.53981894691337,
                50.22561000787836
              ],
              [
                13.538589702386796,
                50.225069610668825
              ],
              [
                13.534475329789633,
                50.228982913396344
              ],
              [
                13.524960356416582,
                50.23394786526073
              ],
              [
                13.519181069544304,
                50.24065359913473
              ],
              [
                13.515378406579861,
                50.24253477259625
              ],
              [
                13.518866711910864,
                50.24390576788966
              ],
              [
                13.515259220504817,
                50.247551126388814
              ],
              [
                13.513739077587966,
                50.24746728099663
              ],
              [
                13.51010984357339,
                50.25069605215535
              ],
              [
                13.510771285436146,
                50.25080642266958
              ],
              [
                13.509192980483787,
                50.2519793092428
              ],
              [
                13.510013368473182,
                50.25253328409035
              ],
              [
                13.508694858365613,
                50.253262944570004
              ],
              [
                13.50941255922496,
                50.253582022568764
              ],
              [
                13.5088062535745,
                50.25438393810832
              ],
              [
                13.50820433107872,
                50.254109364616326
              ],
              [
                13.505399063390772,
                50.25574556167176
              ],
              [
                13.504486767041314,
                50.25469020803018
              ],
              [
                13.503803815819982,
                50.254933677462056
              ],
              [
                13.504961116680786,
                50.2562180928089
              ],
              [
                13.503126311133835,
                50.256577982430635
              ],
              [
                13.502273031968048,
                50.25576967666625
              ],
              [
                13.498379093715487,
                50.25625971949035
              ],
              [
                13.497746443559349,
                50.25689104321208
              ],
              [
                13.494211475923898,
                50.25574788988447
              ],
              [
                13.493148977556594,
                50.25692166409476
              ],
              [
                13.494363470085483,
                50.258296363691876
              ],
              [
                13.492395799122807,
                50.25897833786574
              ],
              [
                13.491877436085389,
                50.260174808021965
              ],
              [
                13.492955893884897,
                50.263249695930575
              ],
              [
                13.491832046208804,
                50.263645657406215
              ],
              [
                13.49261618741979,
                50.2646277655265
              ],
              [
                13.49206148051493,
                50.26514120635662
              ],
              [
                13.491279818710268,
                50.2656219589872
              ],
              [
                13.49002648581658,
                50.26522888614575
              ],
              [
                13.487250021548284,
                50.26729632129436
              ],
              [
                13.489049413323476,
                50.26825101486109
              ],
              [
                13.485601982550072,
                50.27244177878199
              ],
              [
                13.483794708148412,
                50.27272853476317
              ],
              [
                13.484224399370484,
                50.27519245337032
              ],
              [
                13.481817534476429,
                50.27600037770887
              ],
              [
                13.488070737506408,
                50.28002250969394
              ],
              [
                13.481321386630094,
                50.28141809559075
              ],
              [
                13.486043574166091,
                50.286694663333925
              ],
              [
                13.489810076062936,
                50.286202874674004
              ],
              [
                13.490561064824199,
                50.288176244986744
              ],
              [
                13.478226620091194,
                50.291333121266874
              ],
              [
                13.479847850356467,
                50.29263020912162
              ],
              [
                13.476983712106758,
                50.29343932183266
              ],
              [
                13.476128491711318,
                50.29092814751342
              ],
              [
                13.472904151893033,
                50.28698371399102
              ],
              [
                13.47678120345898,
                50.28601338141433
              ],
              [
                13.475590301173266,
                50.28432584473606
              ],
              [
                13.471216990149411,
                50.285109496449756
              ],
              [
                13.469698155581767,
                50.282875881008025
              ],
              [
                13.464887810147719,
                50.282957549657944
              ],
              [
                13.461216021605665,
                50.282364851804026
              ],
              [
                13.457434104310236,
                50.28929830461494
              ],
              [
                13.45466557561542,
                50.287421072547666
              ],
              [
                13.452331346372274,
                50.2866975800546
              ],
              [
                13.450585607821713,
                50.28702611794812
              ],
              [
                13.452921716467523,
                50.28747277527751
              ],
              [
                13.454253985264236,
                50.28848041572626
              ],
              [
                13.453228558287615,
                50.289232303142626
              ],
              [
                13.453185294038681,
                50.29137034638326
              ],
              [
                13.450631316867787,
                50.29454672656702
              ],
              [
                13.4509866143464,
                50.2952686528234
              ],
              [
                13.448795310311596,
                50.298053079473505
              ],
              [
                13.446889388000699,
                50.29766543431376
              ],
              [
                13.445561793725945,
                50.300119877471346
              ],
              [
                13.4398425925326,
                50.299577782786095
              ],
              [
                13.439527181205905,
                50.30218465722772
              ],
              [
                13.436631030106698,
                50.3017477982869
              ],
              [
                13.436852158242083,
                50.30001989881723
              ],
              [
                13.435085507452722,
                50.30188776488714
              ],
              [
                13.435594576004366,
                50.303069916083466
              ],
              [
                13.434770239541578,
                50.303032246738034
              ],
              [
                13.430330506276986,
                50.3028350250973
              ],
              [
                13.43003215849426,
                50.30397586963449
              ],
              [
                13.42798636982327,
                50.304316013566144
              ],
              [
                13.428690936995368,
                50.30682808446826
              ],
              [
                13.431994117954273,
                50.30686859582771
              ],
              [
                13.4311804784309,
                50.30955939048854
              ],
              [
                13.429417054061155,
                50.31103871700858
              ],
              [
                13.427843923664346,
                50.310838865946955
              ],
              [
                13.42747893524367,
                50.312510479662556
              ],
              [
                13.424020938373395,
                50.312975193395204
              ],
              [
                13.424777473744658,
                50.31426457194123
              ],
              [
                13.422183642580974,
                50.315632492092504
              ],
              [
                13.428875726873102,
                50.31404457730533
              ],
              [
                13.429588388694246,
                50.31454229783981
              ],
              [
                13.424916610263327,
                50.31599700745526
              ],
              [
                13.426716244536067,
                50.317988506470556
              ],
              [
                13.424199129975213,
                50.31900100536482
              ],
              [
                13.426638082240407,
                50.32064802890179
              ],
              [
                13.426212244974083,
                50.32268020751165
              ],
              [
                13.429884745721184,
                50.32417920694448
              ],
              [
                13.429595567942242,
                50.324603872443895
              ],
              [
                13.439798172369759,
                50.326783448826816
              ],
              [
                13.444375109638774,
                50.32719775231434
              ],
              [
                13.444937438825887,
                50.32824647324442
              ],
              [
                13.446486264129696,
                50.328454320116364
              ],
              [
                13.446381047633814,
                50.32914756506924
              ],
              [
                13.452051406072528,
                50.33114153674009
              ],
              [
                13.451778502003542,
                50.333723119757494
              ],
              [
                13.443584556414356,
                50.33371731752378
              ],
              [
                13.439690393116512,
                50.33430506055311
              ],
              [
                13.439106617847028,
                50.33644490728361
              ],
              [
                13.438451082543043,
                50.33646310045289
              ],
              [
                13.438227906679517,
                50.34030197599916
              ],
              [
                13.4394602722906,
                50.340465286989016
              ],
              [
                13.439110319470789,
                50.342769949562005
              ],
              [
                13.441148499054357,
                50.342743698328164
              ],
              [
                13.441751456638356,
                50.3420303520627
              ],
              [
                13.451555336756629,
                50.34011002305139
              ],
              [
                13.451111173961737,
                50.34147103391531
              ],
              [
                13.449021013625671,
                50.341757938649316
              ],
              [
                13.449730685234739,
                50.34736595384507
              ],
              [
                13.451164928044655,
                50.347498328124686
              ],
              [
                13.450680644786802,
                50.34954141413558
              ],
              [
                13.445287486742266,
                50.34948055301895
              ],
              [
                13.440952540419698,
                50.35058127138811
              ],
              [
                13.437633839570255,
                50.352410019141296
              ],
              [
                13.43511656608011,
                50.355119885629136
              ],
              [
                13.433932966727895,
                50.35779043564972
              ],
              [
                13.430164095305633,
                50.36242207010928
              ],
              [
                13.433124803760201,
                50.364222812661495
              ],
              [
                13.430578356244308,
                50.366441096012885
              ],
              [
                13.432111965247861,
                50.36701153548417
              ],
              [
                13.43135653697871,
                50.368180418714395
              ],
              [
                13.433620954950868,
                50.368531775847906
              ],
              [
                13.433662255534125,
                50.369201819175466
              ],
              [
                13.43953990037172,
                50.36799690104859
              ],
              [
                13.444697461493927,
                50.369134380320034
              ],
              [
                13.450882262718123,
                50.36723662567671
              ],
              [
                13.452764576362917,
                50.36783268688474
              ],
              [
                13.454637832624641,
                50.36967187075981
              ],
              [
                13.456938961405276,
                50.36985180842244
              ],
              [
                13.46147070072834,
                50.36586242313803
              ],
              [
                13.461659096649935,
                50.367133874437066
              ],
              [
                13.462537620071862,
                50.3671169121524
              ],
              [
                13.466577870930475,
                50.366838115635915
              ],
              [
                13.469636925346487,
                50.36535377924005
              ],
              [
                13.468555133353926,
                50.3668135994767
              ],
              [
                13.469548421121766,
                50.36904804948202
              ],
              [
                13.4754073076469,
                50.36771413347182
              ],
              [
                13.475404820904863,
                50.36656201749774
              ],
              [
                13.47852993591608,
                50.365513162373965
              ],
              [
                13.479191933848522,
                50.36640480323982
              ],
              [
                13.480660899936648,
                50.3666089188876
              ],
              [
                13.481009653793606,
                50.36822994215818
              ],
              [
                13.482728133329925,
                50.36802134984339
              ],
              [
                13.483087401277041,
                50.368930743849305
              ],
              [
                13.484405316514197,
                50.3687354091842
              ],
              [
                13.486898593202794,
                50.37171516324831
              ],
              [
                13.492433318235628,
                50.37052206480118
              ],
              [
                13.492733318838805,
                50.37145644190559
              ],
              [
                13.494718593266622,
                50.37104056315748
              ],
              [
                13.49498685558772,
                50.37179922782431
              ],
              [
                13.497303348553938,
                50.37092882229268
              ],
              [
                13.497095388700378,
                50.373409324695174
              ],
              [
                13.496363678716692,
                50.37352430803371
              ],
              [
                13.49605720228791,
                50.37210764847063
              ],
              [
                13.492659967087961,
                50.37363959580618
              ],
              [
                13.4931627916567,
                50.37472974873231
              ],
              [
                13.48971445360322,
                50.375353544832976
              ],
              [
                13.489843626444904,
                50.37700239734593
              ],
              [
                13.492173840123769,
                50.37660024218267
              ],
              [
                13.49336470845594,
                50.37797881347018
              ],
              [
                13.494265281100146,
                50.37782079089262
              ],
              [
                13.495570625543087,
                50.37999894411517
              ],
              [
                13.491940790904764,
                50.380651859871705
              ],
              [
                13.492238883253226,
                50.38130483983203
              ],
              [
                13.494454442266806,
                50.38107670905423
              ],
              [
                13.496641207953095,
                50.38091168665356
              ],
              [
                13.494848512564934,
                50.3817268088566
              ],
              [
                13.497121174500444,
                50.38124472825775
              ],
              [
                13.498981365857434,
                50.381851261963114
              ],
              [
                13.498676797517266,
                50.38270044208169
              ],
              [
                13.499854817970743,
                50.38198260866502
              ],
              [
                13.50022796906817,
                50.382666403271564
              ],
              [
                13.50134159580234,
                50.38205674517394
              ],
              [
                13.505377679066434,
                50.38254669931647
              ],
              [
                13.505950438641461,
                50.38395830899572
              ],
              [
                13.503961809944927,
                50.38418635847616
              ],
              [
                13.50364287416103,
                50.3847846022262
              ],
              [
                13.50585928804754,
                50.38469115331981
              ],
              [
                13.506464432986187,
                50.38619696082912
              ],
              [
                13.50629167591906,
                50.38462946481799
              ],
              [
                13.508325731319852,
                50.38416062858449
              ],
              [
                13.509432483185629,
                50.3876643826547
              ],
              [
                13.508782093573613,
                50.384025227746854
              ],
              [
                13.509744082359628,
                50.38379105916473
              ],
              [
                13.510828218050888,
                50.38625611106797
              ],
              [
                13.512425273097868,
                50.38596137885106
              ],
              [
                13.512750050536038,
                50.38671220324786
              ],
              [
                13.516393543262913,
                50.38622121230379
              ],
              [
                13.519487011611762,
                50.384112697997274
              ],
              [
                13.521900505990574,
                50.38123538879685
              ],
              [
                13.526666096793894,
                50.38030665709866
              ],
              [
                13.527333472260304,
                50.38097833441403
              ],
              [
                13.529699255537222,
                50.380078931083126
              ],
              [
                13.526180012441245,
                50.37709273643093
              ],
              [
                13.530573720266267,
                50.37436441173092
              ],
              [
                13.530924536825895,
                50.37638822629648
              ],
              [
                13.532280970432168,
                50.37682559186581
              ],
              [
                13.5337239620888,
                50.378492602056795
              ],
              [
                13.536389020390965,
                50.37815610673407
              ],
              [
                13.53844214032898,
                50.38087553132287
              ],
              [
                13.540509607313982,
                50.3808153744883
              ],
              [
                13.541120745706166,
                50.38152766296522
              ],
              [
                13.543348558414388,
                50.38130906931374
              ],
              [
                13.544818427778397,
                50.38312218633223
              ],
              [
                13.549174405643935,
                50.38212883747201
              ],
              [
                13.550105251383982,
                50.38317753075419
              ],
              [
                13.552974746638467,
                50.38074061395443
              ],
              [
                13.555994773499057,
                50.37971444151156
              ],
              [
                13.554061544924277,
                50.377815213422785
              ],
              [
                13.55558867414555,
                50.377383627507896
              ],
              [
                13.556316427439663,
                50.37830813716076
              ],
              [
                13.559122799573641,
                50.377560204240055
              ],
              [
                13.559379356064678,
                50.378006421407754
              ],
              [
                13.552991478020967,
                50.381283923819744
              ],
              [
                13.554810947471214,
                50.38432970308341
              ],
              [
                13.555266646232226,
                50.38736331867804
              ],
              [
                13.548583935843578,
                50.389870661859426
              ],
              [
                13.549006093753304,
                50.39030546208371
              ],
              [
                13.547492951489536,
                50.391000974080875
              ],
              [
                13.549781970219927,
                50.39383117087863
              ],
              [
                13.54460813370208,
                50.395693334749744
              ],
              [
                13.54377990701371,
                50.394561063264035
              ],
              [
                13.539142468766727,
                50.396430942681235
              ],
              [
                13.540129114496885,
                50.39885512436742
              ],
              [
                13.536388196099926,
                50.39954114887558
              ],
              [
                13.537357672596523,
                50.40248716971881
              ],
              [
                13.541112698349073,
                50.40781119114748
              ],
              [
                13.542619428032788,
                50.40907506079561
              ],
              [
                13.543643371183542,
                50.408447965863694
              ],
              [
                13.544379994684776,
                50.408823378926854
              ],
              [
                13.542811334986617,
                50.40969058066677
              ],
              [
                13.542831109452363,
                50.41061054717321
              ],
              [
                13.541588266354568,
                50.41153188822855
              ],
              [
                13.54203495856276,
                50.41270521570056
              ],
              [
                13.543404331595577,
                50.4129996694493
              ],
              [
                13.545452624661268,
                50.41192657194715
              ],
              [
                13.546477310681297,
                50.41318129402249
              ],
              [
                13.548011498216201,
                50.41258982834622
              ],
              [
                13.549999033287015,
                50.41479348090139
              ],
              [
                13.552953056436907,
                50.41660131314893
              ],
              [
                13.55502597556776,
                50.41970740988803
              ],
              [
                13.553618895388706,
                50.42005912811375
              ],
              [
                13.555446669828324,
                50.423008976811126
              ],
              [
                13.557730270039675,
                50.4230761508915
              ],
              [
                13.55725369441618,
                50.42468012771325
              ],
              [
                13.560521170967002,
                50.42477851002125
              ],
              [
                13.56013123957663,
                50.42879898847224
              ]
            ],
            [
              [
                13.620029880385564,
                50.33985216566752
              ],
              [
                13.61958755912258,
                50.33722078877855
              ],
              [
                13.622835572814793,
                50.33560050724899
              ],
              [
                13.623172678969539,
                50.33461707804352
              ],
              [
                13.626833612816345,
                50.334136776261275
              ],
              [
                13.627033708137015,
                50.33553455555053
              ],
              [
                13.635792070330227,
                50.33462582202856
              ],
              [
                13.636697905907466,
                50.343496242829666
              ],
              [
                13.633246716783258,
                50.34147919903015
              ],
              [
                13.632720404648621,
                50.34183614994845
              ],
              [
                13.631917807159708,
                50.341347920532186
              ],
              [
                13.633663409040764,
                50.34304639061005
              ],
              [
                13.633179585382708,
                50.343704596910555
              ],
              [
                13.627817200241587,
                50.34311306951969
              ],
              [
                13.621027108601893,
                50.34292749352921
              ],
              [
                13.621317963654702,
                50.341452834827756
              ],
              [
                13.620029880385564,
                50.33985216566752
              ]
            ]
          ]
        ]
      }
    },
    {
      "type": "Feature",
      "properties": {
        "name": "Litvínov"
      },
      "geometry": {
        "type": "MultiPolygon",
        "coordinates": [
          [
            [
              [
                13.54075750756508,
                50.66990379868798
              ],
              [
                13.538838000656792,
                50.67349152803094
              ],
              [
                13.540640406886595,
                50.67604936284253
              ],
              [
                13.544581545749262,
                50.67797449701664
              ],
              [
                13.544277482029559,
                50.68010968256061
              ],
              [
                13.541956593478751,
                50.682921113048494
              ],
              [
                13.54265038635758,
                50.6837347185882
              ],
              [
                13.54180216128525,
                50.68456547690985
              ],
              [
                13.540700323558442,
                50.6902493573105
              ],
              [
                13.539239746640582,
                50.69189774684036
              ],
              [
                13.535785004005085,
                50.693720146576176
              ],
              [
                13.53398813847727,
                50.696405991210426
              ],
              [
                13.530199462614723,
                50.69755656330119
              ],
              [
                13.527345972825211,
                50.699524332169645
              ],
              [
                13.525876266392402,
                50.70133183708868
              ],
              [
                13.525449362116415,
                50.70481338243328
              ],
              [
                13.533029181438648,
                50.706351359236095
              ],
              [
                13.538822615517434,
                50.7062859092163
              ],
              [
                13.540372175927263,
                50.70762868129718
              ],
              [
                13.54018252524222,
                50.708661933565864
              ],
              [
                13.541630334326472,
                50.709007372230495
              ],
              [
                13.544996038842752,
                50.71160037784195
              ],
              [
                13.548571300639242,
                50.712168086656945
              ],
              [
                13.551420566276327,
                50.71391763949667
              ],
              [
                13.554525763822472,
                50.71485439155054
              ],
              [
                13.558965600990682,
                50.71522816695049
              ],
              [
                13.5689749741415,
                50.71278781207161
              ],
              [
                13.573939948924394,
                50.714156270430486
              ],
              [
                13.579444775622607,
                50.71279215496617
              ],
              [
                13.580963973868851,
                50.71328234671605
              ],
              [
                13.584189519429193,
                50.71289852640766
              ],
              [
                13.584989116290021,
                50.71343927776445
              ],
              [
                13.586895853242662,
                50.713389792053555
              ],
              [
                13.58760785890784,
                50.71295259883527
              ],
              [
                13.586953574680477,
                50.71209022078132
              ],
              [
                13.587547969429849,
                50.709535022184916
              ],
              [
                13.590033289514214,
                50.70671985741777
              ],
              [
                13.58847867226274,
                50.7050627277187
              ],
              [
                13.591878026263112,
                50.70183165631699
              ],
              [
                13.601511301241057,
                50.70050286765359
              ],
              [
                13.611384719904192,
                50.701151287020224
              ],
              [
                13.611228684033875,
                50.699590549515825
              ],
              [
                13.614086707878352,
                50.6996449362863
              ],
              [
                13.6185835011189,
                50.697760843595965
              ],
              [
                13.613458612664902,
                50.69371002827058
              ],
              [
                13.610080733869202,
                50.69248829987826
              ],
              [
                13.611106855706861,
                50.691829642089175
              ],
              [
                13.609948757174505,
                50.6911655868495
              ],
              [
                13.611196083672029,
                50.69000484917834
              ],
              [
                13.61328809440024,
                50.68884214890661
              ],
              [
                13.614991376568813,
                50.689023309416854
              ],
              [
                13.61899159931648,
                50.69092248559808
              ],
              [
                13.620535748078538,
                50.69076325694076
              ],
              [
                13.62223321276354,
                50.68938877946309
              ],
              [
                13.62224052272346,
                50.68764999445269
              ],
              [
                13.62456658997167,
                50.688922413782535
              ],
              [
                13.622558415914074,
                50.687098583656756
              ],
              [
                13.62329375575178,
                50.68547364968441
              ],
              [
                13.629431943855232,
                50.68625328829552
              ],
              [
                13.632096100998899,
                50.68595048921772
              ],
              [
                13.633036516783447,
                50.684668587679084
              ],
              [
                13.629091110394718,
                50.68372435563618
              ],
              [
                13.62902748912723,
                50.68167452854389
              ],
              [
                13.626376331225973,
                50.6812815506129
              ],
              [
                13.628268884099485,
                50.68054236204617
              ],
              [
                13.628368785135871,
                50.67947969760409
              ],
              [
                13.624319053998251,
                50.679875257134334
              ],
              [
                13.61909002195111,
                50.67785430292921
              ],
              [
                13.630721814449455,
                50.67405442140342
              ],
              [
                13.635226963163543,
                50.67034861996331
              ],
              [
                13.632458938564962,
                50.66945056410372
              ],
              [
                13.628157842057156,
                50.67011194182837
              ],
              [
                13.625934839886417,
                50.669279849587255
              ],
              [
                13.623057869085944,
                50.664842952198896
              ],
              [
                13.621103516821647,
                50.66412988534881
              ],
              [
                13.617318177696163,
                50.661237629022416
              ],
              [
                13.61739757932078,
                50.65964386197696
              ],
              [
                13.61426756981029,
                50.65582292367351
              ],
              [
                13.61521657333723,
                50.65365317657027
              ],
              [
                13.619747649854522,
                50.65306764789564
              ],
              [
                13.623697174225274,
                50.6513135096304
              ],
              [
                13.634356942276492,
                50.650448427290456
              ],
              [
                13.635467904292774,
                50.647828646309634
              ],
              [
                13.639933891384485,
                50.644513110653314
              ],
              [
                13.642163623795645,
                50.64365549847004
              ],
              [
                13.646033538738648,
                50.64345826308951
              ],
              [
                13.647745347567902,
                50.64261255854673
              ],
              [
                13.649482419927876,
                50.63768558409139
              ],
              [
                13.652895275471243,
                50.634515074184996
              ],
              [
                13.655499644994931,
                50.630726267952284
              ],
              [
                13.655169150480535,
                50.62835684640197
              ],
              [
                13.656201888339739,
                50.628604871263335
              ],
              [
                13.65659298796441,
                50.626228880889975
              ],
              [
                13.661138211766882,
                50.62187691174404
              ],
              [
                13.664146829855623,
                50.62088903405354
              ],
              [
                13.664772963548511,
                50.62176451788701
              ],
              [
                13.668865310125721,
                50.619891008336126
              ],
              [
                13.670364819764862,
                50.61992173217142
              ],
              [
                13.672816076752692,
                50.6211005878183
              ],
              [
                13.673944942196254,
                50.62076224723744
              ],
              [
                13.672339437577127,
                50.61985843604269
              ],
              [
                13.662714734643258,
                50.61807744781411
              ],
              [
                13.660618254335265,
                50.615280249872825
              ],
              [
                13.658088435337373,
                50.61398216837145
              ],
              [
                13.657672226741816,
                50.61272160905659
              ],
              [
                13.659086048582344,
                50.612221496702915
              ],
              [
                13.656871304641056,
                50.610953131006994
              ],
              [
                13.660783564428481,
                50.60562876701912
              ],
              [
                13.664289239320935,
                50.60496969988734
              ],
              [
                13.66589847996309,
                50.60348179157141
              ],
              [
                13.66887233831415,
                50.60266621708365
              ],
              [
                13.6759277463678,
                50.60159417345258
              ],
              [
                13.681959028962712,
                50.60076417584816
              ],
              [
                13.684506228677753,
                50.601345273218456
              ],
              [
                13.68521344330699,
                50.60088191677833
              ],
              [
                13.684958762728904,
                50.59894656538621
              ],
              [
                13.687920795674481,
                50.59877049740158
              ],
              [
                13.687260468264142,
                50.59800879831934
              ],
              [
                13.68449903818113,
                50.598090283222376
              ],
              [
                13.684702489243236,
                50.596101106365104
              ],
              [
                13.685517888232878,
                50.59602842518258
              ],
              [
                13.685194571590042,
                50.59386524294956
              ],
              [
                13.686902011886781,
                50.59289409931939
              ],
              [
                13.688301141891111,
                50.593467136104756
              ],
              [
                13.685098414974421,
                50.588559328311575
              ],
              [
                13.684958303564558,
                50.58500393561593
              ],
              [
                13.68605935971508,
                50.58517958895519
              ],
              [
                13.689002744648027,
                50.58396637246144
              ],
              [
                13.692761491705095,
                50.586260448438054
              ],
              [
                13.691494152252785,
                50.58763285938034
              ],
              [
                13.702342802388113,
                50.58402859085106
              ],
              [
                13.699703794157433,
                50.58301844122054
              ],
              [
                13.705255108585773,
                50.581250154623355
              ],
              [
                13.702879530547667,
                50.57943301252482
              ],
              [
                13.705493471924935,
                50.579285472117974
              ],
              [
                13.705391958140936,
                50.57864064675637
              ],
              [
                13.70945154700667,
                50.57834996058979
              ],
              [
                13.709276811844571,
                50.57773271588797
              ],
              [
                13.705347812013693,
                50.57798166635252
              ],
              [
                13.702758828716798,
                50.570494987636856
              ],
              [
                13.70183096581727,
                50.57071167349634
              ],
              [
                13.700556149407046,
                50.56993377279977
              ],
              [
                13.697831702736195,
                50.5706862769719
              ],
              [
                13.695092931765418,
                50.570323512598414
              ],
              [
                13.696663631826617,
                50.56955366866669
              ],
              [
                13.6961894450098,
                50.567327105197755
              ],
              [
                13.69742796368197,
                50.56692036503257
              ],
              [
                13.693397788575774,
                50.559282062769014
              ],
              [
                13.690524631822342,
                50.55965005111488
              ],
              [
                13.68383447880658,
                50.55756697466689
              ],
              [
                13.682838915704826,
                50.554021566033654
              ],
              [
                13.68184122431516,
                50.554687350912225
              ],
              [
                13.68279337531336,
                50.5578130103957
              ],
              [
                13.681108735632437,
                50.55822568579878
              ],
              [
                13.676502532313178,
                50.55319012576467
              ],
              [
                13.666971783543874,
                50.55630817605921
              ],
              [
                13.669443648909823,
                50.55955956721426
              ],
              [
                13.664897587532664,
                50.56032392339545
              ],
              [
                13.662870842041258,
                50.56238444350953
              ],
              [
                13.66372534029718,
                50.56384346752063
              ],
              [
                13.662750037412373,
                50.56456422723269
              ],
              [
                13.661978861315395,
                50.56430115185394
              ],
              [
                13.661440548264112,
                50.56510861903253
              ],
              [
                13.660104130118272,
                50.56503982055639
              ],
              [
                13.659418647222198,
                50.5631325568033
              ],
              [
                13.657941362736896,
                50.562849869422855
              ],
              [
                13.657989609633198,
                50.56197485216462
              ],
              [
                13.653214269197814,
                50.56111852757176
              ],
              [
                13.65324455209476,
                50.55835233082264
              ],
              [
                13.652210227544943,
                50.55832946077315
              ],
              [
                13.64997396990231,
                50.55668284889965
              ],
              [
                13.63457146261963,
                50.551897739733995
              ],
              [
                13.632694706996054,
                50.54936271652136
              ],
              [
                13.629087051513222,
                50.54831141483348
              ],
              [
                13.62586664019348,
                50.54971945445222
              ],
              [
                13.627235169639587,
                50.547578034253675
              ],
              [
                13.623913126765375,
                50.544028918603516
              ],
              [
                13.621820261523734,
                50.54479067235468
              ],
              [
                13.618407071029983,
                50.543002902911766
              ],
              [
                13.612065117732296,
                50.54759462164691
              ],
              [
                13.61072100662472,
                50.54687468809271
              ],
              [
                13.609722443860797,
                50.54723546089227
              ],
              [
                13.608122417677972,
                50.54668930254953
              ],
              [
                13.604362522821855,
                50.54317452770247
              ],
              [
                13.601479547287674,
                50.54460492126573
              ],
              [
                13.599279423769687,
                50.54142532376
              ],
              [
                13.591963595349842,
                50.54073751934245
              ],
              [
                13.588579803726335,
                50.54279999147754
              ],
              [
                13.583667366596877,
                50.54391278755057
              ],
              [
                13.573447088426683,
                50.5428400557718
              ],
              [
                13.567912822366077,
                50.54307982721876
              ],
              [
                13.558711954737651,
                50.54122587357131
              ],
              [
                13.556080942319648,
                50.5426173500683
              ],
              [
                13.551615769780215,
                50.5434955654243
              ],
              [
                13.544286675463708,
                50.541480272577196
              ],
              [
                13.545214261274642,
                50.54046865398177
              ],
              [
                13.539731964597149,
                50.537263080762834
              ],
              [
                13.538043316049597,
                50.53694330022219
              ],
              [
                13.534580993866562,
                50.53846075514402
              ],
              [
                13.533845657913547,
                50.538072783264994
              ],
              [
                13.516418086003204,
                50.54524354779261
              ],
              [
                13.513779358979647,
                50.54562910077375
              ],
              [
                13.5082976796995,
                50.54252160720712
              ],
              [
                13.507451613722354,
                50.54369635813264
              ],
              [
                13.503219229200715,
                50.544769090289826
              ],
              [
                13.501525512984744,
                50.54581962194862
              ],
              [
                13.503054754561582,
                50.54747426099917
              ],
              [
                13.50203524876755,
                50.548598125820824
              ],
              [
                13.498670200810608,
                50.54707088815607
              ],
              [
                13.496488673734051,
                50.54845387496163
              ],
              [
                13.493855616500714,
                50.546480069698895
              ],
              [
                13.487392772041009,
                50.542752757246795
              ],
              [
                13.485264590487745,
                50.54200351098004
              ],
              [
                13.484371471960603,
                50.54329164856927
              ],
              [
                13.479827855224473,
                50.541259594040525
              ],
              [
                13.47719139372244,
                50.54356625728965
              ],
              [
                13.477670302846894,
                50.547978918567686
              ],
              [
                13.476130542847566,
                50.549920804323946
              ],
              [
                13.473873352541398,
                50.55164922070315
              ],
              [
                13.468404783603228,
                50.55366663802057
              ],
              [
                13.466861642858758,
                50.55514835409393
              ],
              [
                13.467259943748942,
                50.561288933095256
              ],
              [
                13.466108142595015,
                50.56343045946121
              ],
              [
                13.462996886117017,
                50.56331978968509
              ],
              [
                13.45672699015509,
                50.561633102874396
              ],
              [
                13.454241967351324,
                50.564366235017665
              ],
              [
                13.45178670954214,
                50.563703294383394
              ],
              [
                13.45071001191092,
                50.562252561357596
              ],
              [
                13.450513319303012,
                50.55968585732532
              ],
              [
                13.444421012295473,
                50.55628322694824
              ],
              [
                13.442533726576936,
                50.556885568733925
              ],
              [
                13.436265946734164,
                50.55397608160225
              ],
              [
                13.435564810129206,
                50.554011982507085
              ],
              [
                13.435141884893982,
                50.556211838050096
              ],
              [
                13.43591451212848,
                50.557228810137595
              ],
              [
                13.435089214687988,
                50.55833749262032
              ],
              [
                13.43422406605407,
                50.55890933726472
              ],
              [
                13.432186889110374,
                50.55868751173135
              ],
              [
                13.431027206656378,
                50.56012995993392
              ],
              [
                13.430365834318595,
                50.563372054258934
              ],
              [
                13.433122685854661,
                50.56972774334034
              ],
              [
                13.434783354195536,
                50.57101627973135
              ],
              [
                13.43810356855797,
                50.57015459859268
              ],
              [
                13.44117078862827,
                50.571035594731626
              ],
              [
                13.444946732100558,
                50.57392581947107
              ],
              [
                13.447565022423287,
                50.57497039624918
              ],
              [
                13.446522949408344,
                50.57680024919288
              ],
              [
                13.436066477038777,
                50.58110298635614
              ],
              [
                13.432969430450969,
                50.58340548522134
              ],
              [
                13.433945409048073,
                50.584673935467315
              ],
              [
                13.439562121459247,
                50.58648602832502
              ],
              [
                13.44096665197102,
                50.587729768388094
              ],
              [
                13.434998493774561,
                50.58693385702812
              ],
              [
                13.432991578313018,
                50.58368402577519
              ],
              [
                13.431478429909221,
                50.58335640806339
              ],
              [
                13.431120033675471,
                50.58263844164313
              ],
              [
                13.425488914909613,
                50.58236248683432
              ],
              [
                13.424039490699332,
                50.58184504418785
              ],
              [
                13.424618505692418,
                50.5812603141304
              ],
              [
                13.423752881409783,
                50.58079589219997
              ],
              [
                13.420279880196242,
                50.579652613923976
              ],
              [
                13.418193501020482,
                50.57976931844336
              ],
              [
                13.417716690671199,
                50.58040742427726
              ],
              [
                13.416294476792316,
                50.5782613447434
              ],
              [
                13.417590780266138,
                50.578731961085616
              ],
              [
                13.419937751303182,
                50.57744377829817
              ],
              [
                13.422054165004015,
                50.57782713161637
              ],
              [
                13.422146695681342,
                50.57698615439455
              ],
              [
                13.420413252799715,
                50.57517849876845
              ],
              [
                13.418957628266647,
                50.57656865437108
              ],
              [
                13.417171625217732,
                50.575859368003805
              ],
              [
                13.415316784465823,
                50.577127457670855
              ],
              [
                13.412600705527232,
                50.575094104623275
              ],
              [
                13.411462615933571,
                50.57505585216802
              ],
              [
                13.409752028319891,
                50.57713985591361
              ],
              [
                13.406446450265456,
                50.577181602560444
              ],
              [
                13.403009883579012,
                50.578023350572195
              ],
              [
                13.402861002944059,
                50.57878761996171
              ],
              [
                13.401706080323608,
                50.579196487966406
              ],
              [
                13.402214339889436,
                50.58042598389654
              ],
              [
                13.400301586075129,
                50.58133112817487
              ],
              [
                13.398693556481271,
                50.58178981723437
              ],
              [
                13.392275310800574,
                50.58114146183644
              ],
              [
                13.389513307203337,
                50.58206191698419
              ],
              [
                13.387484891823368,
                50.58397824882735
              ],
              [
                13.387664447107783,
                50.5868661586183
              ],
              [
                13.384972128742398,
                50.58803825186052
              ],
              [
                13.382849206949752,
                50.58807982017889
              ],
              [
                13.381765140665365,
                50.58899951330397
              ],
              [
                13.380462937651389,
                50.5889266689375
              ],
              [
                13.378269769163659,
                50.59113788281884
              ],
              [
                13.375676121147576,
                50.59235044532594
              ],
              [
                13.375654790949365,
                50.59307740722829
              ],
              [
                13.375392359387547,
                50.59372995168778
              ],
              [
                13.37235573136815,
                50.59467865583541
              ],
              [
                13.372158660217915,
                50.59591477725982
              ],
              [
                13.371016764153053,
                50.5960474953058
              ],
              [
                13.366231930130603,
                50.59906790507033
              ],
              [
                13.366972043453039,
                50.59943096663834
              ],
              [
                13.365407015083894,
                50.60322099768693
              ],
              [
                13.366737860716023,
                50.60472735301901
              ],
              [
                13.368547296120877,
                50.60542327008056
              ],
              [
                13.365241780127072,
                50.606727343600056
              ],
              [
                13.364108583528344,
                50.60805140552282
              ],
              [
                13.366041475830217,
                50.611653615317266
              ],
              [
                13.365223516492177,
                50.61302292069516
              ],
              [
                13.362456931659604,
                50.61460190260521
              ],
              [
                13.361776908954758,
                50.61668621329951
              ],
              [
                13.364462834610315,
                50.61844288826064
              ],
              [
                13.367989063405206,
                50.61954243529445
              ],
              [
                13.370197349222483,
                50.62522561617817
              ],
              [
                13.377078027004721,
                50.62743543468706
              ],
              [
                13.378038241781136,
                50.628723604806446
              ],
              [
                13.374389562093658,
                50.63301238323415
              ],
              [
                13.375215072170343,
                50.63502157481109
              ],
              [
                13.374444435648744,
                50.635612215798226
              ],
              [
                13.375730678858602,
                50.637019276835304
              ],
              [
                13.373708823689624,
                50.63797154195156
              ],
              [
                13.374862268091093,
                50.63910443385334
              ],
              [
                13.373670817091686,
                50.64136343977973
              ],
              [
                13.374693447917272,
                50.641596809481115
              ],
              [
                13.373148509393305,
                50.644310259728044
              ],
              [
                13.372723170207166,
                50.6481210472637
              ],
              [
                13.370651873585738,
                50.6503579833318
              ],
              [
                13.371256750118832,
                50.65123946707743
              ],
              [
                13.37590020678174,
                50.650771076792715
              ],
              [
                13.379019373075373,
                50.647309894354876
              ],
              [
                13.383017927906172,
                50.645271709816015
              ],
              [
                13.386025622638684,
                50.6471974559449
              ],
              [
                13.392020490414051,
                50.64705081689785
              ],
              [
                13.391518848426367,
                50.644728721576875
              ],
              [
                13.392404337673074,
                50.64402729607315
              ],
              [
                13.392588065805539,
                50.6421016486467
              ],
              [
                13.395004511075498,
                50.64210442740506
              ],
              [
                13.395449737327674,
                50.64104982994744
              ],
              [
                13.39676852221732,
                50.640919916151084
              ],
              [
                13.397164711560658,
                50.63917588888698
              ],
              [
                13.401299587549898,
                50.637404871918626
              ],
              [
                13.402519994041368,
                50.635474764130656
              ],
              [
                13.40357606089697,
                50.635814851892285
              ],
              [
                13.405653130971324,
                50.63502530888832
              ],
              [
                13.406326313920585,
                50.63128463847684
              ],
              [
                13.407649968460024,
                50.62936482072705
              ],
              [
                13.407215333928985,
                50.62872746215434
              ],
              [
                13.408662917590277,
                50.628128123643705
              ],
              [
                13.409804759072928,
                50.62501490737442
              ],
              [
                13.413702941629895,
                50.62234300382877
              ],
              [
                13.413864235192936,
                50.620934710450484
              ],
              [
                13.412316608952791,
                50.61902713384101
              ],
              [
                13.415047572602717,
                50.618139272229726
              ],
              [
                13.415076814767977,
                50.617041327942175
              ],
              [
                13.416340638971738,
                50.61638878050273
              ],
              [
                13.418872221279198,
                50.61580644158478
              ],
              [
                13.423621870050956,
                50.61704015432426
              ],
              [
                13.425765225574866,
                50.616906945264404
              ],
              [
                13.427324623557352,
                50.61585356459748
              ],
              [
                13.425165487884557,
                50.613304900986115
              ],
              [
                13.429193031076158,
                50.61115573007287
              ],
              [
                13.435976095163529,
                50.61069695539287
              ],
              [
                13.441475119268823,
                50.61162119895811
              ],
              [
                13.442734801701999,
                50.61058078128041
              ],
              [
                13.444119462557305,
                50.61040402242765
              ],
              [
                13.444390541153778,
                50.609692596153096
              ],
              [
                13.446502614958348,
                50.60958140737498
              ],
              [
                13.44950319920071,
                50.60818877221408
              ],
              [
                13.451106162143668,
                50.6063361444055
              ],
              [
                13.460312135468495,
                50.60460510185787
              ],
              [
                13.462732122268768,
                50.6021949477491
              ],
              [
                13.46487438697527,
                50.602141364743616
              ],
              [
                13.465868879162976,
                50.602719222620905
              ],
              [
                13.467158527095824,
                50.60533773128142
              ],
              [
                13.46661348645507,
                50.606343213891954
              ],
              [
                13.470820624805379,
                50.608084659912144
              ],
              [
                13.470879374210416,
                50.60956432011175
              ],
              [
                13.473496703758865,
                50.61033203710868
              ],
              [
                13.475115617669898,
                50.61219369315889
              ],
              [
                13.477747958512385,
                50.61279544749567
              ],
              [
                13.476994002081774,
                50.61460383275236
              ],
              [
                13.4774999969201,
                50.615700809795065
              ],
              [
                13.48068606459553,
                50.6171778157179
              ],
              [
                13.4825746562445,
                50.619749801652546
              ],
              [
                13.484474758223971,
                50.619677701235034
              ],
              [
                13.487096847416467,
                50.62209702168689
              ],
              [
                13.488206743172352,
                50.622053267255914
              ],
              [
                13.493753238298785,
                50.62449422987813
              ],
              [
                13.496285140001955,
                50.62827013759141
              ],
              [
                13.496055428416984,
                50.63067615591308
              ],
              [
                13.497825310709718,
                50.63239702892956
              ],
              [
                13.501848234193844,
                50.63305058053309
              ],
              [
                13.502502099073803,
                50.63439867481502
              ],
              [
                13.505769990672679,
                50.6353916041182
              ],
              [
                13.508462411216547,
                50.635466509896176
              ],
              [
                13.512732156919416,
                50.63667247025659
              ],
              [
                13.517309769682926,
                50.636675363995785
              ],
              [
                13.518356549579027,
                50.637381166628224
              ],
              [
                13.524504709138407,
                50.63944371576224
              ],
              [
                13.524610334023835,
                50.641348075541636
              ],
              [
                13.523254903308068,
                50.642919309165514
              ],
              [
                13.525129447498987,
                50.64891933809166
              ],
              [
                13.52614996753782,
                50.64982915709019
              ],
              [
                13.51733516316615,
                50.64886260641726
              ],
              [
                13.516585586846313,
                50.65017047583289
              ],
              [
                13.513147745559989,
                50.65232853363423
              ],
              [
                13.512994027152974,
                50.65419448027227
              ],
              [
                13.514173452491896,
                50.65607654850097
              ],
              [
                13.51714401738746,
                50.65739062737818
              ],
              [
                13.517937181880532,
                50.65955735174542
              ],
              [
                13.524421839581631,
                50.66324525220448
              ],
              [
                13.52686883389021,
                50.66613533922471
              ],
              [
                13.530566531946945,
                50.66851633375869
              ],
              [
                13.532509390355001,
                50.66907739413208
              ],
              [
                13.539651450805952,
                50.66803248224508
              ],
              [
                13.54075750756508,
                50.66990379868798
              ]
            ]
          ]
        ]
      }
    },
    {
      "type": "Feature",
      "properties": {
        "name": "Chomutov"
      },
      "geometry": {
        "type": "MultiPolygon",
        "coordinates": [
          [
            [
              [
                13.236472227802428,
                50.57172039065931
              ],
              [
                13.235953823121921,
                50.574044072802685
              ],
              [
                13.23373234889999,
                50.57657759600552
              ],
              [
                13.23453493304467,
                50.57693683769629
              ],
              [
                13.23312547877083,
                50.57865884265563
              ],
              [
                13.234026897023826,
                50.57889650911535
              ],
              [
                13.23329271151628,
                50.57959612568357
              ],
              [
                13.237641809874294,
                50.58045271107489
              ],
              [
                13.239733111969342,
                50.58506089143878
              ],
              [
                13.243802256785896,
                50.58639642550655
              ],
              [
                13.245911197545842,
                50.58644806161192
              ],
              [
                13.247710707312287,
                50.58743364743305
              ],
              [
                13.248557331739276,
                50.59250028274943
              ],
              [
                13.252127664688153,
                50.59431575497246
              ],
              [
                13.252038421837112,
                50.59511255498084
              ],
              [
                13.255440166648462,
                50.59577580650928
              ],
              [
                13.257356013165744,
                50.59516798285961
              ],
              [
                13.260218245461473,
                50.59264109074514
              ],
              [
                13.264960988730927,
                50.5932327931315
              ],
              [
                13.278913340778516,
                50.593393183016
              ],
              [
                13.282260092660524,
                50.59157472199694
              ],
              [
                13.284911325335688,
                50.58794556193538
              ],
              [
                13.283801194990303,
                50.58637863147271
              ],
              [
                13.285923060045608,
                50.581708758798264
              ],
              [
                13.287339444440956,
                50.57980652618336
              ],
              [
                13.290573345535575,
                50.57790409351015
              ],
              [
                13.291297712449252,
                50.57535466507789
              ],
              [
                13.296021657430343,
                50.577046180691916
              ],
              [
                13.297850968951069,
                50.578585806476404
              ],
              [
                13.300522069686393,
                50.579267584738744
              ],
              [
                13.305276909318344,
                50.57987337398424
              ],
              [
                13.309700706179832,
                50.57932636714912
              ],
              [
                13.314422085971769,
                50.57979728070178
              ],
              [
                13.31946973904272,
                50.58129402019935
              ],
              [
                13.32329817029935,
                50.58149194337082
              ],
              [
                13.325297607670988,
                50.58326619513799
              ],
              [
                13.32418214142076,
                50.58569772396333
              ],
              [
                13.324631652083042,
                50.58799891238986
              ],
              [
                13.321401210174532,
                50.58997530822107
              ],
              [
                13.32180215911403,
                50.594674834054565
              ],
              [
                13.32310295707843,
                50.597815569216365
              ],
              [
                13.321054490980698,
                50.59963826913487
              ],
              [
                13.321178232323556,
                50.601014555587746
              ],
              [
                13.319487376267537,
                50.602308855044086
              ],
              [
                13.326070450264359,
                50.60505554781297
              ],
              [
                13.324994351644941,
                50.60887110655007
              ],
              [
                13.332042438168061,
                50.608335167731894
              ],
              [
                13.334896184988814,
                50.607110421009516
              ],
              [
                13.335891786823801,
                50.61050210616361
              ],
              [
                13.338902918684013,
                50.61131624350955
              ],
              [
                13.337586646941325,
                50.612152572983476
              ],
              [
                13.337818138839621,
                50.61310444549913
              ],
              [
                13.343919559354665,
                50.61320109141213
              ],
              [
                13.34904751643124,
                50.61494714563478
              ],
              [
                13.351900140406455,
                50.614305981179456
              ],
              [
                13.35400391867896,
                50.616110325350114
              ],
              [
                13.35896396272581,
                50.616624239313616
              ],
              [
                13.360079018365228,
                50.617774296214755
              ],
              [
                13.360421134992807,
                50.61982284224079
              ],
              [
                13.363326923209168,
                50.619571919708584
              ],
              [
                13.364462834610315,
                50.61844288826064
              ],
              [
                13.361776908954758,
                50.61668621329951
              ],
              [
                13.362456931659604,
                50.61460190260521
              ],
              [
                13.365223516492177,
                50.61302292069516
              ],
              [
                13.366041475830217,
                50.611653615317266
              ],
              [
                13.364108583528344,
                50.60805140552282
              ],
              [
                13.365241780127072,
                50.606727343600056
              ],
              [
                13.368547296120877,
                50.60542327008056
              ],
              [
                13.366737860716023,
                50.60472735301901
              ],
              [
                13.365407015083894,
                50.60322099768693
              ],
              [
                13.366972043453039,
                50.59943096663834
              ],
              [
                13.366231930130603,
                50.59906790507033
              ],
              [
                13.371016764153053,
                50.5960474953058
              ],
              [
                13.372158660217915,
                50.59591477725982
              ],
              [
                13.37235573136815,
                50.59467865583541
              ],
              [
                13.375392359387547,
                50.59372995168778
              ],
              [
                13.375654790949365,
                50.59307740722829
              ],
              [
                13.375676121147576,
                50.59235044532594
              ],
              [
                13.378269769163659,
                50.59113788281884
              ],
              [
                13.380462937651389,
                50.5889266689375
              ],
              [
                13.381765140665365,
                50.58899951330397
              ],
              [
                13.382849206949752,
                50.58807982017889
              ],
              [
                13.384972128742398,
                50.58803825186052
              ],
              [
                13.387664447107783,
                50.5868661586183
              ],
              [
                13.387484891823368,
                50.58397824882735
              ],
              [
                13.389513307203337,
                50.58206191698419
              ],
              [
                13.392275310800574,
                50.58114146183644
              ],
              [
                13.398693556481271,
                50.58178981723437
              ],
              [
                13.400301586075129,
                50.58133112817487
              ],
              [
                13.402214339889436,
                50.58042598389654
              ],
              [
                13.401706080323608,
                50.579196487966406
              ],
              [
                13.402861002944059,
                50.57878761996171
              ],
              [
                13.403009883579012,
                50.578023350572195
              ],
              [
                13.406446450265456,
                50.577181602560444
              ],
              [
                13.409752028319891,
                50.57713985591361
              ],
              [
                13.411462615933571,
                50.57505585216802
              ],
              [
                13.412600705527232,
                50.575094104623275
              ],
              [
                13.415316784465823,
                50.577127457670855
              ],
              [
                13.417171625217732,
                50.575859368003805
              ],
              [
                13.418957628266647,
                50.57656865437108
              ],
              [
                13.420413252799715,
                50.57517849876845
              ],
              [
                13.422146695681342,
                50.57698615439455
              ],
              [
                13.422054165004015,
                50.57782713161637
              ],
              [
                13.419937751303182,
                50.57744377829817
              ],
              [
                13.417590780266138,
                50.578731961085616
              ],
              [
                13.416294476792316,
                50.5782613447434
              ],
              [
                13.417716690671199,
                50.58040742427726
              ],
              [
                13.418193501020482,
                50.57976931844336
              ],
              [
                13.420279880196242,
                50.579652613923976
              ],
              [
                13.423752881409783,
                50.58079589219997
              ],
              [
                13.424618505692418,
                50.5812603141304
              ],
              [
                13.424039490699332,
                50.58184504418785
              ],
              [
                13.425488914909613,
                50.58236248683432
              ],
              [
                13.431120033675471,
                50.58263844164313
              ],
              [
                13.431478429909221,
                50.58335640806339
              ],
              [
                13.432991578313018,
                50.58368402577519
              ],
              [
                13.434998493774561,
                50.58693385702812
              ],
              [
                13.44096665197102,
                50.587729768388094
              ],
              [
                13.439562121459247,
                50.58648602832502
              ],
              [
                13.433945409048073,
                50.584673935467315
              ],
              [
                13.432969430450969,
                50.58340548522134
              ],
              [
                13.436066477038777,
                50.58110298635614
              ],
              [
                13.446522949408344,
                50.57680024919288
              ],
              [
                13.447565022423287,
                50.57497039624918
              ],
              [
                13.444946732100558,
                50.57392581947107
              ],
              [
                13.44117078862827,
                50.571035594731626
              ],
              [
                13.43810356855797,
                50.57015459859268
              ],
              [
                13.434783354195536,
                50.57101627973135
              ],
              [
                13.433122685854661,
                50.56972774334034
              ],
              [
                13.430365834318595,
                50.563372054258934
              ],
              [
                13.431027206656378,
                50.56012995993392
              ],
              [
                13.432186889110374,
                50.55868751173135
              ],
              [
                13.43422406605407,
                50.55890933726472
              ],
              [
                13.435089214687988,
                50.55833749262032
              ],
              [
                13.43591451212848,
                50.557228810137595
              ],
              [
                13.435141884893982,
                50.556211838050096
              ],
              [
                13.435564810129206,
                50.554011982507085
              ],
              [
                13.436265946734164,
                50.55397608160225
              ],
              [
                13.442533726576936,
                50.556885568733925
              ],
              [
                13.444421012295473,
                50.55628322694824
              ],
              [
                13.450513319303012,
                50.55968585732532
              ],
              [
                13.45071001191092,
                50.562252561357596
              ],
              [
                13.45178670954214,
                50.563703294383394
              ],
              [
                13.454241967351324,
                50.564366235017665
              ],
              [
                13.45672699015509,
                50.561633102874396
              ],
              [
                13.462996886117017,
                50.56331978968509
              ],
              [
                13.466108142595015,
                50.56343045946121
              ],
              [
                13.467259943748942,
                50.561288933095256
              ],
              [
                13.466861642858758,
                50.55514835409393
              ],
              [
                13.468404783603228,
                50.55366663802057
              ],
              [
                13.473873352541398,
                50.55164922070315
              ],
              [
                13.476130542847566,
                50.549920804323946
              ],
              [
                13.477670302846894,
                50.547978918567686
              ],
              [
                13.47719139372244,
                50.54356625728965
              ],
              [
                13.479827855224473,
                50.541259594040525
              ],
              [
                13.484371471960603,
                50.54329164856927
              ],
              [
                13.485264590487745,
                50.54200351098004
              ],
              [
                13.487392772041009,
                50.542752757246795
              ],
              [
                13.493855616500714,
                50.546480069698895
              ],
              [
                13.49283723173127,
                50.543577310698915
              ],
              [
                13.506231858537484,
                50.53331822620139
              ],
              [
                13.507297897213698,
                50.53160179710671
              ],
              [
                13.506395745711133,
                50.52971516272529
              ],
              [
                13.509283939221435,
                50.523156563716434
              ],
              [
                13.507415354093906,
                50.52277741941849
              ],
              [
                13.508725342415115,
                50.52032877614841
              ],
              [
                13.50943785735466,
                50.52078395462627
              ],
              [
                13.511219416864774,
                50.51986508355254
              ],
              [
                13.507012542418606,
                50.51804491360453
              ],
              [
                13.507407032130264,
                50.517486100210895
              ],
              [
                13.511071263081881,
                50.51896407333821
              ],
              [
                13.511273297586023,
                50.517989831539346
              ],
              [
                13.50667800928961,
                50.51573491675542
              ],
              [
                13.51335308347126,
                50.51267865648203
              ],
              [
                13.511531739897954,
                50.51167868058138
              ],
              [
                13.512878746103345,
                50.51097997697558
              ],
              [
                13.513917704250959,
                50.511861554639616
              ],
              [
                13.516608899081476,
                50.511488012736166
              ],
              [
                13.5205477091776,
                50.51384251294721
              ],
              [
                13.52358685714062,
                50.51454060771343
              ],
              [
                13.523978728434873,
                50.513505419468636
              ],
              [
                13.521310246315739,
                50.51309939554355
              ],
              [
                13.521378601002999,
                50.51195228854749
              ],
              [
                13.522583668101468,
                50.511489192226556
              ],
              [
                13.520108952238422,
                50.51009818638053
              ],
              [
                13.521648650015798,
                50.508626815865185
              ],
              [
                13.521918612173875,
                50.50721688816883
              ],
              [
                13.520783116537096,
                50.508040621141795
              ],
              [
                13.520292233235722,
                50.507803146824614
              ],
              [
                13.521168948917715,
                50.50689349842492
              ],
              [
                13.519681850098461,
                50.50605595982609
              ],
              [
                13.52111710064428,
                50.504861076004275
              ],
              [
                13.52114819984079,
                50.50543650690824
              ],
              [
                13.522049712593544,
                50.50547095877388
              ],
              [
                13.527828521914634,
                50.504634672410454
              ],
              [
                13.528349057352054,
                50.50330705210435
              ],
              [
                13.525618739785397,
                50.50324061951271
              ],
              [
                13.525917448643462,
                50.50189880573561
              ],
              [
                13.524256316077762,
                50.502351322236784
              ],
              [
                13.524705969342648,
                50.50157384403659
              ],
              [
                13.522466653184685,
                50.50069215991734
              ],
              [
                13.52297238268434,
                50.49959968281652
              ],
              [
                13.52552414109894,
                50.49992358688263
              ],
              [
                13.52537134862189,
                50.4994394394773
              ],
              [
                13.52684359673592,
                50.499135230637144
              ],
              [
                13.52929831178163,
                50.49721889004639
              ],
              [
                13.53373191239102,
                50.48895009802307
              ],
              [
                13.54082019587614,
                50.48897997922397
              ],
              [
                13.553189537237246,
                50.48782765299358
              ],
              [
                13.555408620763588,
                50.48705210615299
              ],
              [
                13.561318171436609,
                50.481644130018374
              ],
              [
                13.559177748020414,
                50.48119197162309
              ],
              [
                13.55760785032625,
                50.474384918704054
              ],
              [
                13.556307085872442,
                50.47452460458658
              ],
              [
                13.554545130548524,
                50.471958984778595
              ],
              [
                13.553360486746005,
                50.47234933121319
              ],
              [
                13.550965269666706,
                50.469970758463795
              ],
              [
                13.548589829971332,
                50.4659317038747
              ],
              [
                13.546333912704158,
                50.46658661975042
              ],
              [
                13.544739859765395,
                50.46235739476229
              ],
              [
                13.551446175532883,
                50.46102160313055
              ],
              [
                13.549960046593865,
                50.458405066399536
              ],
              [
                13.551460736511347,
                50.458103123973096
              ],
              [
                13.549644401596645,
                50.454208927109995
              ],
              [
                13.557661334752765,
                50.45289963946883
              ],
              [
                13.564320620629847,
                50.45076092867777
              ],
              [
                13.56365861402094,
                50.445815688994614
              ],
              [
                13.566411118495417,
                50.44552705036948
              ],
              [
                13.57018092187237,
                50.44621331612855
              ],
              [
                13.56624949310206,
                50.444583437063045
              ],
              [
                13.567694919022815,
                50.437801181392445
              ],
              [
                13.56540563614939,
                50.43788999220013
              ],
              [
                13.56472595251807,
                50.436588447151
              ],
              [
                13.562285595872815,
                50.43516687740134
              ],
              [
                13.559748668997958,
                50.430428302924845
              ],
              [
                13.560182116138135,
                50.42878711645242
              ],
              [
                13.56013123957663,
                50.42879898847224
              ],
              [
                13.560521170967002,
                50.42477851002125
              ],
              [
                13.55725369441618,
                50.42468012771325
              ],
              [
                13.557730270039675,
                50.4230761508915
              ],
              [
                13.555446669828324,
                50.423008976811126
              ],
              [
                13.553618895388706,
                50.42005912811375
              ],
              [
                13.55502597556776,
                50.41970740988803
              ],
              [
                13.552953056436907,
                50.41660131314893
              ],
              [
                13.549999033287015,
                50.41479348090139
              ],
              [
                13.548011498216201,
                50.41258982834622
              ],
              [
                13.546477310681297,
                50.41318129402249
              ],
              [
                13.545452624661268,
                50.41192657194715
              ],
              [
                13.543404331595577,
                50.4129996694493
              ],
              [
                13.54203495856276,
                50.41270521570056
              ],
              [
                13.541588266354568,
                50.41153188822855
              ],
              [
                13.542831109452363,
                50.41061054717321
              ],
              [
                13.542811334986617,
                50.40969058066677
              ],
              [
                13.544379994684776,
                50.408823378926854
              ],
              [
                13.543643371183542,
                50.408447965863694
              ],
              [
                13.542619428032788,
                50.40907506079561
              ],
              [
                13.541112698349073,
                50.40781119114748
              ],
              [
                13.537357672596523,
                50.40248716971881
              ],
              [
                13.536388196099926,
                50.39954114887558
              ],
              [
                13.540129114496885,
                50.39885512436742
              ],
              [
                13.539142468766727,
                50.396430942681235
              ],
              [
                13.54377990701371,
                50.394561063264035
              ],
              [
                13.54460813370208,
                50.395693334749744
              ],
              [
                13.549781970219927,
                50.39383117087863
              ],
              [
                13.547492951489536,
                50.391000974080875
              ],
              [
                13.549006093753304,
                50.39030546208371
              ],
              [
                13.548583935843578,
                50.389870661859426
              ],
              [
                13.555266646232226,
                50.38736331867804
              ],
              [
                13.554810947471214,
                50.38432970308341
              ],
              [
                13.552991478020967,
                50.381283923819744
              ],
              [
                13.559379356064678,
                50.378006421407754
              ],
              [
                13.559122799573641,
                50.377560204240055
              ],
              [
                13.556316427439663,
                50.37830813716076
              ],
              [
                13.55558867414555,
                50.377383627507896
              ],
              [
                13.554061544924277,
                50.377815213422785
              ],
              [
                13.555994773499057,
                50.37971444151156
              ],
              [
                13.552974746638467,
                50.38074061395443
              ],
              [
                13.550105251383982,
                50.38317753075419
              ],
              [
                13.549174405643935,
                50.38212883747201
              ],
              [
                13.544818427778397,
                50.38312218633223
              ],
              [
                13.543348558414388,
                50.38130906931374
              ],
              [
                13.541120745706166,
                50.38152766296522
              ],
              [
                13.540509607313982,
                50.3808153744883
              ],
              [
                13.53844214032898,
                50.38087553132287
              ],
              [
                13.536389020390965,
                50.37815610673407
              ],
              [
                13.5337239620888,
                50.378492602056795
              ],
              [
                13.532280970432168,
                50.37682559186581
              ],
              [
                13.530924536825895,
                50.37638822629648
              ],
              [
                13.530573720266267,
                50.37436441173092
              ],
              [
                13.526180012441245,
                50.37709273643093
              ],
              [
                13.529699255537222,
                50.380078931083126
              ],
              [
                13.527333472260304,
                50.38097833441403
              ],
              [
                13.526666096793894,
                50.38030665709866
              ],
              [
                13.521900505990574,
                50.38123538879685
              ],
              [
                13.519487011611762,
                50.384112697997274
              ],
              [
                13.516393543262913,
                50.38622121230379
              ],
              [
                13.512750050536038,
                50.38671220324786
              ],
              [
                13.512425273097868,
                50.38596137885106
              ],
              [
                13.510828218050888,
                50.38625611106797
              ],
              [
                13.509744082359628,
                50.38379105916473
              ],
              [
                13.508782093573613,
                50.384025227746854
              ],
              [
                13.509432483185629,
                50.3876643826547
              ],
              [
                13.508325731319852,
                50.38416062858449
              ],
              [
                13.50629167591906,
                50.38462946481799
              ],
              [
                13.506464432986187,
                50.38619696082912
              ],
              [
                13.50585928804754,
                50.38469115331981
              ],
              [
                13.50364287416103,
                50.3847846022262
              ],
              [
                13.503961809944927,
                50.38418635847616
              ],
              [
                13.505950438641461,
                50.38395830899572
              ],
              [
                13.505377679066434,
                50.38254669931647
              ],
              [
                13.50134159580234,
                50.38205674517394
              ],
              [
                13.50022796906817,
                50.382666403271564
              ],
              [
                13.499854817970743,
                50.38198260866502
              ],
              [
                13.498676797517266,
                50.38270044208169
              ],
              [
                13.498981365857434,
                50.381851261963114
              ],
              [
                13.497121174500444,
                50.38124472825775
              ],
              [
                13.494848512564934,
                50.3817268088566
              ],
              [
                13.496641207953095,
                50.38091168665356
              ],
              [
                13.494454442266806,
                50.38107670905423
              ],
              [
                13.492238883253226,
                50.38130483983203
              ],
              [
                13.491940790904764,
                50.380651859871705
              ],
              [
                13.495570625543087,
                50.37999894411517
              ],
              [
                13.494265281100146,
                50.37782079089262
              ],
              [
                13.49336470845594,
                50.37797881347018
              ],
              [
                13.492173840123769,
                50.37660024218267
              ],
              [
                13.489843626444904,
                50.37700239734593
              ],
              [
                13.48971445360322,
                50.375353544832976
              ],
              [
                13.4931627916567,
                50.37472974873231
              ],
              [
                13.492659967087961,
                50.37363959580618
              ],
              [
                13.49605720228791,
                50.37210764847063
              ],
              [
                13.496363678716692,
                50.37352430803371
              ],
              [
                13.497095388700378,
                50.373409324695174
              ],
              [
                13.497303348553938,
                50.37092882229268
              ],
              [
                13.49498685558772,
                50.37179922782431
              ],
              [
                13.494718593266622,
                50.37104056315748
              ],
              [
                13.492733318838805,
                50.37145644190559
              ],
              [
                13.492433318235628,
                50.37052206480118
              ],
              [
                13.486898593202794,
                50.37171516324831
              ],
              [
                13.484405316514197,
                50.3687354091842
              ],
              [
                13.483087401277041,
                50.368930743849305
              ],
              [
                13.482728133329925,
                50.36802134984339
              ],
              [
                13.481009653793606,
                50.36822994215818
              ],
              [
                13.480660899936648,
                50.3666089188876
              ],
              [
                13.479191933848522,
                50.36640480323982
              ],
              [
                13.47852993591608,
                50.365513162373965
              ],
              [
                13.475404820904863,
                50.36656201749774
              ],
              [
                13.4754073076469,
                50.36771413347182
              ],
              [
                13.469548421121766,
                50.36904804948202
              ],
              [
                13.468555133353926,
                50.3668135994767
              ],
              [
                13.469636925346487,
                50.36535377924005
              ],
              [
                13.466577870930475,
                50.366838115635915
              ],
              [
                13.462537620071862,
                50.3671169121524
              ],
              [
                13.461659096649935,
                50.367133874437066
              ],
              [
                13.46147070072834,
                50.36586242313803
              ],
              [
                13.456938961405276,
                50.36985180842244
              ],
              [
                13.454637832624641,
                50.36967187075981
              ],
              [
                13.452764576362917,
                50.36783268688474
              ],
              [
                13.450882262718123,
                50.36723662567671
              ],
              [
                13.444697461493927,
                50.369134380320034
              ],
              [
                13.43953990037172,
                50.36799690104859
              ],
              [
                13.433662255534125,
                50.369201819175466
              ],
              [
                13.430222827805979,
                50.3688996390485
              ],
              [
                13.428437521762515,
                50.3681602634413
              ],
              [
                13.42416411077864,
                50.36354762173177
              ],
              [
                13.42478813590826,
                50.36187258358272
              ],
              [
                13.430477351840265,
                50.35871589162211
              ],
              [
                13.430947009346685,
                50.35664801720118
              ],
              [
                13.430191545599177,
                50.3547791081184
              ],
              [
                13.426639671419696,
                50.35335986036817
              ],
              [
                13.421086103012833,
                50.35262878543949
              ],
              [
                13.421424716677988,
                50.35192456267193
              ],
              [
                13.41576039653487,
                50.349056221503254
              ],
              [
                13.41504401648286,
                50.346988966133786
              ],
              [
                13.41436556769798,
                50.347115847925465
              ],
              [
                13.41701565708407,
                50.362941047275136
              ],
              [
                13.408278645935418,
                50.36200271182293
              ],
              [
                13.388191890709257,
                50.36276947610139
              ],
              [
                13.374593741323098,
                50.354178469403465
              ],
              [
                13.360216431929919,
                50.35037642424621
              ],
              [
                13.346380650786454,
                50.35191679747905
              ],
              [
                13.343405062205527,
                50.35849172808831
              ],
              [
                13.344762585824544,
                50.36082962988578
              ],
              [
                13.345858190235312,
                50.36168622661188
              ],
              [
                13.348983948725472,
                50.360864387406565
              ],
              [
                13.35175617138434,
                50.35897792411934
              ],
              [
                13.353780581396645,
                50.356409642879285
              ],
              [
                13.356390401368,
                50.35541854759638
              ],
              [
                13.358540155310694,
                50.35594620296018
              ],
              [
                13.359428800431699,
                50.35661427195903
              ],
              [
                13.355486857124275,
                50.359620467223294
              ],
              [
                13.354609186075953,
                50.363429125352894
              ],
              [
                13.355456194108259,
                50.36477278046229
              ],
              [
                13.354728915412602,
                50.365230091025815
              ],
              [
                13.357004792601026,
                50.36763743039315
              ],
              [
                13.360557518495165,
                50.36921658259681
              ],
              [
                13.362912333437468,
                50.3695232263956
              ],
              [
                13.364593504971587,
                50.36860726143667
              ],
              [
                13.365912727880758,
                50.37123543402565
              ],
              [
                13.358680074416315,
                50.37259985894151
              ],
              [
                13.359053216213598,
                50.37454740854089
              ],
              [
                13.363266287088623,
                50.374106188604664
              ],
              [
                13.364599766235626,
                50.377930719942974
              ],
              [
                13.365901966708389,
                50.377536148325454
              ],
              [
                13.368470567364284,
                50.38211015889352
              ],
              [
                13.371258863359621,
                50.38181820557546
              ],
              [
                13.371659576643129,
                50.38335473862228
              ],
              [
                13.375388277533656,
                50.381993119218244
              ],
              [
                13.376997471256898,
                50.38321057609723
              ],
              [
                13.372231933239053,
                50.38535054655609
              ],
              [
                13.373276013367272,
                50.390808854775415
              ],
              [
                13.370742077939479,
                50.39272688701291
              ],
              [
                13.369779566610186,
                50.3945297465345
              ],
              [
                13.371236656398759,
                50.398771223763475
              ],
              [
                13.366908327941177,
                50.39786454804898
              ],
              [
                13.36726551865959,
                50.39863469156687
              ],
              [
                13.36539535686497,
                50.39903943215263
              ],
              [
                13.365936907220759,
                50.4001165066056
              ],
              [
                13.362215657855565,
                50.40122234443266
              ],
              [
                13.357677062351359,
                50.402194216858376
              ],
              [
                13.356331836378205,
                50.40119389225689
              ],
              [
                13.350943113020064,
                50.402601478844545
              ],
              [
                13.350043287548681,
                50.40357677583143
              ],
              [
                13.346649388439907,
                50.39956113574101
              ],
              [
                13.33637456581808,
                50.40339358213851
              ],
              [
                13.33579580960707,
                50.402577610178724
              ],
              [
                13.319863959856775,
                50.4059607540306
              ],
              [
                13.318613495613382,
                50.40638179833311
              ],
              [
                13.319737931053085,
                50.40728240795994
              ],
              [
                13.316510206293959,
                50.40814305488075
              ],
              [
                13.316482533034774,
                50.40915098697676
              ],
              [
                13.306427269828283,
                50.41238563639594
              ],
              [
                13.303820191800995,
                50.41497612120167
              ],
              [
                13.306261473420218,
                50.41647863069435
              ],
              [
                13.301617109315993,
                50.41776994357376
              ],
              [
                13.300808007734398,
                50.41981808283313
              ],
              [
                13.296162251675621,
                50.42017372446056
              ],
              [
                13.299308585706834,
                50.424217744985825
              ],
              [
                13.292423713844515,
                50.42102773773893
              ],
              [
                13.28969185737908,
                50.42300934389547
              ],
              [
                13.28878700077172,
                50.4254615718395
              ],
              [
                13.287584643046383,
                50.42570560882015
              ],
              [
                13.287904324376507,
                50.426675529768026
              ],
              [
                13.289120580464319,
                50.427087718810874
              ],
              [
                13.288438429273901,
                50.427788116515856
              ],
              [
                13.292953166938611,
                50.42957459019778
              ],
              [
                13.28867906513283,
                50.42928402250399
              ],
              [
                13.286195879327455,
                50.430148438086164
              ],
              [
                13.285940865847058,
                50.42847047682716
              ],
              [
                13.28040781408545,
                50.42784996117081
              ],
              [
                13.272612579912858,
                50.42964758406919
              ],
              [
                13.26787685256555,
                50.42975872810721
              ],
              [
                13.268773411805629,
                50.4325602142593
              ],
              [
                13.267140697168387,
                50.43250758797551
              ],
              [
                13.266013496105895,
                50.431049861231045
              ],
              [
                13.26187966445325,
                50.43110514644996
              ],
              [
                13.259000756726746,
                50.43506964265162
              ],
              [
                13.261704190778286,
                50.437723259439586
              ],
              [
                13.261914920469613,
                50.43921472712722
              ],
              [
                13.260227336728276,
                50.44000985000151
              ],
              [
                13.259912209251466,
                50.44144304784656
              ],
              [
                13.256483472168398,
                50.442729362849605
              ],
              [
                13.255437657251186,
                50.44426901757762
              ],
              [
                13.246194119610035,
                50.44456713999415
              ],
              [
                13.243588870728344,
                50.44166287767368
              ],
              [
                13.24186893038795,
                50.44198404467326
              ],
              [
                13.240486721010948,
                50.443469935320145
              ],
              [
                13.237319938857583,
                50.44230679827815
              ],
              [
                13.22557173175361,
                50.43978169530759
              ],
              [
                13.220811003581705,
                50.43985528416285
              ],
              [
                13.219094614215505,
                50.440676521180464
              ],
              [
                13.218535815849688,
                50.43976362888931
              ],
              [
                13.219735806491425,
                50.43768591851642
              ],
              [
                13.2175601294408,
                50.43778677813667
              ],
              [
                13.217142859441731,
                50.439524593428146
              ],
              [
                13.206891844716724,
                50.434800285037376
              ],
              [
                13.204635978100661,
                50.43652254446646
              ],
              [
                13.20503975747825,
                50.438920633549635
              ],
              [
                13.204764463238583,
                50.44079524544639
              ],
              [
                13.199083364278444,
                50.445352596000305
              ],
              [
                13.196329303849916,
                50.452022196561664
              ],
              [
                13.189922531565507,
                50.45180440501693
              ],
              [
                13.183293139183332,
                50.45237786942718
              ],
              [
                13.18474223492278,
                50.455130244636806
              ],
              [
                13.18374037219458,
                50.45961220827014
              ],
              [
                13.187465424825481,
                50.464743710316235
              ],
              [
                13.18909462092516,
                50.46524613717552
              ],
              [
                13.193975004408214,
                50.464948580661705
              ],
              [
                13.197760388173316,
                50.46572266467693
              ],
              [
                13.191726755561728,
                50.46861113552884
              ],
              [
                13.190568913168313,
                50.46815531575052
              ],
              [
                13.187708130189696,
                50.4683853631453
              ],
              [
                13.179694290900578,
                50.47324341877794
              ],
              [
                13.186372824504996,
                50.504191136517484
              ],
              [
                13.188719596271406,
                50.50440261241502
              ],
              [
                13.193852189615182,
                50.50365618787447
              ],
              [
                13.196113509320352,
                50.503927691644776
              ],
              [
                13.197522197446327,
                50.506313609574455
              ],
              [
                13.195625370479148,
                50.50918176685458
              ],
              [
                13.196725576840773,
                50.51115705556265
              ],
              [
                13.194712364654812,
                50.51468458158983
              ],
              [
                13.195368651184289,
                50.51654257804721
              ],
              [
                13.203439213035045,
                50.52012906128917
              ],
              [
                13.205605751148411,
                50.52044764825126
              ],
              [
                13.20776072823962,
                50.52205643813449
              ],
              [
                13.209553193897277,
                50.52603663713903
              ],
              [
                13.209108520259697,
                50.52852929209358
              ],
              [
                13.209916103396942,
                50.53080916616273
              ],
              [
                13.212665929158298,
                50.53332106413872
              ],
              [
                13.215472573189079,
                50.534456305059216
              ],
              [
                13.216390995808776,
                50.53637974648242
              ],
              [
                13.21869302793291,
                50.53802103679265
              ],
              [
                13.219727592864897,
                50.54095172239486
              ],
              [
                13.22228881762543,
                50.542374199457015
              ],
              [
                13.221138377946277,
                50.544638024767735
              ],
              [
                13.221944138408864,
                50.54644043341451
              ],
              [
                13.228524592022259,
                50.548908647067215
              ],
              [
                13.22963189924053,
                50.550561703653266
              ],
              [
                13.228574880456202,
                50.55327282336925
              ],
              [
                13.228829486755961,
                50.555623633362515
              ],
              [
                13.227451896644421,
                50.55703347150559
              ],
              [
                13.224057825970984,
                50.55771419823139
              ],
              [
                13.22445930621262,
                50.558158097231775
              ],
              [
                13.223435675001127,
                50.558877275405926
              ],
              [
                13.22440131475731,
                50.56175940934215
              ],
              [
                13.2228171274705,
                50.56290071695984
              ],
              [
                13.223232912558242,
                50.56386151414719
              ],
              [
                13.22468667991853,
                50.564424808136486
              ],
              [
                13.224743140573967,
                50.56550453870359
              ],
              [
                13.22618487126461,
                50.56670992157839
              ],
              [
                13.235259594981391,
                50.570087087439525
              ],
              [
                13.236472227802428,
                50.57172039065931
              ]
            ]
          ]
        ]
      }
    }
  ]
}